"Geography","County","State",2014,2010,2000,1990,1980,1970,1960,1950,1940,1930,1920,1910,1900,1890,1880,1870,1860,1850,1840,1830,1820,1810,1800
"Abbeville","Wilcox","Georgia",2809,2908,2298,907,985,781,872,890,1010,1018,1119,1201,1152,657,61,0,0,0,0,0,0,0,0
"Acworth","Cobb","Georgia",21867,20425,13422,4519,3648,3929,2359,1466,1267,1163,1117,1043,937,815,633,0,0,0,0,0,0,0,0
"Adairsville","Bartow","Georgia",4738,4648,2542,2131,1739,1676,1026,916,827,765,814,751,616,531,391,603,333,0,0,0,0,0,0
"Adel","Cook","Georgia",5339,5334,5307,5093,5592,4972,4321,2776,2134,1796,1720,1902,721,527,0,0,0,0,0,0,0,0,0
"Adrian","Emanuel/Johnson","Georgia",651,664,579,615,756,705,568,503,580,685,740,816,833,0,0,0,0,0,0,0,0,0,0
"Ailey","Montgomery","Georgia",551,432,394,579,579,487,469,508,506,428,385,306,271,0,0,0,0,0,0,0,0,0,0
"Alamo","Wheeler","Georgia",3399,2797,1943,855,993,833,822,800,646,613,563,249,0,0,0,0,0,0,0,0,0,0,0
"Alapaha","Berrien","Georgia",647,668,682,812,771,633,631,505,494,270,503,532,429,449,157,0,0,0,0,0,0,0,0
"Albany","Dougherty","Georgia",75769,77434,76939,78122,74425,72623,55890,31155,19055,14507,11555,8190,4606,4008,3216,2101,1618,0,0,0,0,0,0
"Aldora","Lamar","Georgia",103,103,98,127,139,322,535,591,746,595,365,0,0,0,0,0,0,0,0,0,0,0,0
"Allenhurst","Liberty","Georgia",700,695,788,594,606,230,0,0,0,0,0,0,0,0,0,0,0,0,0,0,0,0,0
"Allentown","Laurens/Twiggs/Wilkinson","Georgia",163,169,287,273,321,295,450,0,0,0,0,0,0,0,0,0,0,0,0,0,0,0,0
"Alma","Bacon","Georgia",3518,3466,3236,3663,3819,3756,3515,2588,1840,1235,1061,458,0,0,0,0,0,0,0,0,0,0,0
"Alpharetta","Milton (Fulton)","Georgia",63038,57551,34854,13002,3128,2455,1349,917,647,477,379,356,310,256,164,126,201,0,0,0,0,0,0
"Alston","Montgomery","Georgia",159,159,159,160,111,104,154,147,213,199,0,0,0,0,0,0,0,0,0,0,0,0,0
"Alto","Banks/Habersham","Georgia",1164,1172,876,651,618,372,275,302,217,219,168,109,74,0,0,0,0,0,0,0,0,0,0
"Ambrose","Coffee","Georgia",376,380,320,288,360,253,244,0,0,0,0,0,0,0,0,0,0,0,0,0,0,0,0
"Americus","Sumter","Georgia",16283,17041,17013,16512,16120,16091,13472,11389,9281,8760,9010,8063,7674,6398,3635,3259,0,0,0,0,0,0,0
"Andersonville","Sumter","Georgia",241,255,331,277,267,274,263,281,211,231,196,174,245,0,308,0,0,0,0,0,0,0,0
"Arabi","Crisp","Georgia",568,586,456,433,376,305,303,376,388,452,532,433,505,0,0,0,0,0,0,0,0,0,0
"Aragon","Polk","Georgia",1232,1249,1039,902,855,0,0,0,0,0,0,0,0,0,0,0,0,0,0,0,0,0,0
"Arcade","Jackson","Georgia",1782,1786,1643,697,223,229,108,114,98,94,108,0,0,0,0,0,0,0,0,0,0,0,0
"Argyle","Clinch","Georgia",213,212,151,206,206,206,225,244,278,311,332,180,0,0,0,0,0,0,0,0,0,0,0
"Arlington","Calhoun/Early","Georgia",1409,1479,1602,1513,1572,1698,1462,1382,1337,1232,1331,1308,755,417,250,0,0,0,0,0,0,0,0
"Arnoldsville","Oglethorpe","Georgia",349,357,312,275,187,181,0,0,0,0,0,0,0,0,0,0,0,0,0,0,0,0,0
"Ashburn","Turner","Georgia",3791,4152,4419,4827,4766,4209,3291,2918,2266,2073,2116,2214,1301,403,0,0,0,0,0,0,0,0,0
"Athens-Clarke County unified government (balance)","Clarke","Georgia",119648,115452,100266,45734,42549,44342,31355,28180,20650,18192,16748,14913,10245,8639,6099,4251,3848,1661,0,0,0,273,0
"Atlanta","Dekalb/Fulton","Georgia",456002,420003,416474,394017,425022,495039,487455,331314,302288,270366,200616,154839,89872,65533,37409,21789,9554,2572,0,0,0,0,0
"Attapulgus","Decatur","Georgia",438,449,492,380,623,513,567,457,315,416,0,0,0,0,255,267,0,0,0,0,0,0,0
"Auburn","Barrow","Georgia",7254,6887,6904,3139,692,361,374,301,286,230,290,217,161,0,0,0,0,0,0,0,0,0,0
"Augusta-Richmond County consolidated government (balance)","Richmond","Georgia",196741,195844,195182,44639,47532,59864,70626,71508,65919,60342,52548,41040,39441,33300,21891,15389,12493,9448,6403,0,0,2476,2215
"Austell","Cobb","Georgia",6985,6581,5359,4173,3939,2632,1867,1413,1229,963,758,755,648,582,0,0,0,0,0,0,0,0,0
"Avalon","Stephens","Georgia",204,213,278,159,200,204,194,151,113,59,100,60,0,0,0,0,0,0,0,0,0,0,0
"Avera","Jefferson","Georgia",237,246,217,215,248,217,197,230,298,258,258,228,0,0,0,0,0,0,0,0,0,0,0
"Avondale Estates","DeKalb","Georgia",2832,2960,2609,2209,1313,1735,1646,1070,569,535,0,0,0,0,0,0,0,0,0,0,0,0,0
"Baconton","Mitchell","Georgia",879,915,804,623,763,710,564,500,504,498,568,391,0,0,0,0,0,0,0,0,0,0,0
"Bainbridge","Decatur","Georgia",12496,12697,11722,10712,10553,10887,12714,7562,6352,6141,4792,4217,2641,1668,1436,1351,1869,0,0,0,0,0,0
"Baldwin","Banks/Habersham","Georgia",3309,3279,2425,1439,1080,772,698,490,402,319,193,280,130,0,0,0,0,0,0,0,0,0,0
"Ball Ground","Cherokee","Georgia",1658,1433,730,905,640,617,707,700,711,706,809,443,302,296,0,0,0,0,0,0,0,0,0
"Barnesville","Lamar","Georgia",6670,6755,5972,4747,4887,4935,4919,4185,3535,3236,3059,3068,3036,1839,1962,754,0,0,0,0,0,0,0
"Bartow","Jefferson","Georgia",268,286,223,292,357,333,366,347,438,416,582,384,286,437,248,0,0,0,0,0,0,0,0
"Barwick","Brooks/Thomas","Georgia",378,386,444,385,413,432,400,436,409,499,422,381,0,0,0,0,0,0,0,0,0,0,0
"Baxley","Appling","Georgia",4463,4400,4150,3841,3586,3503,4268,3409,2916,2122,1142,831,488,337,110,0,0,0,0,0,0,0,0
"Bellville","Evans","Georgia",123,123,130,192,173,234,0,0,0,0,0,0,0,0,0,0,0,0,0,0,0,0,0
"Berkeley Lake","Gwinnett","Georgia",1983,1574,1695,791,503,219,94,0,0,0,0,0,0,0,0,0,0,0,0,0,0,0,0
"Berlin","Colquitt","Georgia",562,551,595,480,538,422,419,309,322,250,0,0,0,0,0,0,0,0,0,0,0,0,0
"Bethlehem","Barrow","Georgia",652,601,716,348,281,304,297,240,242,209,246,209,0,0,0,0,0,0,0,0,0,0,0
"Between","Walton","Georgia",314,296,148,82,87,94,80,120,115,106,101,104,0,0,0,0,0,0,0,0,0,0,0
"Bibb City","Muscogee","Georgia",,,510,597,667,812,1213,1452,1631,1707,1090,463,0,0,0,0,0,0,0,0,0,0,0
"Bishop","Oconee","Georgia",238,224,146,158,172,235,214,253,217,241,300,268,0,0,0,0,0,0,0,0,0,0,0
"Blackshear","Pierce","Georgia",3549,3445,3283,3263,3222,2624,2482,2271,2010,1817,1329,1235,876,656,778,490,319,0,0,0,0,0,0
"Blairsville","Union","Georgia",553,652,659,564,530,491,437,430,458,298,230,203,141,114,101,0,0,0,0,0,0,0,0
"Blakely","Early","Georgia",4795,5068,5696,5595,5880,5267,3580,3234,2774,2106,1985,1838,804,441,279,0,0,0,0,0,0,0,0
"Bloomingdale","Chatham","Georgia",2760,2713,2665,2271,1855,0,0,0,0,0,0,0,0,0,0,0,0,0,0,0,0,0,0
"Blue Ridge","Fannin","Georgia",1263,1290,1210,1336,1376,1602,1406,1718,1362,1190,904,898,1148,264,0,0,0,0,0,0,0,0,0
"Bluffton","Clay","Georgia",101,103,118,138,132,105,176,244,246,292,301,325,312,298,76,0,0,0,0,0,0,0,0
"Blythe","Burke/Richmond","Georgia",704,721,718,300,367,333,172,268,181,209,0,0,0,0,0,0,0,0,0,0,0,0,0
"Bogart","Oconee (Clark)","Georgia",1036,1034,1049,1018,819,667,403,459,379,346,430,257,0,0,0,0,0,0,0,0,0,0,0
"Boston","Thomas","Georgia",1322,1315,1417,1395,1424,1443,1357,1035,1099,1243,1640,1130,722,646,360,0,0,0,0,0,0,0,0
"Bostwick","Morgan","Georgia",366,365,322,307,357,289,272,287,318,298,424,333,0,0,0,0,0,0,0,0,0,0,0
"Bowdon","Carroll","Georgia",2053,2040,1959,1981,1743,1753,1548,1155,1024,1024,1047,541,307,354,333,350,304,0,0,0,0,0,0
"Bowersville","Hart","Georgia",463,465,334,311,318,301,293,303,284,271,390,398,294,275,0,0,0,0,0,0,0,0,0
"Bowman","Elbert","Georgia",825,862,898,791,890,724,654,714,634,604,730,738,367,323,0,0,0,0,0,0,0,0,0
"Braselton","Jackson","Georgia",8727,7511,1206,418,308,386,255,165,197,189,148,0,0,0,0,0,0,0,0,0,0,0,0
"Braswell","Paulding/Polk","Georgia",384,379,80,247,282,30,14,25,56,76,58,95,100,0,0,0,0,0,0,0,0,0,0
"Bremen","Haralson","Georgia",6290,6227,4579,4356,3966,3484,3132,2299,1708,1030,917,890,291,312,0,0,0,0,0,0,0,0,0
"Brinson","Decatur","Georgia",211,215,225,238,274,231,246,248,305,368,470,707,0,0,0,0,0,0,0,0,0,0,0
"Bronwood","Terrell","Georgia",392,225,513,513,524,500,400,337,437,485,520,465,359,406,0,0,0,0,0,0,0,0,0
"Brookhaven","DeKalb","Georgia",51079,0,0,0,0,0,0,0,0,0,0,0,0,0,0,0,0,0,0,0,0,0,0
"Brooklet","Bulloch","Georgia",1419,1395,1113,1013,1035,683,557,536,503,536,600,361,0,0,0,0,0,0,0,0,0,0,0
"Brooks","Fayette","Georgia",540,524,553,328,199,172,158,136,134,223,256,0,0,0,0,0,0,0,0,0,0,0,0
"Broxton","Coffee","Georgia",1182,1189,1428,1211,1117,957,907,890,908,830,696,1040,0,0,0,0,0,0,0,0,0,0,0
"Brunswick","Glynn","Georgia",15903,15383,15600,16433,17605,19585,21703,17954,15035,14022,14413,10182,9081,8459,2891,2348,825,0,0,0,0,36,0
"Buchanan","Haralson","Georgia",1145,1104,941,1009,1019,800,753,651,504,429,491,462,359,324,158,0,0,0,0,0,0,0,0
"Buckhead","Morgan","Georgia",171,171,205,176,219,177,169,220,214,273,451,384,240,0,0,0,0,0,0,0,0,0,0
"Buena Vista","Marion","Georgia",2216,2173,1664,1472,1544,1486,1574,1428,1161,1097,1230,1016,1161,788,529,525,0,530,0,0,0,0,0
"Buford","Gwinnett","Georgia",13392,12225,10668,8771,6578,4640,4168,3812,4191,3357,2500,1683,1352,496,896,0,0,0,0,0,0,0,0
"Butler","Taylor","Georgia",1928,1972,1907,1673,1959,1589,1346,1182,1093,857,758,705,707,712,0,0,0,0,0,0,0,0,0
"Byromville","Dooly","Georgia",526,546,415,452,567,419,349,288,275,315,414,300,0,0,0,0,0,0,0,0,0,0,0
"Byron","Peach","Georgia",4947,4512,2887,2276,1661,1368,1138,379,305,318,0,0,0,0,137,0,0,0,0,0,0,0,0
"Cadwell","Laurens","Georgia",534,528,329,458,353,354,360,310,291,208,274,154,0,0,0,0,0,0,0,0,0,0,0
"Cairo","Grady","Georgia",9806,9607,9239,9035,8777,8061,7427,5577,4653,3169,1908,1505,690,521,275,0,0,0,0,0,0,0,0
"Calhoun","Gordon","Georgia",16052,15650,10667,7135,5563,4748,3587,3231,2955,2371,1955,1652,851,680,510,427,0,0,0,0,0,0,0
"Camak","Warren","Georgia",132,138,165,220,283,224,285,379,360,345,303,241,115,0,0,0,0,0,0,0,0,0,0
"Camilla","Mitchell","Georgia",5010,5360,5669,5008,5414,4987,4753,3745,2588,2025,2136,1827,1051,866,672,289,0,0,0,0,0,0,0
"Canon","Franklin (Hart)","Georgia",802,804,755,737,704,709,626,596,496,568,1132,728,0,0,0,0,0,0,0,0,0,0,0
"Canton","Cherokee","Georgia",24801,22958,7709,4817,3601,3654,2411,2716,2651,2892,2679,2002,847,659,363,214,0,0,0,0,0,0,0
"Carl","Barrow","Georgia",208,255,205,263,239,234,204,214,135,112,125,166,0,0,0,0,0,0,0,0,0,0,0
"Carlton","Madison","Georgia",261,260,233,282,291,294,321,249,284,344,342,325,277,0,0,0,0,0,0,0,0,0,0
"Carnesville","Franklin","Georgia",578,577,541,514,465,510,481,349,361,404,400,322,305,275,184,266,0,0,0,0,0,88,0
"Carrollton","Carroll","Georgia",26690,24388,19843,16029,14078,13520,10973,7753,6214,5052,4363,3297,1998,1451,926,0,0,0,0,0,0,0,0
"Cartersville","Bartow","Georgia",20015,19731,15925,12035,9247,10138,8668,7270,6141,5250,4350,4067,3135,3171,2037,2232,0,0,0,0,0,0,0
"Cave Spring","Floyd","Georgia",1167,1200,975,950,883,1305,1153,959,982,723,738,805,824,952,835,0,0,0,0,0,0,0,0
"Cecil","Cook","Georgia",280,286,265,376,280,265,279,254,215,275,307,354,394,203,0,0,0,0,0,0,0,0,0
"Cedartown","Polk","Georgia",9723,9750,9470,7978,8619,9253,9340,9470,9025,8124,4053,3551,2823,1625,843,323,0,0,0,0,0,0,0
"Centerville","Houston","Georgia",7584,7148,4278,3251,2622,1725,290,0,0,0,0,0,0,0,0,0,0,0,0,0,0,0,0
"Centralhatchee","Heard","Georgia",397,408,383,301,240,186,174,239,201,176,151,119,0,0,0,0,0,0,0,0,0,0,0
"Chamblee","DeKalb","Georgia",16112,9892,9552,7668,7137,9127,6635,3445,1081,893,253,129,0,0,0,0,0,0,0,0,0,0,0
"Chatsworth","Murray","Georgia",4290,4299,3531,2865,2493,2706,1184,1214,1001,607,472,314,0,0,0,0,0,0,0,0,0,0,0
"Chattahoochee Hills","Fulton","Georgia",2610,2378,0,0,0,0,0,0,0,0,0,0,0,0,0,0,0,0,0,0,0,0,0
"Chauncey","Dodge","Georgia",328,342,295,312,350,308,330,348,387,397,408,350,422,633,0,0,0,0,0,0,0,0,0
"Chester","Dodge","Georgia",1564,1596,305,1072,409,409,377,315,281,267,397,278,0,0,0,0,0,0,0,0,0,0,0
"Chickamauga","Walker","Georgia",3127,3101,2245,2149,2232,1842,1824,1747,1665,1715,965,312,95,0,0,0,0,0,0,0,0,0,0
"Clarkesville","Habersham","Georgia",1751,1733,1248,1151,1348,1294,1352,1106,850,617,542,528,491,396,291,263,0,502,0,0,0,0,0
"Clarkston","DeKalb","Georgia",7846,7554,7231,5385,4539,3127,1524,1165,921,606,501,349,362,271,33,0,0,0,0,0,0,0,0
"Claxton","Evans","Georgia",2364,2746,2276,2464,2694,2669,2672,1923,1808,1584,1265,1008,553,0,0,0,0,0,0,0,0,0,0
"Clayton","Rabun","Georgia",2232,2047,2019,1613,1838,1569,1507,1302,1088,798,677,541,199,0,180,70,0,0,0,0,0,0,0
"Clermont","Hall","Georgia",915,875,419,402,300,290,268,323,297,328,332,0,0,0,0,0,0,0,0,0,0,0,0
"Cleveland","White","Georgia",3727,3410,1907,1653,1578,1353,657,589,471,498,339,0,0,0,197,145,0,0,0,0,0,0,0
"Climax","Decatur","Georgia",274,280,297,226,407,275,3293,73,372,451,345,328,0,0,0,0,0,0,0,0,0,0,0
"Cobbtown","Tattnall","Georgia",350,351,311,338,494,321,2802,88,275,295,325,254,0,0,0,0,0,0,0,0,0,0,0
"Cochran","Bleckley","Georgia",4830,5150,4455,4390,5121,5161,4714,3357,2464,2267,2021,1638,1531,0,0,0,0,0,0,0,0,0,0
"Cohutta","Whitfield","Georgia",634,661,582,529,407,393,0,0,0,0,0,0,0,268,0,0,0,0,0,0,0,0,0
"Colbert","Madison","Georgia",596,592,488,443,498,532,425,407,345,399,428,255,141,0,0,0,0,0,0,0,0,0,0
"Coleman","Randolph","Georgia",,,149,137,164,168,220,295,270,400,342,354,263,211,0,0,0,0,0,0,0,0,0
"College Park","Fulton (Clayton)","Georgia",14598,13942,20382,20457,24632,18203,23469,14535,8213,6604,3622,2173,517,0,0,0,0,0,0,0,0,0,0
"Collins","Tattnall","Georgia",584,584,528,528,639,574,565,638,712,510,505,327,0,0,0,0,0,0,0,0,0,0,0
"Colquitt","Miller","Georgia",1929,1992,1939,1991,2065,2026,1556,1664,1416,832,810,600,320,0,119,0,0,0,0,0,0,0,0
"Columbus","Muscogee","Georgia",200887,189885,185781,178681,169441,155028,116779,79611,53280,43131,31125,20554,17614,17303,10123,7401,9621,5942,3114,1152,0,0,0
"Comer","Madison","Georgia",1132,1126,1052,939,930,828,882,882,811,900,1001,868,336,0,0,0,0,0,0,0,0,0,0
"Commerce","Jackson","Georgia",6580,6544,5292,4108,4092,3702,3551,3351,3294,3002,2459,2238,1454,611,0,0,0,0,0,0,0,0,0
"Concord","Pike","Georgia",374,375,336,211,317,312,333,360,403,447,442,450,231,360,0,0,0,0,0,0,0,0,0
"Conyers","Rockdale","Georgia",15718,15195,10689,7380,6567,4890,2881,2003,1619,1495,1817,1919,1605,1349,1374,637,0,0,0,0,0,0,0
"Coolidge","Thomas","Georgia",526,525,552,610,736,717,679,764,608,498,485,303,0,0,0,0,0,0,0,0,0,0,0
"Cordele","Crisp","Georgia",10939,11147,11608,10321,11184,10733,10609,9462,7929,6880,6538,5883,3473,1578,0,0,0,0,0,0,0,0,0
"Corinth","Heard (Coweta)","Georgia",,,213,136,75,107,105,135,144,101,140,147,0,0,105,0,0,0,0,0,0,0,0
"Cornelia","Habersham","Georgia",4210,4160,3674,3219,3203,3014,2936,2424,1808,1542,1274,1114,467,175,0,0,0,0,0,0,0,0,0
"Covington","Newton","Georgia",13667,13118,11547,10026,10586,10267,8167,5192,3900,3203,3203,2697,2062,1823,1415,1121,0,0,0,0,0,0,0
"Crawford","Oglethorpe","Georgia",816,832,807,694,498,624,541,555,812,538,803,871,308,0,312,0,0,0,0,0,0,0,0
"Crawfordville","Taliaferro","Georgia",525,534,572,577,594,735,786,966,1056,840,784,688,597,584,511,0,0,0,0,0,0,0,0
"Culloden","Monroe","Georgia",177,175,223,242,281,272,260,261,251,337,361,365,334,0,381,0,0,0,0,0,0,0,0
"Cumming","Forsyth","Georgia",5615,5430,4220,2828,2094,2031,1561,1264,958,648,607,305,239,356,250,267,0,0,0,0,0,0,0
"Cusseta-Chattahoochee County unified government","Chattahoochee","Georgia",11837,11267,1196,1107,1218,1251,768,571,357,343,276,341,301,241,166,216,0,0,0,0,0,0,0
"Cuthbert","Randolph","Georgia",3736,3873,3731,3730,4340,3972,4300,4025,3447,3235,3022,3210,2641,2328,2129,2210,0,0,0,0,0,0,0
"Dacula","Gwinnett","Georgia",4971,4442,3848,2217,1577,782,440,369,315,304,244,169,0,0,0,0,0,0,0,0,0,0,0
"Dahlonega","Lumpkin","Georgia",6337,5242,3638,3086,2844,2658,2604,2152,1294,905,690,829,1255,896,602,471,0,735,671,0,0,0,0
"Daisy","Evans","Georgia",144,129,126,138,174,150,229,195,294,214,0,0,0,0,0,0,0,0,0,0,0,0,0
"Dallas","Paulding","Georgia",12629,11544,5056,2810,2508,2133,2065,1817,1922,1412,1245,1259,644,455,169,0,0,0,0,0,0,0,0
"Dalton","Whitfield","Georgia",33529,33128,27912,21761,20581,18872,17868,15968,10448,8160,5222,5324,4315,3046,2516,1809,1649,0,0,0,0,0,0
"Damascus","Early","Georgia",237,254,277,290,403,272,297,402,477,436,373,413,0,0,0,0,0,0,0,0,0,0,0
"Danielsville","Madison","Georgia",573,560,457,318,354,378,362,298,333,296,355,323,194,149,128,0,0,0,0,0,0,0,0
"Danville","Twiggs (Wilkinson)","Georgia",219,238,373,480,529,515,264,461,423,419,436,299,0,0,0,0,0,0,0,0,0,0,0
"Darien","McIntosh","Georgia",1903,1975,1719,1783,1731,1826,1569,1380,1015,937,823,1391,1739,1491,1543,547,570,550,0,0,0,0,0
"Dasher","Lowndes","Georgia",959,912,834,0,0,0,0,0,0,0,0,0,0,0,0,0,0,0,0,0,0,0,0
"Davisboro","Washington","Georgia",1763,2010,1544,407,433,476,417,469,533,654,653,589,387,224,131,0,0,0,0,0,0,0,0
"Dawson","Terrell","Georgia",4358,4540,5058,5295,5699,5383,5062,4411,3681,3827,3504,3827,2926,2284,1576,1099,521,0,0,0,0,0,0
"Dawsonville","Dawson","Georgia",2497,2536,619,467,342,288,307,318,319,203,198,179,217,0,199,0,0,0,0,0,0,0,0
"De Soto","Sumter","Georgia",184,195,214,258,248,321,282,309,295,373,216,228,250,0,0,0,0,0,0,0,0,0,0
"Dearing","McDuffie","Georgia",542,549,441,547,539,555,403,325,273,246,256,0,0,0,0,0,0,0,0,0,0,0,0
"Decatur","DeKalb","Georgia",20380,19335,18147,17336,18404,21943,22026,21635,16561,13276,6150,2466,1418,1013,639,401,0,744,530,0,0,0,0
"Deepstep","Washington","Georgia",129,131,132,111,120,107,139,159,174,180,184,149,0,0,0,0,0,0,0,0,0,0,0
"Demorest","Habersham","Georgia",2047,1823,1465,1088,1130,1070,2029,1166,820,730,686,760,560,208,0,0,0,0,0,0,0,0,0
"Denton","Jeff Davis","Georgia",250,250,269,335,286,244,255,273,254,215,0,0,0,0,0,0,0,0,0,0,0,0,0
"Dexter","Laurens","Georgia",571,575,509,475,527,438,359,264,324,336,481,550,199,0,0,0,0,0,0,0,0,0,0
"Dillard","Rabun","Georgia",335,339,198,199,238,186,204,186,204,210,175,106,0,0,0,0,0,0,0,0,0,0,0
"Doerun","Colquitt","Georgia",779,774,828,899,1062,1157,1037,902,832,719,919,630,325,0,0,0,0,0,0,0,0,0,0
"Donalsonville","Seminole","Georgia",2702,2650,2796,2761,3320,2907,2621,2569,1718,1183,1031,747,519,0,0,0,0,0,0,0,0,0,0
"Dooling","Dooly","Georgia",149,154,163,28,0,0,0,0,0,0,0,0,0,0,0,0,0,0,0,0,0,0,0
"Doraville","DeKalb","Georgia",10714,8330,9862,7626,7414,9157,4437,472,300,195,152,147,0,0,103,0,0,0,0,0,0,0,0
"Douglas","Coffee","Georgia",11665,11589,10639,10464,10980,10195,8736,7428,5175,426,3401,3550,617,0,0,0,0,0,0,0,0,0,0
"Douglasville","Douglas","Georgia",32523,30961,20065,11635,7641,5472,4462,3400,2555,2316,2159,1462,1140,863,286,0,0,0,0,0,0,0,0
"Du Pont","Clinch","Georgia",123,120,139,177,267,252,210,285,332,372,381,342,0,0,0,0,0,0,0,0,0,0,0
"Dublin","Laurens","Georgia",16182,16201,15857,16312,16083,15143,13814,10232,7814,6681,7707,5795,2987,862,574,0,0,0,0,0,0,0,0
"Dudley","Laurens","Georgia",571,571,447,430,425,423,360,272,259,252,227,302,0,0,0,0,0,0,0,0,0,0,0
"Duluth","Gwinnett","Georgia",28838,26600,22122,9029,2956,1810,1483,842,626,608,600,469,336,319,242,0,0,0,0,0,0,0,0
"Dunwoody","DeKalb","Georgia",48000,46267,32808,26302,17768,0,0,0,0,0,0,0,0,0,0,0,0,0,0,0,0,0,0
"East Dublin","Laurens","Georgia",2400,2441,2484,2524,2916,2000,1677,0,0,0,0,0,0,0,0,0,0,0,0,0,0,0,0
"East Ellijay","Gilmer","Georgia",549,546,707,303,469,488,501,549,460,298,285,291,0,0,0,0,0,0,0,0,0,0,0
"East Point","Fulton","Georgia",35488,33712,39595,34402,37486,39315,35633,21080,12403,9512,5241,3682,1315,738,195,0,0,0,0,0,0,0,0
"Eastman","Dodge","Georgia",5331,4962,5440,5153,5330,5416,5118,3597,3311,3022,2707,2355,1235,1082,0,0,0,0,0,0,0,0,0
"Eatonton","Putnam","Georgia",6466,6480,6764,4737,4833,4125,3612,2749,2399,1876,2519,2036,1823,1682,1371,1240,2009,0,516,0,0,0,0
"Edge Hill","Glascock","Georgia",24,24,30,22,53,46,55,0,0,0,0,0,0,0,0,0,0,0,0,0,0,0,0
"Edison","Calhoun","Georgia",1477,1531,1340,1182,1128,1210,1232,1247,1241,1321,885,841,0,0,0,0,0,0,0,0,0,0,0
"Elberton","Elbert","Georgia",4484,4653,4743,5682,5686,6438,7107,6772,6188,4650,6475,6483,3834,1572,927,0,0,0,210,0,0,122,0
"Ellaville","Schley","Georgia",1880,1812,1609,1724,1684,1391,905,886,928,764,693,672,474,0,182,0,0,0,0,0,0,0,0
"Ellenton","Colquitt","Georgia",280,281,336,227,277,337,385,429,427,297,0,0,0,0,0,0,0,0,0,0,0,0,0
"Ellijay","Gilmer","Georgia",1647,1619,1584,1178,1507,1326,1320,1527,1497,657,632,659,581,437,200,0,0,0,0,0,0,0,0
"Emerson","Bartow","Georgia",1506,1470,1092,1201,1110,813,666,508,453,424,393,316,111,0,0,0,0,0,0,0,0,0,0
"Enigma","Berrien","Georgia",1277,1278,869,611,574,505,525,499,529,360,340,338,0,0,0,0,0,0,0,0,0,0,0
"Ephesus","Heard","Georgia",422,427,388,324,184,212,0,0,0,0,0,0,0,0,0,0,0,0,0,0,0,0,0
"Eton","Murray","Georgia",905,910,319,315,301,286,275,297,239,259,313,307,0,0,0,0,0,0,0,0,0,0,0
"Euharlee","Bartow","Georgia",4211,4136,3208,850,477,0,0,0,0,0,0,0,0,144,24,0,0,0,0,0,0,0,0
"Fairburn","Campbell (Fulton)","Georgia",13696,12950,5464,4013,3466,3143,2470,1889,1502,1372,1600,1395,761,695,563,305,298,0,0,0,0,0,0
"Fairmount","Gordon","Georgia",733,720,745,657,842,623,619,573,474,504,497,326,191,0,92,0,0,0,0,0,0,0,0
"Fargo","Clinch","Georgia",324,321,380,0,0,0,0,0,0,0,0,0,0,0,0,0,0,0,0,0,0,0,0
"Fayetteville","Fayette","Georgia",16725,15945,11148,5827,2715,2160,1389,1032,832,796,952,709,430,380,138,0,0,0,0,0,0,0,0
"Fitzgerald","Ben Hill","Georgia",9039,9053,8758,8612,10187,8187,8781,8130,7388,6412,6870,5795,1817,0,0,0,0,0,0,0,0,0,0
"Flemington","Liberty","Georgia",752,743,369,279,440,265,149,90,0,0,0,0,0,0,0,0,0,0,0,0,0,0,0
"Flovilla","Butts","Georgia",639,653,652,602,458,289,284,315,240,230,371,495,523,422,0,0,0,0,0,0,0,0,0
"Flowery Branch","Hall","Georgia",6385,5679,1806,1251,755,779,741,610,506,418,461,373,420,350,289,0,0,0,0,0,0,0,0
"Folkston","Charlton","Georgia",5206,2502,2178,2285,2243,2112,1810,1515,1024,506,397,355,167,0,0,0,0,0,0,0,0,0,0
"Forest Park","Clayton","Georgia",18949,18468,21447,16925,18782,19994,14201,2653,577,388,308,173,0,0,0,0,0,0,0,0,0,0,0
"Forsyth","Monroe","Georgia",3993,3788,3776,4268,4624,3736,3697,3125,2372,2277,2241,2203,1172,920,1105,0,0,0,0,0,0,0,0
"Fort Gaines","Clay","Georgia",1079,1107,1110,1248,1260,1255,1320,1339,1357,1272,1237,1320,1305,1097,867,758,0,0,0,0,0,0,0
"Fort Oglethorpe","Catoosa/Walker","Georgia",9590,9263,6940,5880,5443,3869,2251,692,0,0,0,0,0,0,0,0,0,0,0,0,0,0,0
"Fort Valley","Peach","Georgia",8952,9815,8005,8198,9000,9251,8310,6820,4953,4560,3223,2697,2022,1752,1277,1333,0,0,0,0,0,0,0
"Franklin","Heard","Georgia",974,993,902,876,711,749,603,425,390,312,317,340,218,250,269,0,0,0,0,0,0,0,0
"Franklin Springs","Franklin","Georgia",1143,952,762,475,797,501,278,182,116,75,0,0,0,0,0,0,0,0,0,0,0,0,0
"Funston","Colquitt","Georgia",445,449,426,248,337,293,293,233,199,144,157,236,0,0,0,0,0,0,0,0,0,0,0
"Gainesville","Hall","Georgia",36306,33804,25578,17885,15280,15459,16523,11936,10243,8624,6272,5925,4382,3202,1919,472,344,0,0,0,0,0,0
"Garden City","Chatham","Georgia",8994,8778,11289,7410,6895,5790,5451,1557,734,0,0,0,0,0,0,0,0,0,0,0,0,0,0
"Garfield","Emanuel","Georgia",204,201,152,255,222,214,225,213,291,342,416,319,0,0,0,0,0,0,0,0,0,0,0
"Gay","Meriwether","Georgia",86,89,149,133,175,200,194,241,262,251,290,210,0,0,0,0,0,0,0,0,0,0,0
"Geneva","Talbot","Georgia",100,105,114,182,232,250,262,209,203,179,210,210,264,0,254,0,0,0,0,0,0,0,0
"Georgetown-Quitman County unified government","Quitman","Georgia",2315,2513,973,913,935,860,554,550,367,345,244,313,348,348,245,263,0,0,0,0,0,0,0
"Gibson","Glascock","Georgia",654,663,694,679,730,701,479,460,474,442,462,367,293,197,123,0,0,0,0,0,0,0,0
"Gillsville","Banks/Hall","Georgia",246,235,195,113,142,100,140,152,157,176,225,216,0,0,0,0,0,0,0,0,0,0,0
"Girard","Burke","Georgia",153,156,227,195,225,241,248,244,300,321,300,227,0,0,0,0,0,0,0,0,0,0,0
"Glennville","Tattnall","Georgia",5117,3569,3641,3676,4144,2965,2791,2327,1674,1503,1069,640,269,0,0,0,0,0,0,0,0,0,0
"Glenwood","Wheeler","Georgia",742,747,884,881,824,670,682,684,625,569,592,347,0,0,0,0,0,0,0,0,0,0,0
"Good Hope","Walton","Georgia",286,274,210,181,200,202,165,189,219,194,248,151,0,0,0,0,0,0,0,0,0,0,0
"Gordon","Wilkinson","Georgia",1991,2017,2152,2468,2768,2553,1793,1761,1524,1199,1081,702,509,0,343,0,0,0,0,0,0,0,0
"Graham","Appling","Georgia",300,291,312,0,0,0,0,0,0,0,0,193,0,0,0,0,0,0,0,0,0,0,0
"Grantville","Coweta","Georgia",3145,3041,1309,1180,1110,1128,1158,1359,1267,1346,1200,1132,769,654,618,0,0,0,0,0,0,0,0
"Gray","Jones","Georgia",3294,3276,1811,2189,2145,2014,1320,866,698,653,559,0,0,0,0,0,0,0,0,0,0,0,0
"Grayson","Gwinnett","Georgia",2780,2666,765,529,464,366,282,227,228,245,322,278,0,0,0,0,0,0,0,0,0,0,0
"Greensboro","Greene","Georgia",3426,3359,3238,2860,2985,2583,2773,2688,2459,2125,2128,2120,1511,1313,1621,913,0,0,763,0,0,411,0
"Greenville","Meriwether","Georgia",863,876,946,1167,1213,1085,726,733,683,672,760,909,815,0,490,0,0,0,0,0,0,0,0
"Griffin","Spalding","Georgia",23329,23643,23451,21347,20728,22734,21735,13982,13222,10321,8240,7478,6857,4503,3620,3421,2855,2320,0,0,0,0,0
"Grovetown","Columbia","Georgia",12746,11216,6089,3596,3384,3169,1396,0,0,267,425,558,527,0,0,0,0,0,0,0,0,0,0
"Gumbranch","Liberty","Georgia",267,264,273,291,272,0,0,0,0,0,0,0,0,0,0,0,0,0,0,0,0,0,0
"Guyton","Effingham","Georgia",1760,1684,917,740,749,742,670,633,549,583,539,545,500,541,0,0,0,0,0,0,0,0,0
"Hagan","Evans","Georgia",982,996,898,787,880,572,552,525,685,431,356,784,0,0,0,0,0,0,0,0,0,0,0
"Hahira","Lowndes","Georgia",2861,2737,1626,1353,1534,1326,1297,1010,980,941,864,650,302,0,0,0,0,0,0,0,0,0,0
"Hamilton","Harris","Georgia",1056,1016,307,454,495,357,396,449,473,438,437,403,418,0,493,359,0,0,0,0,0,0,0
"Hampton","Henry","Georgia",7305,6987,3857,2694,2059,1551,1253,864,619,1002,927,1093,468,422,621,0,0,0,0,0,0,0,0
"Hapeville","Fulton","Georgia",6669,6373,6180,5483,6166,9567,10082,8560,5059,4224,1631,864,430,0,79,0,0,0,0,0,0,0,0
"Haralson","Coweta","Georgia",173,166,144,139,123,162,141,142,108,133,176,174,0,114,0,0,0,0,0,0,0,0,0
"Harlem","Columbia","Georgia",2903,2666,1814,2199,1485,1540,1423,1033,736,784,798,736,527,647,292,0,0,0,0,0,0,0,0
"Harrison","Washington","Georgia",472,489,509,414,456,329,209,261,298,274,345,383,322,575,0,0,0,0,0,0,0,0,0
"Hartwell","Hart","Georgia",4487,4469,4188,4555,4855,4865,4599,2964,2372,2048,2323,2007,1672,0,443,154,0,0,0,0,0,0,0
"Hawkinsville","Pulaski","Georgia",5507,4589,3280,3527,4372,4077,3967,3342,3000,2484,3070,3420,2103,1755,1542,813,0,0,0,0,0,0,0
"Hazlehurst","Jeff Davis","Georgia",4181,4226,3787,4202,4298,4065,3699,2687,1732,1378,1383,1181,793,290,0,0,0,0,0,0,0,0,0
"Helen","White","Georgia",526,510,430,300,265,252,227,191,198,252,176,0,0,0,0,0,0,0,0,0,0,0,0
"Helena","Telfair","Georgia",2893,2883,2307,1256,1390,1230,1290,1027,1073,963,928,890,604,0,0,0,0,0,0,0,0,0,0
"Hephzibah","Richmond","Georgia",3949,4011,3880,2466,1452,987,676,525,516,646,650,656,541,0,0,0,0,0,0,0,0,0,0
"Hiawassee city (Hiwassee)","Towns","Georgia",907,880,808,547,491,415,455,375,163,169,146,226,0,0,104,0,0,0,0,0,0,0,0
"Higgston","Montgomery","Georgia",317,323,316,274,152,175,151,155,141,150,161,207,0,0,0,0,0,0,0,0,0,0,0
"Hiltonia","Screven","Georgia",327,342,421,402,515,294,353,318,246,226,262,0,0,0,0,0,0,0,0,0,0,0,0
"Hinesville","Liberty","Georgia",34815,33437,30392,21603,11309,4115,3174,1217,630,416,315,174,0,0,162,0,0,0,0,0,0,0,0
"Hiram","Paulding","Georgia",3705,3546,1361,1389,1030,441,358,299,282,303,329,254,105,0,0,0,0,0,0,0,0,0,0
"Hoboken","Brantley","Georgia",530,528,463,440,514,424,552,492,386,398,0,0,0,0,0,0,0,0,0,0,0,0,0
"Hogansville","Troup","Georgia",3090,3060,2774,2976,3362,3075,3658,3769,3886,2355,1591,1230,893,518,400,0,0,0,0,0,0,0,0
"Holly Springs","Cherokee","Georgia",10237,9189,3195,2406,687,575,475,386,256,273,216,251,0,0,0,0,0,0,0,0,0,0,0
"Homeland","Charlton","Georgia",860,910,765,981,683,595,508,276,213,152,138,114,0,0,0,0,0,0,0,0,0,0,0
"Homer","Banks","Georgia",1131,1141,950,742,734,365,612,340,283,248,291,228,221,0,140,120,0,0,0,0,0,0,0
"Homerville","Clinch","Georgia",2452,2456,2803,2560,3112,3025,2634,1787,1522,1150,627,437,434,0,201,0,0,0,0,0,0,0,0
"Hoschton","Jackson","Georgia",1415,1377,1070,642,490,509,370,378,364,427,377,429,290,207,0,0,0,0,0,0,0,0,0
"Hull","Madison","Georgia",200,198,160,156,188,222,141,169,174,130,148,133,0,0,0,0,0,0,0,0,0,0,0
"Ideal","Macon","Georgia",469,499,518,554,619,543,432,318,238,285,304,186,0,0,0,0,0,0,0,0,0,0,0
"Ila","Madison","Georgia",340,337,328,297,287,202,216,225,224,233,232,0,0,0,0,0,0,0,0,0,0,0,0
"Iron City","Seminole","Georgia",309,310,321,503,367,351,298,293,289,300,496,459,0,0,0,0,0,0,0,0,0,0,0
"Irwinton","Wilkinson","Georgia",577,589,587,641,841,757,673,700,589,561,379,249,227,0,264,241,0,0,0,0,0,0,0
"Ivey","Wilkinson","Georgia",947,981,1100,1053,455,245,48,46,0,0,0,0,0,0,0,0,0,0,0,0,0,0,0
"Jackson","Butts","Georgia",4891,5045,3934,4076,4133,3778,2545,2053,1917,1776,2027,1862,1487,922,212,0,0,0,0,0,0,0,0
"Jacksonville","Telfair","Georgia",134,140,118,128,206,227,236,0,0,0,0,0,0,0,0,40,0,99,0,0,0,0,0
"Jakin","Early","Georgia",150,155,157,137,194,172,176,264,264,306,430,622,267,0,0,0,0,0,0,0,0,0,0
"Jasper","Pickens","Georgia",3744,3684,2167,1772,1556,1202,1036,1380,576,563,386,332,379,333,146,0,0,0,0,0,0,0,0
"Jefferson","Jackson","Georgia",9867,9432,3825,2763,1820,1647,1746,2040,1839,1869,1626,1207,726,540,419,0,0,0,0,0,0,0,0
"Jeffersonville","Twiggs","Georgia",961,1035,1209,1545,1473,1302,1013,787,804,692,842,740,0,0,156,0,0,0,0,0,0,0,0
"Jenkinsburg","Butts","Georgia",368,370,203,213,360,382,233,166,166,257,300,237,255,0,0,0,0,0,0,0,0,0,0
"Jersey","Walton","Georgia",143,137,163,149,201,180,170,182,188,196,202,191,0,0,0,0,0,0,0,0,0,0,0
"Jesup","Wayne","Georgia",10285,10214,9279,8958,9418,9091,7304,4605,2903,2303,1941,1415,805,907,562,0,0,0,0,0,0,0,0
"Johns Creek","Fulton","Georgia",83102,76728,0,0,0,0,0,0,0,0,0,0,0,0,0,0,0,0,0,0,0,0,0
"Jonesboro","Clayton","Georgia",4624,4724,3829,3635,4132,4105,3014,1741,1204,1065,1060,970,877,803,1048,531,0,0,0,0,0,0,0
"Junction City","Talbot","Georgia",167,177,179,182,254,269,226,259,326,341,323,225,0,0,0,0,0,0,0,0,0,0,0
"Kennesaw","Cobb","Georgia",32400,29783,21675,8936,5095,3548,1507,564,436,426,467,573,320,168,244,0,0,0,0,0,0,0,0
"Keysville","Burke","Georgia",317,332,180,284,0,0,0,0,0,378,0,0,0,0,0,0,0,0,0,0,0,0,0
"Kingsland","Camden","Georgia",16416,15946,10506,4699,2008,1831,1536,1169,619,444,296,190,0,0,0,0,0,0,0,0,0,0,0
"Kingston","Bartow","Georgia",651,637,659,616,733,714,695,675,653,553,596,522,512,559,483,402,0,0,0,0,0,0,0
"Kite","Johnson","Georgia",229,241,241,297,328,336,424,447,472,433,344,241,156,0,0,0,0,0,0,0,0,0,0
"LaFayette","Walker","Georgia",7169,7121,6702,6313,6517,6044,5588,4884,3509,2811,2104,1590,491,377,207,251,0,0,0,0,0,0,0
"LaGrange","Troup","Georgia",30557,29588,25998,25597,24204,23301,23632,25025,21983,20131,17038,5587,4274,3090,2295,2053,0,1523,0,0,0,0,0
"Lake City","Clayton","Georgia",2671,2612,2886,2733,2963,2306,1042,0,0,0,0,0,0,0,0,0,0,0,0,0,0,0,0
"Lake Park","Lowndes","Georgia",734,733,549,500,439,361,338,334,387,424,310,285,319,0,0,0,0,0,0,0,0,0,0
"Lakeland","Lanier","Georgia",3341,3366,2730,2467,2647,2569,2236,1551,1502,1006,860,1247,0,0,0,0,0,0,0,0,0,0,0
"Lavonia","Franklin","Georgia",2160,2156,1827,1840,2024,2044,2088,1766,1667,1511,1644,1712,699,283,72,0,0,0,0,0,0,0,0
"Lawrenceville","Gwinnett","Georgia",30212,28546,22397,16848,8928,5207,3804,2932,2223,2156,2059,1518,853,566,463,0,0,0,0,0,0,0,0
"Leary","Calhoun","Georgia",590,618,666,701,783,907,848,721,717,531,465,430,396,267,304,0,0,0,0,0,0,0,0
"Leesburg","Lee","Georgia",2982,2896,2633,1452,1301,996,774,659,716,691,786,705,413,442,358,0,0,0,0,0,0,0,0
"Lenox","Cook","Georgia",861,873,889,783,965,860,802,789,547,412,339,206,0,0,0,0,0,0,0,0,0,0,0
"Leslie","Sumter","Georgia",392,409,455,445,470,562,494,417,479,620,470,393,213,0,0,0,0,0,0,0,0,0,0
"Lexington","Oglethorpe","Georgia",224,228,239,230,278,322,376,514,517,455,469,545,635,0,441,0,0,0,0,0,0,222,0
"Lilburn","Gwinnett","Georgia",12543,11596,11307,9301,3765,1668,753,0,0,179,0,0,0,0,0,0,0,0,0,0,0,0,0
"Lilly","Dooly","Georgia",206,213,221,138,202,155,136,177,214,242,258,221,0,0,0,0,0,0,0,0,0,0,0
"Lincolnton","Lincoln","Georgia",1485,1566,1595,1476,1406,1442,1450,1315,894,916,657,375,221,220,70,92,0,0,0,0,0,106,0
"Lithonia","DeKalb","Georgia",1998,1924,2187,2448,2637,2270,1667,1538,1554,1457,1269,1428,1208,1182,266,0,0,0,0,0,0,0,0
"Locust Grove","Henry","Georgia",5702,5402,2322,1681,1479,642,369,405,349,428,529,716,254,255,0,0,0,0,0,0,0,0,0
"Loganville","Walton (Gwinnett)","Georgia",11022,10458,5435,3180,1841,1318,926,699,627,631,711,600,431,338,242,0,0,0,0,0,0,0,0
"Lone Oak","Meriwether","Georgia",89,92,104,161,119,129,122,120,137,149,169,247,0,0,0,0,0,0,0,0,0,0,0
"Lookout Mountain","Walker","Georgia",1591,1602,1617,1636,1505,1538,0,0,0,0,0,0,0,0,0,0,0,0,0,0,0,0,0
"Louisville","Jefferson","Georgia",2370,2493,2712,2429,2823,2691,2413,2231,1803,1650,1040,1039,1009,836,575,356,0,0,0,0,694,524,0
"Lovejoy","Clayton","Georgia",6406,6422,2495,754,205,0,0,0,0,178,221,198,0,0,0,0,0,0,0,0,0,0,0
"Ludowici","Long","Georgia",2012,1703,1440,1291,1286,1419,1578,1332,866,615,515,541,0,0,0,0,0,0,0,0,0,0,0
"Lula","Hall","Georgia",2867,2758,1438,1018,857,736,557,378,316,315,367,309,217,0,0,0,0,0,0,0,0,0,0
"Lumber City","Telfair","Georgia",1250,1328,1247,1429,1426,1377,1360,1232,1044,1043,978,1195,760,471,0,0,0,0,0,0,0,0,0
"Lumpkin","Stewart","Georgia",1104,2741,1369,1250,1335,1431,1348,1209,1210,1103,934,1140,1470,0,747,778,765,0,0,0,0,0,0
"Luthersville","Meriwether","Georgia",828,874,783,741,597,400,282,312,354,321,359,349,209,0,179,0,0,0,0,0,0,0,0
"Lyerly","Chattooga","Georgia",526,540,488,493,482,426,409,524,368,296,323,322,234,0,0,0,0,0,0,0,0,0,0
"Lyons","Toombs","Georgia",4389,4367,4169,4502,4203,3739,3219,2799,1900,1445,873,927,534,0,0,0,0,0,0,0,0,0,0
"Macon-Bibb County","Bibb/Jones","Georgia",153691,"(X)",97255,106612,116896,122423,69764,70252,57865,53829,52995,40665,23272,22746,12749,10810,8247,5720,3927,0,0,0,0
"Madison","Morgan","Georgia",4005,3979,3636,3483,2954,2890,2680,2489,2045,1966,2348,2412,1992,2131,1974,0,0,0,0,0,0,0,0
"Manassas","Tattnall","Georgia",95,94,100,123,116,144,154,128,165,197,0,0,0,0,0,0,0,0,0,0,0,0,0
"Manchester","Meriwether/Talbot","Georgia",4099,4230,3988,4104,4796,4779,4115,4036,3462,3745,2776,922,0,0,0,0,0,0,0,0,0,0,0
"Mansfield","Newton","Georgia",426,410,392,341,435,340,394,446,432,469,618,589,0,0,0,0,0,0,0,0,0,0,0
"Marietta","Cobb","Georgia",60014,56579,58748,44129,30821,27216,25565,20687,8667,7638,6190,5949,4446,3384,2227,1888,0,0,0,0,0,0,0
"Marshallville","Macon","Georgia",1353,1448,1335,1457,1540,1376,1308,1121,905,931,1150,1082,879,1086,543,424,0,0,0,0,0,0,0
"Martin","Stephens","Georgia",367,381,311,243,305,201,209,207,242,463,344,377,160,0,0,0,0,0,0,0,0,0,0
"Maxeys","Oglethorpe","Georgia",221,224,210,180,205,229,149,204,226,209,356,334,0,0,97,0,0,0,0,0,0,0,0
"Maysville","Banks (Jackson)","Georgia",1834,1798,1247,728,619,553,553,533,514,619,795,805,453,327,116,0,0,0,0,0,0,0,0
"McCaysville","Fannin","Georgia",1059,1056,1071,1065,1219,1619,1871,2067,1832,1969,2166,1253,0,0,0,0,0,0,0,0,0,0,0
"McDonough","Henry","Georgia",23004,22084,8493,2929,2778,2675,2224,1635,1232,1068,1263,882,683,515,320,320,0,0,0,0,0,0,0
"McIntyre","Wilkinson","Georgia",631,650,718,552,386,471,316,194,209,170,0,0,0,0,0,0,0,0,0,0,0,0,0
"McRae","Telfair","Georgia",5972,5740,2682,3007,3409,3151,2738,1904,1595,1314,1273,1160,1020,0,0,0,0,0,0,0,0,0,0
"Meansville","Pike","Georgia",182,182,192,250,303,313,335,224,193,169,229,233,155,0,0,0,0,0,0,0,0,0,0
"Meigs","Thomas (Mitchell)","Georgia",1029,1035,1090,1120,1231,1226,1236,1125,927,1000,1011,697,617,0,0,0,0,0,0,0,0,0,0
"Menlo","Chattooga","Georgia",466,474,485,538,611,593,466,453,414,355,378,376,0,0,0,0,0,0,0,0,0,0,0
"Metter","Candler","Georgia",4079,4130,3879,3707,3531,2912,2362,2091,1823,1424,908,408,213,0,0,0,0,0,0,0,0,0,0
"Midville","Burke","Georgia",263,269,457,620,670,665,676,682,780,853,985,603,275,0,152,0,0,0,0,0,0,0,0
"Midway","Liberty","Georgia",2103,2121,1100,863,457,167,240,228,96,42,0,0,0,0,0,0,0,0,0,0,0,0,0
"Milan","Telfair (Dodge)","Georgia",771,700,1012,1056,1115,1084,786,750,748,630,593,287,0,0,0,0,0,0,0,0,0,0,0
"Milledgeville","Baldwin","Georgia",19211,17715,18757,17727,12176,11601,11117,8835,6778,5534,4619,4385,4219,3322,3800,2750,2480,2216,2095,0,2069,1256,0
"Millen","Jenkins","Georgia",2991,3120,3492,3808,3988,3713,3633,3449,2820,2527,2405,2030,411,0,0,0,0,0,0,0,0,0,0
"Milner","Lamar","Georgia",601,610,522,321,320,270,305,345,352,329,407,400,440,0,442,0,0,0,0,0,0,0,0
"Milton","Fulton","Georgia",36662,32661,0,0,0,0,0,0,0,0,0,0,0,0,0,0,0,0,0,0,0,0,0
"Mitchell","Glascock","Georgia",200,199,173,181,214,187,184,240,228,237,257,212,246,0,0,0,0,0,0,0,0,0,0
"Molena","Pike","Georgia",371,368,475,439,379,389,279,307,310,447,411,398,394,198,0,0,0,0,0,0,0,0,0
"Monroe","Walton","Georgia",13664,13234,11407,9759,8854,8071,6826,4542,4168,3706,3211,3029,1846,983,530,438,0,0,0,0,0,0,0
"Montezuma","Macon","Georgia",3232,3460,3999,4506,4830,4125,3744,2921,2346,2284,1827,1630,903,706,440,0,0,0,0,0,0,0,0
"Monticello","Jasper","Georgia",2579,2657,2428,2289,2382,2132,1931,1918,1746,1593,1823,1508,1106,849,511,0,0,0,0,0,0,0,0
"Montrose","Laurens","Georgia",213,215,154,117,170,199,236,242,90,226,210,0,0,0,0,0,0,0,0,0,0,0,0
"Moreland","Coweta","Georgia",418,399,393,366,358,363,329,306,321,343,321,312,229,0,0,0,0,0,0,0,0,0,0
"Morgan","Calhoun","Georgia",1830,1861,1464,252,364,280,293,304,282,249,341,302,240,180,111,126,187,0,0,0,0,0,0
"Morganton","Fannin","Georgia",303,303,299,295,263,205,211,244,285,271,171,195,0,170,143,0,0,0,0,0,0,0,0
"Morrow","Clayton","Georgia",7167,6445,4882,5168,3791,3708,580,326,0,0,0,0,0,0,0,0,0,0,0,0,0,0,0
"Morven","Brooks","Georgia",528,565,634,536,471,449,476,474,512,491,530,383,0,0,0,0,0,0,0,0,0,0,0
"Moultrie","Colquitt","Georgia",14507,14268,14387,14865,15105,14400,15764,11639,10147,8027,6789,3349,2221,0,0,0,0,0,0,0,0,0,0
"Mount Airy","Habersham","Georgia",1290,1284,604,543,670,463,417,416,437,354,343,256,310,201,112,0,0,0,0,0,0,0,0
"Mount Vernon","Montgomery","Georgia",2293,2451,2082,1914,1737,1579,1166,990,900,779,722,605,573,707,69,0,0,0,0,0,0,0,0
"Mount Zion","Carroll","Georgia",1721,1696,1275,511,445,264,211,141,84,121,131,0,0,0,0,0,0,0,0,0,0,0,0
"Mountain City","Rabun","Georgia",1064,1088,829,784,701,594,550,524,524,354,210,158,0,0,0,0,0,0,0,0,0,0,0
"Mountain Park","Cherokee/Fulton","Georgia",579,547,506,554,378,268,62,15,10,0,0,0,0,0,0,0,0,0,0,0,0,0,0
"Nahunta","Brantley","Georgia",1056,1053,930,1049,951,974,952,739,561,352,0,0,0,0,0,0,0,0,0,0,0,0,0
"Nashville","Berrien","Georgia",4790,4939,4697,4782,4831,4323,4070,3414,2449,1672,2025,990,293,426,0,95,0,0,0,0,0,0,0
"Nelson","Pickens (Cherokee)","Georgia",1342,1314,626,486,562,613,658,645,679,798,511,550,254,266,0,0,0,0,0,0,0,0,0
"Newborn","Newton","Georgia",720,696,520,404,387,269,283,298,307,332,409,475,345,230,0,0,0,0,0,0,0,0,0
"Newington","Screven","Georgia",267,274,322,319,402,402,399,429,366,366,364,0,0,0,0,0,0,0,0,0,0,0,0
"Newnan","Coweta","Georgia",36203,33039,16242,12497,11449,11205,12169,8218,7182,6386,7037,5548,3654,2859,2006,1917,2546,0,0,0,0,0,0
"Newton","Baker","Georgia",610,654,851,703,711,624,529,503,514,517,377,364,329,0,167,145,3225,0,0,0,0,0,0
"Nicholls","Coffee","Georgia",3311,2798,1008,1003,1114,1150,930,806,660,651,936,720,0,0,0,0,0,0,0,0,0,0,0
"Nicholson","Jackson","Georgia",1704,1696,1247,535,491,397,359,252,212,215,250,167,0,0,0,0,0,0,0,0,0,0,0
"Norcross","Gwinnett","Georgia",16349,9116,8410,5947,3363,2755,1605,1340,979,892,993,968,797,713,500,0,0,0,0,0,0,0,0
"Norman Park","Colquitt","Georgia",966,972,849,711,757,912,891,832,587,748,565,648,0,0,0,0,0,0,0,0,0,0,0
"North High Shoals","Oconee","Georgia",682,652,439,268,256,165,122,124,0,0,0,0,0,0,0,0,0,0,0,0,0,0,0
"Norwood","Warren","Georgia",229,239,299,238,306,272,294,268,269,401,366,340,299,332,0,0,0,0,0,0,0,0,0
"Nunez","Emanuel","Georgia",149,147,131,135,168,117,18,82,155,162,730,174,0,0,0,0,0,0,0,0,0,0,0
"Oak Park","Emanuel","Georgia",483,484,366,269,256,226,302,308,208,291,195,144,0,0,0,0,0,0,0,0,0,0,0
"Oakwood","Hall","Georgia",4163,3970,2689,1464,723,250,218,225,207,189,163,110,0,0,0,0,0,0,0,0,0,0,0
"Ochlocknee","Thomas","Georgia",680,676,605,588,627,611,502,503,429,443,410,350,244,202,117,0,0,0,0,0,0,0,0
"Ocilla","Irwin","Georgia",3286,3414,3270,3182,3436,3185,3217,2697,2124,2034,2180,2017,805,0,0,0,0,0,0,0,0,0,0
"Oconee","Washington","Georgia",251,252,280,234,306,262,0,0,0,0,0,0,0,0,0,0,0,0,0,0,0,0,0
"Odum","Wayne","Georgia",498,504,414,388,401,379,404,389,469,439,309,258,0,0,0,0,0,0,0,0,0,0,0
"Offerman","Pierce","Georgia",440,441,403,0,0,0,0,0,0,0,0,0,0,0,0,0,0,0,0,0,0,0,0
"Oglethorpe","Macon","Georgia",1223,1328,1200,1302,1305,1286,1169,1204,1048,953,871,924,545,486,442,400,454,113,0,0,0,0,0
"Oliver","Screven","Georgia",227,239,253,242,239,217,192,223,211,242,288,243,0,0,0,0,0,0,0,0,0,0,0
"Omega","Tift (Colquitt)","Georgia",1229,1221,1340,912,996,835,940,966,608,324,329,274,0,0,0,0,0,0,0,0,0,0,0
"Orchard Hill","Spalding","Georgia",207,209,230,239,162,0,0,0,0,0,0,0,0,0,0,0,0,0,0,0,0,0,0
"Oxford","Newton","Georgia",2262,2134,1892,1945,1750,1373,1047,817,616,537,698,655,800,791,554,665,0,0,0,0,0,0,0
"Palmetto","Campbell (Coweta/Fulton)","Georgia",4747,4488,3400,2612,2086,2045,1466,1257,1029,964,965,922,620,552,473,294,1526,0,0,0,0,0,0
"Parrott","Terrell","Georgia",152,158,156,140,222,222,280,291,337,383,367,360,267,0,0,0,0,0,0,0,0,0,0
"Patterson","Pierce","Georgia",744,730,627,626,763,788,719,656,541,528,357,264,314,0,0,0,0,0,0,0,0,0,0
"Pavo","Brooks/Thomas","Georgia",613,627,711,774,830,775,817,806,706,750,990,572,262,0,0,0,0,0,0,0,0,0,0
"Payne","Bibb","Georgia",214,218,178,192,196,236,346,520,535,426,0,0,0,0,0,0,0,0,0,0,0,0,0
"Peachtree City","Fayette","Georgia",35063,34364,31580,19027,6429,793,0,0,0,0,0,0,0,0,0,0,0,0,0,0,0,0,0
"Peachtree Corners","Gwinnett","Georgia",40531,0,0,0,0,0,0,0,0,0,0,0,0,0,0,0,0,0,0,0,0,0,0
"Pearson","Atkinson","Georgia",2072,2117,1805,1714,1827,1700,1615,1402,1057,712,792,558,336,0,0,0,0,0,0,0,0,0,0
"Pelham","Mitchell","Georgia",3841,3898,4126,3869,4306,4539,4609,4365,2579,2762,2640,1880,945,385,168,0,0,0,0,0,0,0,0
"Pembroke","Bryan","Georgia",2387,2196,2379,1503,1400,1361,1450,1171,1039,788,560,467,0,0,0,0,0,0,0,0,0,0,0
"Pendergrass","Jackson","Georgia",429,422,431,298,302,267,215,189,189,224,277,239,232,0,0,0,0,0,0,0,0,0,0
"Perry","Houston","Georgia",15144,13839,9602,9452,9453,7771,6032,3849,1542,1398,678,649,650,665,929,836,0,0,0,0,0,0,0
"Pine Lake","DeKalb","Georgia",754,730,621,810,901,866,738,566,88,0,0,0,0,0,0,0,0,0,0,0,0,0,0
"Pine Mountain","Harris","Georgia",1344,1304,1141,875,984,862,790,817,709,583,728,742,459,0,0,0,0,0,0,0,0,0,0
"Pinehurst","Dooly","Georgia",346,455,307,388,431,405,457,430,474,519,596,451,330,0,0,0,0,0,0,0,0,0,0
"Pineview","Wilcox","Georgia",490,523,532,594,564,528,369,310,350,382,474,708,0,0,0,0,0,0,0,0,0,0,0
"Pitts","Wilcox","Georgia",308,320,308,214,384,345,388,397,371,364,352,279,0,0,0,0,0,0,0,0,0,0,0
"Plains","Sumter","Georgia",758,776,637,716,651,683,572,546,528,609,611,400,346,0,0,0,0,0,0,0,0,0,0
"Plainville","Gordon","Georgia",318,313,257,231,281,192,161,142,132,124,91,148,0,0,0,0,0,0,0,0,0,0,0
"Pooler","Chatham","Georgia",22251,19140,6239,4453,2540,1517,1073,818,736,499,443,337,0,0,0,0,0,0,0,0,0,0,0
"Port Wentworth","Chatham","Georgia",7080,5359,3276,4012,3947,3905,3705,0,0,0,0,0,0,0,0,0,0,0,0,0,0,0,0
"Portal","Bulloch","Georgia",620,638,597,522,694,643,494,532,556,374,0,0,0,0,0,0,0,0,0,0,0,0,0
"Porterdale","Newton","Georgia",1465,1429,1281,1278,1451,1773,2365,3207,3116,3002,2880,0,0,0,0,0,0,0,0,0,0,0,0
"Poulan","Worth","Georgia",815,851,946,962,818,766,736,750,670,611,586,652,474,0,0,0,0,0,0,0,0,0,0
"Powder Springs","Cobb","Georgia",14590,13940,12481,6893,3381,2559,746,619,431,342,336,315,280,262,0,0,0,0,0,0,0,0,0
"Preston","Webster","Georgia",,,453,388,429,226,232,260,349,321,252,259,146,0,139,186,0,0,0,0,0,0,0
"Pulaski","Candler","Georgia",271,266,261,264,257,230,155,234,241,0,0,207,0,0,0,0,0,0,0,0,0,0,0
"Quitman","Brooks","Georgia",3746,3850,4638,5292,5188,4818,5071,4769,4450,4149,4393,3915,2281,1868,1400,784,0,0,0,0,0,0,0
"Ranger","Gordon","Georgia",133,131,85,153,171,140,161,183,160,143,145,0,0,0,0,0,0,0,0,0,0,0,0
"Ray City","Berrien","Georgia",1040,1090,746,603,658,617,713,576,638,602,700,300,0,0,0,0,0,0,0,0,0,0,0
"Rayle","Wilkes","Georgia",191,199,139,107,177,110,0,0,0,0,0,0,0,0,0,0,0,0,0,0,0,0,0
"Rebecca","Turner","Georgia",171,187,246,148,272,266,278,295,342,288,331,252,0,0,0,0,0,0,0,0,0,0,0
"Register","Bulloch","Georgia",173,175,164,195,0,0,0,0,0,0,0,0,0,0,0,0,0,0,0,0,0,0,0
"Reidsville","Tattnall","Georgia",2617,4944,2235,2469,2296,1806,1229,1266,805,631,553,454,257,0,106,0,0,0,0,0,0,0,0
"Remerton","Lowndes","Georgia",1130,1123,847,463,443,523,571,0,0,0,0,0,0,0,0,0,0,0,0,0,0,0,0
"Rentz","Laurens","Georgia",293,295,304,364,337,392,307,302,319,345,219,275,0,0,0,0,0,0,0,0,0,0,0
"Resaca","Gordon","Georgia",770,544,815,410,0,0,0,0,0,0,0,112,128,197,191,0,0,0,0,0,0,0,0
"Rest Haven","Gwinnett/Hall","Georgia",66,62,151,176,231,188,167,147,91,0,0,0,0,0,0,0,0,0,0,0,0,0,0
"Reynolds","Taylor","Georgia",1041,1086,1036,1166,1298,1253,1087,906,871,880,926,521,436,283,278,0,0,0,0,0,0,0,0
"Rhine","Dodge","Georgia",379,394,422,466,590,471,485,514,463,450,396,321,191,0,0,0,0,0,0,0,0,0,0
"Riceboro","Liberty","Georgia",811,809,736,745,216,252,259,267,364,233,0,0,0,0,0,0,0,0,0,0,0,0,0
"Richland","Stewart","Georgia",1427,1473,1794,1668,1802,1823,1472,1571,1497,1577,1529,1250,1014,457,0,0,0,0,0,0,0,0,0
"Richmond Hill","Bryan","Georgia",11229,9281,6959,2934,1177,826,0,0,0,0,0,0,0,0,0,0,0,0,0,0,0,0,0
"Riddleville","Washington","Georgia",95,96,124,79,154,143,111,106,115,121,149,140,178,0,195,0,0,0,0,0,0,0,0
"Rincon","Effingham","Georgia",9638,8836,4376,2697,1988,1854,1057,424,285,317,0,0,0,0,0,0,0,0,0,0,0,0,0
"Ringgold","Catoosa","Georgia",3679,3580,2422,1675,1882,1381,1311,1192,882,684,472,398,437,465,436,316,0,0,0,0,0,0,0
"Riverdale","Clayton","Georgia",15669,15134,12478,9359,7121,2521,1045,263,207,158,159,139,0,0,0,0,0,0,0,0,0,0,0
"Riverside","Colquitt","Georgia",36,35,57,74,99,114,329,395,307,294,249,170,0,0,0,0,0,0,0,0,0,0,0
"Roberta","Crawford","Georgia",998,1007,808,939,859,746,714,673,535,449,404,227,252,0,0,0,0,0,0,0,0,0,0
"Rochelle","Wilcox","Georgia",1122,1174,1415,1510,1626,1380,1235,1097,1175,1053,1046,860,793,0,0,0,0,0,0,0,0,0,0
"Rockmart","Polk","Georgia",4264,4199,3870,3356,3623,3857,3938,3821,3764,3264,1400,1034,575,411,450,0,0,0,0,0,0,0,0
"Rocky Ford","Screven","Georgia",141,144,186,197,223,252,241,278,320,370,522,385,0,0,0,0,0,0,0,0,0,0,0
"Rome","Floyd","Georgia",35997,36303,34980,30326,28915,30759,32226,29615,26282,21843,13252,12099,7291,6957,3877,2748,4010,0,0,0,0,0,0
"Roopville","Carroll","Georgia",223,218,177,248,229,221,203,202,230,260,200,173,109,123,0,0,0,0,0,0,0,0,0
"Rossville","Walker","Georgia",4027,4105,3511,3601,3849,3957,4665,3892,3538,3230,1427,1059,0,0,0,0,0,0,0,0,0,0,0
"Roswell","Cobb (Fulton originally)","Georgia",94089,88346,79334,47923,23337,5430,2983,2123,1622,1432,1227,1158,1329,1138,1180,479,0,0,0,0,0,0,0
"Royston","Franklin (Hart/Madison)","Georgia",2574,2582,2493,2758,2404,2428,2333,2039,1549,1447,1681,1422,579,340,127,0,0,0,0,0,0,0,0
"Rutledge","Morgan","Georgia",790,781,707,659,694,628,478,482,550,523,643,696,469,588,273,235,0,0,0,0,0,0,0
"Sale City","Mitchell","Georgia",360,380,319,324,336,323,275,289,329,506,537,402,0,0,0,0,0,0,0,0,0,0,0
"Sandersville","Washington","Georgia",5779,5912,6144,6290,6137,5546,5425,4480,3566,3011,2695,2641,2023,1760,1279,0,0,0,0,0,0,0,0
"Sandy Springs","Fulton","Georgia",101908,93853,85781,67842,46877,0,0,0,0,0,0,0,0,0,0,0,0,0,0,0,0,0,0
"Santa Claus","Toombs","Georgia",166,165,237,154,167,118,5,0,0,0,0,0,0,0,0,0,0,0,0,0,0,0,0
"Sardis","Burke","Georgia",965,999,1171,1116,1180,643,829,695,667,580,0,0,0,0,0,0,0,0,0,0,0,0,0
"Sasser","Terrell","Georgia",264,279,393,335,407,339,382,371,365,412,402,441,322,0,0,0,0,0,0,0,0,0,0
"Savannah","Chatham","Georgia",144352,136286,131510,137560,141654,118349,149245,119638,95996,85024,83252,65064,54244,43189,30709,28235,22292,15312,11214,0,7523,5215,5146
"Scotland","Telfair/Wheeler ","Georgia",345,366,300,244,222,261,236,218,238,324,310,0,0,258,0,0,0,0,0,0,0,0,0
"Screven","Wayne","Georgia",758,766,702,819,872,936,1010,752,664,505,364,276,0,0,0,0,0,0,0,0,0,0,0
"Senoia","Coweta","Georgia",3959,3307,1738,956,900,910,782,770,679,736,906,1111,782,863,731,0,0,0,0,0,0,0,0
"Shady Dale","Jasper","Georgia",238,249,242,180,155,190,201,253,159,243,294,344,300,152,0,0,0,0,0,0,0,0,0
"Sharon","Taliaferro","Georgia",139,140,105,94,140,160,264,224,282,253,282,293,319,172,0,0,0,0,0,0,0,0,0
"Sharpsburg","Coweta","Georgia",351,341,316,224,194,161,155,133,114,137,170,166,137,177,110,0,0,0,0,0,0,0,0
"Shellman","Randolph","Georgia",1004,1083,1166,1162,1254,1166,1050,1090,1063,1117,1074,985,584,462,0,0,0,0,0,0,0,0,0
"Shiloh","Harris","Georgia",440,445,423,329,392,298,0,0,0,0,0,0,0,0,0,0,0,0,0,0,0,0,0
"Siloam","Greene","Georgia",283,282,331,329,446,319,321,324,318,269,243,0,0,0,0,0,0,0,0,0,0,0,0
"Sky Valley","Rabun","Georgia",267,272,221,187,65,0,0,0,0,0,0,0,0,0,0,0,0,0,0,0,0,0,0
"Smithville","Lee/Sumter","Georgia",585,575,774,804,867,713,732,676,619,777,761,574,597,0,320,0,0,0,0,0,0,0,0
"Smyrna","Cobb","Georgia",54958,51271,40999,30981,20312,19157,10157,2005,1440,1178,791,599,238,416,259,0,0,0,0,0,0,0,0
"Snellville","Gwinnett","Georgia",19439,18242,15351,12084,8514,1990,468,309,204,105,0,0,0,0,0,0,0,0,0,0,0,0,0
"Social Circle","Walton","Georgia",4358,4262,3379,2755,2591,1961,1780,1685,1735,1766,1781,1590,1229,737,606,405,0,0,0,0,0,0,0
"Soperton","Treutlen","Georgia",3060,3115,2824,2797,2981,2596,2317,1667,1339,1081,1033,469,0,0,0,0,0,0,0,0,0,0,0
"Sparks","Cook","Georgia",2025,2052,1755,1205,1353,1337,1158,887,695,635,792,842,683,307,0,0,0,0,0,0,0,0,0
"Sparta","Hancock","Georgia",1282,1400,1522,1710,1754,2172,1921,1954,1872,1613,1895,1715,1150,1540,848,0,0,0,0,0,0,0,0
"Springfield","Effingham","Georgia",2781,2852,1821,1415,1075,1001,858,627,458,402,377,504,0,0,0,32,0,0,0,0,0,0,0
"St. Marys","Camden","Georgia",17949,17121,13761,8187,3596,3408,3272,1348,733,732,824,691,529,575,0,702,650,0,206,0,771,268,0
"Stapleton","Jefferson","Georgia",413,438,318,330,388,390,356,355,342,432,410,370,0,0,0,0,0,0,0,0,0,0,0
"Statesboro","Bulloch","Georgia",30367,28422,22698,15854,14866,14616,8356,6097,5028,3996,3807,2529,1197,425,29,33,0,0,0,0,0,0,0
"Statham","Barrow","Georgia",2590,2408,2040,1360,1101,817,711,626,605,522,720,621,172,0,0,0,0,0,0,0,0,0,0
"Stillmore","Emanuel","Georgia",530,532,730,615,527,522,354,420,493,618,916,645,741,0,0,0,0,0,0,0,0,0,0
"Stockbridge","Henry","Georgia",27619,25636,9853,3359,2103,1561,1201,717,443,392,386,0,0,287,0,0,0,0,0,0,0,0,0
"Stone Mountain","DeKalb","Georgia",6025,5802,7145,6494,4867,1899,1976,1899,1408,1335,1266,1062,835,929,799,690,0,0,0,0,0,0,0
"Sugar Hill","Gwinnett","Georgia",20821,18522,11399,4557,2473,1745,1175,783,599,0,0,0,0,0,0,0,0,0,0,0,0,0,0
"Summertown","Emanuel","Georgia",163,160,140,153,215,159,0,0,0,0,0,0,0,0,0,0,0,0,0,0,0,0,0
"Summerville","Chattooga","Georgia",4410,4534,4556,5025,4878,5043,4706,3973,1358,933,1003,657,486,560,340,281,350,248,0,0,0,0,0
"Sumner","Worth","Georgia",407,427,309,209,213,207,193,226,340,332,331,336,333,0,0,0,0,0,0,0,0,0,0
"Sunny Side","Spalding","Georgia",133,134,142,215,338,209,190,169,123,136,0,0,0,0,42,0,0,0,0,0,0,0,0
"Surrency","Appling","Georgia",207,201,237,253,368,352,312,295,431,445,433,259,0,0,0,0,0,0,0,0,0,0,0
"Suwanee","Gwinnett","Georgia",18164,15355,8725,2412,1026,615,541,357,179,214,246,250,247,166,215,0,0,0,0,0,0,0,0
"Swainsboro","Emanuel","Georgia",7472,7277,6943,7361,7602,7325,5943,4300,3575,2442,1578,1313,895,395,186,108,0,0,0,0,0,0,0
"Sycamore","Turner","Georgia",668,711,496,417,474,547,501,624,601,559,562,296,274,0,0,0,0,0,0,0,0,0,0
"Sylvania","Screven","Georgia",2539,2956,2675,2871,3352,3199,3469,2939,2531,1781,1413,1400,545,338,314,0,0,0,0,0,0,0,0
"Sylvester","Worth","Georgia",6097,6188,5990,5702,5860,4226,3610,2623,2191,1984,1547,1447,552,0,0,0,0,0,0,0,0,0,0
"Talbotton","Talbot","Georgia",893,970,1019,1046,1140,1045,1163,1175,1060,1064,1093,1081,1131,1140,1008,796,0,0,0,0,0,0,0
"Talking Rock","Pickens","Georgia",65,64,49,62,72,76,84,94,103,110,95,108,102,141,0,0,0,0,0,0,0,0,0
"Tallapoosa","Haralson","Georgia",3150,3170,2789,2805,2647,2896,2744,2826,2338,2417,2719,2117,2128,1699,52,0,0,0,0,0,0,0,0
"Tallulah Falls","Rabun (Habersham)","Georgia",168,168,164,147,162,255,225,239,73,105,105,87,134,149,0,0,0,0,0,0,0,0,0
"Talmo","Jackson","Georgia",187,180,477,189,0,0,0,0,0,131,0,0,0,0,0,0,0,0,0,0,0,0,0
"Tarrytown","Montgomery","Georgia",87,87,100,130,145,188,191,250,298,295,273,236,0,0,0,0,0,0,0,0,0,0,0
"Taylorsville","Bartow","Georgia",213,210,229,269,266,253,226,260,233,220,258,197,139,87,95,0,0,0,0,0,0,0,0
"Temple","Carroll","Georgia",4262,4228,2383,1870,1520,864,788,676,624,573,621,711,397,246,0,0,0,0,0,0,0,0,0
"Tennille","Washington","Georgia",1689,1539,1505,1552,1709,1753,1837,1713,1758,1666,1768,1622,1121,953,99,0,0,0,0,0,0,0,0
"Thomaston","Upson","Georgia",8952,9170,9411,9127,9682,10024,9336,6580,6396,4922,2502,1645,1714,1181,570,0,0,0,0,0,0,0,0
"Thomasville","Thomas","Georgia",18700,18413,18162,17457,18463,18155,18246,14424,12683,11733,8196,6727,5322,5514,2555,1651,0,0,0,0,0,0,0
"Thomson","McDuffie","Georgia",6618,6778,6828,6862,7001,6503,4522,3489,3088,1914,2140,2151,1154,836,700,0,0,0,0,0,0,0,0
"Thunderbolt","Chatham","Georgia",2613,2668,2340,2786,2165,2750,1925,1238,886,802,721,543,0,0,0,0,0,0,0,0,0,0,0
"Tifton","Tift","Georgia",16701,16350,15060,14215,13749,12179,9903,6831,5228,3390,3005,2381,1384,0,0,0,0,0,0,0,0,0,0
"Tiger","Rabun","Georgia",400,408,316,301,299,312,277,269,289,137,167,125,0,0,0,0,0,0,0,0,0,0,0
"Tignall","Wilkes","Georgia",516,546,653,711,733,756,556,502,567,505,653,320,0,0,0,0,0,0,0,0,0,0,0
"Toccoa","Stephens","Georgia",8257,8491,9323,8266,8869,6971,7303,6781,5494,4602,3567,3120,2176,1120,679,0,0,0,0,0,0,0,0
"Toomsboro","Wilkinson","Georgia",455,472,622,617,673,682,764,711,593,665,420,404,50,0,183,0,0,0,0,0,0,0,0
"Trenton","Dade","Georgia",2275,2301,1942,1994,1682,1523,1301,755,570,370,295,302,349,378,255,223,0,0,0,0,0,0,0
"Trion","Chattooga","Georgia",1779,1827,1993,1661,1732,1965,2227,3028,3800,3289,1533,1721,1926,807,513,0,0,0,0,0,0,0,0
"Tunnel Hill","Whitfield","Georgia",872,856,1209,970,936,1146,0,0,0,211,208,295,302,360,258,0,0,0,0,0,0,0,0
"Turin","Coweta","Georgia",336,274,165,189,260,242,183,185,146,208,239,263,196,161,0,0,0,0,0,0,0,0,0
"Twin City","Emanuel","Georgia",1676,1742,1752,1466,1402,1119,1095,1018,1019,901,0,0,0,0,0,0,0,0,0,0,0,0,0
"Ty Ty","Tift","Georgia",727,725,716,579,618,447,461,478,442,452,403,276,175,353,0,0,0,0,0,0,0,0,0
"Tybee Island","Chatham","Georgia",3082,2990,3392,2842,2240,1786,1385,1036,644,202,117,786,381,0,0,0,0,0,0,0,0,0,0
"Tyrone","Fayette","Georgia",7135,6879,3916,2724,1038,131,124,156,118,128,0,0,0,0,0,0,0,0,0,0,0,0,0
"Unadilla","Dooly","Georgia",3684,3796,2772,1620,1566,1457,1304,1098,1137,1832,2019,1003,524,0,0,0,0,0,0,0,0,0,0
"Union City","Campbell (Fulton)","Georgia",20427,19456,11621,8375,4780,3031,2118,1490,884,776,620,534,0,0,0,0,0,0,0,0,0,0,0
"Union Point","Greene","Georgia",1676,1617,1669,1753,1750,1624,1615,1724,1566,1627,1126,1363,0,0,576,0,0,0,0,0,0,0,0
"Uvalda","Montgomery","Georgia",589,598,530,561,646,663,589,511,592,513,240,0,0,0,0,0,0,0,0,0,0,0,0
"Valdosta","Lowndes","Georgia",56595,54518,43724,39806,37596,32303,30652,20046,15595,13482,10783,7656,5613,2854,1515,1199,166,0,0,0,0,0,0
"Varnell","Whitfield","Georgia",1781,1744,1491,358,282,314,0,0,0,0,0,0,0,0,99,0,0,0,0,0,0,0,0
"Vernonburg","Chatham","Georgia",129,122,138,74,178,136,65,0,0,0,0,0,0,0,0,0,0,0,0,0,0,0,0
"Vidalia","Toombs","Georgia",10670,10473,10491,11078,10393,9507,7569,5819,4109,3585,2860,1776,503,0,0,0,0,0,0,0,0,0,0
"Vidette","Burke","Georgia",110,112,112,0,0,0,103,159,160,202,569,75,0,0,0,0,0,0,0,0,0,0,0
"Vienna","Dooly","Georgia",3823,4011,2973,2708,2886,2341,2099,2202,2063,1203,1103,1003,1035,536,0,0,0,0,0,0,0,0,0
"Villa Rica","Carroll","Georgia",14700,13956,4134,6542,3420,3922,3450,1703,1522,1304,1047,855,576,426,212,0,0,0,0,0,0,0,0
"Waco","Haralson","Georgia",514,516,469,461,471,431,381,328,304,208,333,326,345,357,0,0,0,0,0,0,0,0,0
"Wadley","Jefferson","Georgia",1988,2061,2088,2473,2438,1989,1898,1624,1133,1055,1126,872,630,522,281,0,0,0,0,0,0,0,0
"Waleska","Cherokee","Georgia",871,644,616,700,450,487,479,385,264,226,308,243,170,0,0,0,0,0,0,0,0,0,0
"Walnut Grove","Walton","Georgia",1375,1330,1241,458,387,175,119,121,117,110,143,112,0,0,0,0,0,0,0,0,0,0,0
"Walthourville","Liberty","Georgia",4170,4111,4030,2024,905,0,0,0,0,0,0,0,0,0,0,0,0,0,0,0,0,0,0
"Warm Springs","Meriwether","Georgia",410,425,485,407,461,523,538,557,608,400,332,204,0,0,0,0,0,0,0,0,0,0,0
"Warner Robins","Houston","Georgia",73271,66588,48804,43726,39893,33491,18633,7986,0,0,0,0,0,0,0,0,0,0,0,0,0,0,0
"Warrenton","Warren","Georgia",1833,1937,2013,2056,2172,2073,1770,1442,1284,1289,1407,1368,1113,974,1022,0,0,0,0,0,0,0,0
"Warwick","Worth","Georgia",411,423,430,501,488,466,434,449,379,381,274,226,0,0,0,0,0,0,0,0,0,0,0
"Washington","Wilkes","Georgia",4013,4134,4295,4279,4662,4094,4440,3802,3537,3158,4208,3065,3300,2631,2199,1506,0,462,0,0,695,596,0
"Watkinsville","Oconee","Georgia",2855,2832,2097,1600,1240,986,758,662,558,425,465,483,351,314,350,643,0,0,0,0,0,224,0
"Waverly Hall","Harris","Georgia",728,735,709,769,913,671,712,690,569,515,0,0,0,0,0,0,0,0,0,0,0,0,0
"Waycross","Ware","Georgia",14166,14649,15333,16410,19371,18996,20944,18899,16763,15510,18068,14485,5919,3364,628,0,0,0,0,0,0,0,0
"Waynesboro","Burke","Georgia",5699,5766,5813,5701,5760,5530,5359,4461,3793,3922,3311,2729,2030,1711,1008,0,0,196,0,0,0,0,0
"West Point","Troup (Harris)","Georgia",3770,3474,3382,3571,4305,4232,4610,4076,3591,2145,2138,1906,1797,1254,1178,1405,0,0,0,0,0,0,0
"Weston","Webster","Georgia",,,75,42,109,73,120,162,173,235,208,319,273,215,176,66,0,0,0,0,0,0,0
"Whigham","Grady","Georgia",466,471,631,605,507,381,463,471,533,442,662,627,392,264,144,0,0,0,0,0,0,0,0
"White","Bartow","Georgia",674,670,693,542,501,462,439,454,474,544,319,0,0,0,0,0,0,0,0,0,0,0,0
"White Plains","Greene","Georgia",292,284,283,286,231,236,273,359,364,406,479,407,290,510,459,374,0,0,0,0,0,0,0
"Whitesburg","Carroll","Georgia",591,588,596,643,775,720,366,400,341,313,366,315,296,294,368,0,0,0,0,0,0,0,0
"Willacoochee","Atkinson","Georgia",1361,1391,1434,1205,1166,1120,1061,987,903,1006,1211,960,471,398,0,0,0,0,0,0,0,0,0
"Williamson","Pike","Georgia",354,352,297,295,250,284,215,211,217,226,249,179,0,0,0,0,0,0,0,0,0,0,0
"Winder","Barrow","Georgia",14930,14099,10201,7373,6705,6605,5555,4604,3974,3288,3335,2443,1145,202,0,0,0,0,0,0,0,0,0
"Winterville","Clarke","Georgia",1155,1122,1068,876,621,551,497,453,503,432,504,465,0,0,0,0,0,0,0,0,0,0,0
"Woodbine","Camden","Georgia",1318,1412,1218,1212,910,1002,845,750,373,335,172,155,0,0,0,0,0,0,0,0,0,0,0
"Woodbury","Meriwether","Georgia",912,961,1184,1429,1738,1422,1230,985,865,849,923,917,566,369,94,0,0,0,0,0,0,0,0
"Woodland","Talbot","Georgia",372,408,432,552,664,689,720,621,489,463,356,189,0,0,0,0,0,0,0,0,0,0,0
"Woodstock","Cherokee","Georgia",27823,23896,10050,4361,2699,870,726,545,389,421,415,442,276,0,92,0,0,0,0,0,0,0,0
"Woodville","Greene","Georgia",329,321,400,415,455,379,372,484,458,332,458,0,0,0,0,0,0,0,0,0,0,0,0
"Woolsey","Fayette","Georgia",163,158,175,120,99,91,114,90,115,122,148,162,0,0,0,0,0,0,0,0,0,0,0
"Wrens","Jefferson","Georgia",2086,2187,2314,2414,2415,2204,1628,1380,1192,1085,1074,616,0,0,0,0,0,0,0,0,0,0,0
"Wrightsville","Johnson","Georgia",3672,2195,2223,2331,2526,2106,2056,1750,1760,1741,1476,1389,1127,479,272,0,0,0,0,0,0,0,0
"Yatesville","Upson","Georgia",342,357,408,409,390,423,354,290,240,281,400,366,283,0,0,0,0,0,0,0,0,0,0
"Young Harris","Towns","Georgia",1237,899,604,604,687,544,743,450,258,316,281,283,342,0,0,0,0,0,0,0,0,0,0
"Zebulon","Pike","Georgia",1141,1174,1181,1035,995,776,563,539,543,576,629,602,361,315,245,0,0,0,0,0,0,0,0
