"Geography","County","State",2014,2010,2000,1990,1980,1970,1960,1950,1940,1930,1920,1910,1900,1890,1880,1870,1860,1850
"Ackley","Hardin County","Iowa",1550,1589,1809,1696,1900,1794,1731,1608,1586,1524,1529,1244,1445,1286,1517,0,0,0
"Ackworth","Warren County","Iowa",83,83,85,66,83,111,77,95,67,82,95,119,134,0,0,0,0,0
"Adair","Adair/Guthrie County","Iowa",752,781,839,894,883,750,742,827,874,950,952,900,879,722,306,0,0,0
"Adel","Dallas County","Iowa",4171,3682,3435,3304,2846,2419,2060,1799,1740,1669,1455,1289,1213,995,989,711,466,0
"Afton","Union County","Iowa",842,845,917,953,985,823,773,936,987,1013,926,1014,1178,1045,1231,961,0,0
"Agency","Wapello County","Iowa",636,638,622,616,657,610,702,524,452,371,429,322,408,442,566,630,0,0
"Ainsworth","Washington County","Iowa",568,567,524,506,547,455,371,396,415,359,391,408,404,0,318,0,0,0
"Akron","Plymouth County","Iowa",1456,1486,1489,1450,1517,1324,1351,1251,1314,1304,1324,1130,1029,494,0,0,0,0
"Albert City","Buena Vista County","Iowa",700,699,709,779,818,683,722,736,759,563,567,261,0,0,0,0,0,0
"Albia","Monroe County","Iowa",3782,3766,3706,3870,4184,4151,4582,4838,5157,4425,5067,4969,2889,2359,2435,1621,620,0
"Albion","Marshall County","Iowa",469,505,592,585,739,772,588,492,476,436,392,457,440,384,495,475,0,0
"Alburnett","Linn County","Iowa",690,673,559,456,411,418,341,254,208,199,201,0,0,0,0,0,0,0
"Alden","Hardin County","Iowa",763,787,904,855,953,876,838,829,682,793,840,699,709,512,495,0,0,0
"Alexander","Franklin County","Iowa",172,175,165,170,190,249,294,278,324,334,315,262,0,0,0,0,0,0
"Algona","Kossuth County","Iowa",5479,5560,5741,6015,6289,6032,5702,5415,4954,3985,3724,2908,2911,2068,1350,860,0,0
"Alleman","Polk County","Iowa",438,432,439,340,307,0,0,0,0,0,0,0,0,0,0,0,0,0
"Allerton","Wayne County","Iowa",497,501,559,599,670,643,692,761,782,784,954,862,950,807,888,0,0,0
"Allison","Butler County","Iowa",1034,1029,1006,1000,1132,1071,952,771,708,603,520,495,463,0,0,0,0,0
"Alta","Buena Vista County","Iowa",1952,1883,1865,1820,1720,1717,1393,1348,1269,1297,1290,959,861,768,423,0,0,0
"Alta Vista","Chickasaw County","Iowa",263,266,286,246,314,283,276,312,333,293,355,356,179,0,0,0,0,0
"Alton","Sioux County","Iowa",1256,1216,1095,1063,986,1018,1048,1038,1025,1014,1007,1046,1009,708,0,0,0,0
"Altoona","Polk County","Iowa",16105,14541,10345,7191,5764,2883,1458,763,640,514,502,438,328,326,400,0,0,0
"Alvord","Lyon County","Iowa",193,196,187,204,246,204,238,263,306,313,359,283,249,0,0,0,0,0
"Ames","Story County","Iowa",63266,58965,50731,47198,45775,39505,27003,22898,12555,10261,6270,4223,2422,1276,1153,636,0,0
"Anamosa","Jones County","Iowa",5425,5533,5494,5100,4958,4389,4616,3910,4069,3579,2881,2983,2891,2078,2083,2083,889,0
"Andover","Clinton County","Iowa",100,103,87,99,107,90,91,80,72,76,83,51,0,0,0,0,0,0
"Andrew","Jackson County","Iowa",424,434,460,319,349,335,349,280,263,212,289,307,273,307,288,352,0,168
"Anita","Cass County","Iowa",957,972,1049,1068,1153,1101,1233,1112,1088,1106,1236,1118,968,695,479,0,0,0
"Ankeny","Polk County","Iowa",53801,45582,27117,18482,15429,9151,2964,1229,779,632,648,445,0,0,0,0,0,0
"Anthon","Woodbury County","Iowa",565,565,649,638,687,711,681,770,881,826,783,635,437,0,0,0,0,0
"Aplington","Butler County","Iowa",1120,1128,1054,1034,1027,936,840,702,588,622,598,448,427,427,0,0,0,0
"Arcadia","Carroll County","Iowa",471,484,443,485,454,414,437,425,410,391,375,390,405,463,0,0,0,0
"Archer","O’Brien County","Iowa",128,131,126,131,134,134,209,167,178,150,184,351,0,0,0,0,0,0
"Aredale","Butler County","Iowa",74,74,89,88,88,126,151,204,225,204,0,0,0,0,0,0,0,0
"Arion","Crawford County","Iowa",108,108,136,148,207,199,201,220,271,269,242,168,192,0,0,0,0,0
"Arispe","Union County","Iowa",100,100,89,92,89,93,125,110,149,133,156,155,0,0,0,0,0,0
"Arlington","Fayette County","Iowa",414,429,490,465,498,481,614,661,675,706,729,678,863,593,0,0,0,0
"Armstrong","Emmet County","Iowa",912,926,979,1025,1153,1061,958,943,937,767,818,586,907,0,0,0,0,0
"Arnolds Park","Dickinson County","Iowa",1207,1126,1162,953,1051,970,953,1078,855,597,478,273,251,0,0,0,0,0
"Arthur","Ida County","Iowa",205,206,245,272,288,273,265,243,254,249,290,215,162,0,0,0,0,0
"Asbury","Dubuque County","Iowa",5171,4170,2450,2013,2017,410,71,52,27,0,0,0,0,0,0,0,0,0
"Ashton","Osceola County","Iowa",436,458,461,462,441,483,615,588,620,568,610,518,513,309,0,0,0,0
"Aspinwall","Crawford County","Iowa",40,40,58,52,65,81,95,107,88,107,125,0,0,0,0,0,0,0
"Atalissa","Muscatine County","Iowa",303,311,283,357,360,244,212,204,181,187,198,220,0,0,0,0,0,0
"Atkins","Benton County","Iowa",1753,1670,977,637,678,581,527,387,530,314,202,0,0,0,0,0,0,0
"Atlantic","Cass County","Iowa",6842,7112,7257,7432,7789,7306,6890,6480,5802,5585,5329,4560,5046,4351,3662,1200,0,0
"Auburn","Sac County","Iowa",314,322,296,283,320,329,367,350,383,359,406,399,293,174,0,0,0,0
"Audubon","Audubon County","Iowa",2035,2176,2382,2524,2841,2907,2928,2808,2409,2255,2108,1923,1866,1310,792,0,0,0
"Aurelia","Cherokee County","Iowa",1016,1036,1062,1034,1143,1065,904,807,752,723,708,625,621,663,225,0,0,0
"Aurora","Buchanan County","Iowa",171,185,194,196,248,229,223,225,276,281,284,287,331,0,0,0,0,0
"Avoca","Pottawattamie County","Iowa",1506,1506,1610,1497,1650,1535,1540,1595,1598,1673,1482,1520,1627,0,1600,0,0,0
"Ayrshire","Palo Alto County","Iowa",139,143,202,195,243,243,298,334,391,343,361,337,329,0,0,0,0,0
"Badger","Webster County","Iowa",547,561,610,569,653,465,340,301,251,254,244,212,240,0,0,0,0,0
"Bagley","Guthrie County","Iowa",297,303,354,303,370,365,406,392,427,477,505,483,355,0,0,0,0,0
"Baldwin","Jackson County","Iowa",106,109,127,137,198,172,228,208,210,224,232,229,254,227,322,0,0,0
"Balltown","Dubuque County","Iowa",65,68,73,64,106,79,43,49,56,0,0,0,0,0,0,0,0,0
"Bancroft","Kossuth County","Iowa",716,732,808,857,1082,1103,1000,901,959,854,902,830,839,657,0,0,0,0
"Bankston","Dubuque County","Iowa",25,25,27,35,40,28,36,40,29,0,0,0,0,0,0,0,0,0
"Barnes City","Mahaska/Poweshiek County","Iowa",176,176,201,221,266,238,273,326,414,375,473,307,274,0,0,0,0,0
"Barnum","Webster County","Iowa",189,191,195,174,198,147,154,193,184,148,137,154,175,0,0,0,0,0
"Bassett","Chickasaw County","Iowa",65,66,74,74,128,152,130,125,147,149,135,130,149,0,0,0,0,0
"Batavia","Jefferson County","Iowa",510,499,500,520,525,525,533,524,474,478,560,560,533,307,328,310,0,0
"Battle Creek","Ida County","Iowa",700,713,743,818,919,837,786,873,827,804,785,527,542,387,205,0,0,0
"Baxter","Jasper County","Iowa",1101,1101,1052,938,951,788,681,618,623,569,571,527,427,0,0,0,0,0
"Bayard","Guthrie County","Iowa",460,471,536,511,637,628,597,634,703,477,505,488,494,348,0,0,0,0
"Beacon","Mahaska County","Iowa",487,494,518,509,530,338,718,371,382,350,381,623,953,570,727,0,0,0
"Beaconsfield","Ringgold County","Iowa",15,15,11,27,39,48,71,104,148,201,170,148,177,0,0,0,0,0
"Beaman","Grundy County","Iowa",191,191,210,183,219,222,247,191,167,183,214,220,266,262,201,0,0,0
"Beaver","Boone County","Iowa",48,48,53,46,85,113,115,114,126,111,132,0,0,0,0,0,0,0
"Bedford","Taylor County","Iowa",1404,1440,1620,1528,1692,1733,1807,2000,2151,2100,2073,1883,1977,1643,1763,720,0,0
"Belle Plaine","Benton County","Iowa",2489,2534,2878,2834,2903,2810,2923,3056,3202,3289,3887,3121,3283,2623,1689,1488,0,0
"Bellevue","Jackson County","Iowa",2167,2191,2350,2239,2450,2336,2181,1932,1771,1717,1663,1776,1607,1394,1581,1353,929,362
"Belmond","Wright County","Iowa",2322,2376,2560,2500,2505,2358,2506,2169,2109,1733,1797,1224,1234,803,0,0,0,0
"Bennett","Cedar County","Iowa",401,405,395,395,458,385,374,357,352,305,362,243,238,0,0,0,0,0
"Benton","Ringgold County","Iowa",42,41,40,39,33,46,84,128,189,173,246,191,192,0,0,0,0,0
"Berkley","Boone County","Iowa",32,32,24,39,49,56,58,71,105,82,68,0,0,0,0,0,0,0
"Bernard","Dubuque County","Iowa",109,112,97,123,130,148,173,149,111,123,105,95,113,0,0,0,0,0
"Bertram","Linn County","Iowa",300,294,681,201,216,177,170,128,90,102,96,0,0,0,143,0,0,0
"Bettendorf","Scott County","Iowa",35122,33217,31275,28132,27381,22126,11534,5132,3143,2768,2178,909,0,0,0,0,0,0
"Bevington","Madison/Warren County","Iowa",62,63,58,67,60,54,55,48,35,50,71,0,0,0,0,0,0,0
"Birmingham","Van Buren County","Iowa",439,448,423,386,410,452,441,643,498,507,539,572,622,545,515,626,0,231
"Blairsburg","Hamilton County","Iowa",210,215,235,269,288,287,287,257,276,274,272,241,0,0,44,0,0,0
"Blairstown","Benton County","Iowa",673,692,682,672,695,612,583,523,525,488,540,532,592,583,652,682,0,0
"Blakesburg","Wapello County","Iowa",287,296,374,333,404,403,401,401,442,397,380,344,0,0,198,236,265,0
"Blanchard","Page County","Iowa",37,38,61,67,101,139,174,214,259,347,429,408,520,432,321,0,0,0
"Blencoe","Monona County","Iowa",217,224,231,250,247,255,286,328,367,333,317,283,279,0,0,0,0,0
"Blockton","Taylor County","Iowa",189,192,192,213,280,273,343,407,488,537,524,648,704,0,0,0,0,0
"Bloomfield","Davis County","Iowa",2632,2640,2601,2580,2849,2718,2771,2688,2732,2226,2064,2028,2105,1913,1531,1553,0,287
"Blue Grass","Scott County","Iowa",1623,1452,1169,1214,1377,1032,568,337,287,246,205,223,0,0,70,0,0,0
"Bode","Humboldt County","Iowa",297,302,327,335,406,372,430,492,533,507,513,419,409,0,0,0,0,0
"Bonaparte","Van Buren County","Iowa",425,433,458,465,489,517,574,642,653,678,656,597,898,762,689,0,0,0
"Bondurant","Polk County","Iowa",4806,3860,1846,1584,1283,462,389,328,320,289,274,287,297,0,0,0,0,0
"Boone","Boone County","Iowa",12633,12661,12803,12392,12602,12468,12468,12164,12373,11886,12451,10347,8880,6520,3330,0,0,0
"Bouton","Dallas County","Iowa",135,129,136,149,139,160,145,159,162,141,187,0,0,0,0,0,0,0
"Boxholm","Boone County","Iowa",195,195,215,214,267,242,250,304,285,280,296,0,0,0,0,0,0,0
"Boyden","Sioux County","Iowa",709,707,672,651,708,670,562,541,487,446,419,364,336,277,0,0,0,0
"Braddyville","Page County","Iowa",155,159,176,219,199,207,176,249,242,267,294,283,236,175,214,0,0,0
"Bradgate","Humboldt County","Iowa",84,86,101,124,151,130,166,188,261,223,230,175,223,0,0,0,0,0
"Brandon","Buchanan County","Iowa",308,309,311,320,337,432,322,319,324,308,348,206,0,0,0,0,0,0
"Brayton","Audubon County","Iowa",120,128,145,148,170,151,225,239,217,236,244,137,141,124,38,0,0,0
"Breda","Carroll County","Iowa",477,483,477,467,502,518,543,506,532,481,419,374,395,256,109,0,0,0
"Bridgewater","Adair County","Iowa",178,182,178,209,233,188,225,296,302,327,343,365,0,0,0,0,0,0
"Brighton","Washington County","Iowa",658,652,687,684,804,632,724,705,791,800,1014,776,807,861,836,785,0,0
"Bristow","Butler County","Iowa",161,160,202,197,252,230,268,313,318,293,299,291,317,257,198,0,0,0
"Britt","Hancock County","Iowa",2026,2069,2052,2133,2185,2069,2042,1908,1813,1593,1619,1303,1540,818,345,0,0,0
"Bronson","Woodbury County","Iowa",322,322,269,209,289,193,0,0,0,0,0,0,0,0,0,0,0,0
"Brooklyn","Poweshiek County","Iowa",1453,1468,1367,1439,1509,1410,1415,1323,1408,1345,1533,1233,1188,1202,1234,971,184,0
"Brunsville","Plymouth County","Iowa",149,151,146,137,140,125,128,112,109,134,111,0,0,0,0,0,0,0
"Buck Grove","Crawford County","Iowa",43,43,49,20,84,41,40,67,80,86,91,87,0,0,0,0,0,0
"Buckeye","Hardin County","Iowa",107,108,110,105,154,143,190,192,194,219,188,140,0,0,0,0,0,0
"Buffalo","Scott County","Iowa",1298,1270,1321,1260,1569,1513,1088,695,588,547,487,456,372,379,400,368,0,0
"Buffalo Center","Winnebago County","Iowa",891,905,963,1081,1233,1118,1140,1087,911,768,894,753,875,0,0,0,0,0
"Burlington","Des Moines County","Iowa",25539,25663,26839,27208,29529,32366,32430,30613,25832,26755,24057,24324,23201,22565,19450,14930,6706,4082
"Burt","Kossuth County","Iowa",515,533,556,575,689,608,620,572,613,580,626,495,504,0,0,0,0,0
"Bussey","Marion County","Iowa",416,422,450,494,579,498,557,633,632,546,585,669,550,0,0,0,0,0
"Calamus","Clinton County","Iowa",418,439,394,379,452,396,435,381,384,374,399,276,287,216,163,0,0,0
"Callender","Webster County","Iowa",363,376,424,384,446,421,358,387,377,349,376,321,399,0,50,0,0,0
"Calmar","Winneshiek County","Iowa",961,978,1058,1026,1053,1008,954,937,903,915,1039,849,1003,813,617,0,0,0
"Calumet","O’Brien County","Iowa",170,170,181,160,212,219,225,250,274,249,266,243,113,0,0,0,0,0
"Camanche","Clinton County","Iowa",4358,4448,4215,4436,4725,3470,2225,1212,814,728,610,629,713,753,762,840,0,0
"Cambridge","Story County","Iowa",822,827,819,714,732,661,587,573,608,639,739,696,667,432,223,200,0,0
"Cantril","Van Buren County","Iowa",222,222,257,262,299,258,299,353,376,370,440,445,356,356,252,0,0,0
"Carbon","Adams County","Iowa",33,34,28,60,110,135,162,282,383,266,254,246,0,0,252,0,0,0
"Carlisle","Warren County","Iowa",4098,3876,3497,3241,3073,2246,1317,903,690,663,640,592,553,0,395,200,138,0
"Carpenter","Mitchell County","Iowa",108,109,130,102,109,122,177,165,156,110,144,121,0,0,0,0,0,0
"Carroll","Carroll County","Iowa",10007,10103,10106,9579,9705,8716,7682,6231,5389,4691,4254,3546,2882,2448,1385,384,0,0
"Carson","Pottawattamie County","Iowa",812,812,668,705,716,756,583,596,613,617,692,640,632,391,0,0,0,0
"Carter Lake","Pottawattamie County","Iowa",3766,3785,3248,3200,3438,3268,2287,1183,846,0,0,0,0,0,0,0,0,0
"Cascade","Dubuque/Jones County","Iowa",2252,2159,1958,1812,1912,1744,1601,1299,1376,1221,1249,1268,1266,955,0,0,0,0
"Casey","Adair/Guthrie County","Iowa",407,426,478,441,473,561,589,703,709,785,908,735,568,452,478,0,0,0
"Castalia","Winneshiek County","Iowa",169,173,175,177,188,210,216,221,239,200,272,280,0,0,108,0,0,0
"Castana","Monona County","Iowa",137,147,178,159,228,211,230,265,336,334,389,364,355,0,0,0,0,0
"Cedar Falls","Black Hawk County","Iowa",40859,39260,36145,34298,36322,29597,21195,14334,9349,7362,6316,5012,5319,3459,3020,3070,0,0
"Cedar Rapids","Linn County","Iowa",129195,126326,120758,108751,110243,110642,92035,72296,62120,56097,45566,32811,25656,18020,10104,5940,1830,0
"Center Junction","Jones County","Iowa",111,111,131,166,182,172,201,153,204,198,225,199,255,210,190,0,0,0
"Center Point","Linn County","Iowa",2494,2421,2007,1693,1591,1456,1236,987,861,812,778,802,674,615,603,443,0,0
"Centerville","Appanoose County","Iowa",5433,5528,5924,5936,6558,6531,6629,7625,8413,8147,8486,6936,5256,3668,2475,1037,509,1137
"Central City","Linn County","Iowa",1272,1257,1157,1063,1067,1116,1087,965,810,780,688,558,623,467,0,0,0,0
"Centralia","Dubuque County","Iowa",130,134,101,123,106,105,85,78,57,0,0,0,0,0,0,0,0,0
"Chariton","Lucas County","Iowa",4227,4321,4573,4616,5116,5009,5042,5320,5754,5365,5175,3794,3989,3122,2977,1728,641,0
"Charles City","Floyd County","Iowa",7513,7652,7812,7878,8778,9268,9964,10309,8681,8039,7350,5892,4227,2802,2421,2166,0,0
"Charlotte","Clinton County","Iowa",375,394,421,359,442,444,417,427,393,407,464,356,0,0,294,0,0,0
"Charter Oak","Crawford County","Iowa",498,502,530,497,615,715,665,710,776,688,750,734,772,567,0,0,0,0
"Chatsworth","Sioux County","Iowa",80,79,89,103,110,90,84,102,144,159,150,131,0,0,0,0,0,0
"Chelsea","Tama County","Iowa",261,267,287,336,376,381,453,482,540,575,557,507,419,318,263,0,0,0
"Cherokee","Cherokee County","Iowa",5139,5253,5369,6026,7004,7272,7724,7705,7469,6443,5824,4884,3865,3441,1523,438,0,0
"Chester","Howard County","Iowa",126,127,151,158,175,185,211,226,234,238,237,266,0,0,101,0,0,0
"Chillicothe","Wapello County","Iowa",97,97,90,119,131,126,148,196,173,156,146,181,216,214,234,211,0,0
"Churdan","Greene County","Iowa",376,386,418,423,540,598,586,593,677,616,763,667,626,377,0,0,0,0
"Cincinnati","Appanoose County","Iowa",348,357,428,363,598,570,583,703,859,911,1301,1355,1212,432,189,0,0,0
"Clare","Webster County","Iowa",141,146,190,161,229,249,245,179,232,254,259,299,374,0,0,0,0,0
"Clarence","Cedar County","Iowa",965,974,1008,936,1001,915,859,791,685,659,693,662,675,629,607,726,0,0
"Clarinda","Page County","Iowa",5362,5572,5690,5104,5458,5420,5901,5086,4905,4962,4511,3832,3276,3262,2011,1022,427,0
"Clarion","Wright County","Iowa",2773,2850,2968,2703,3060,2972,3232,3150,2971,2578,2826,2065,1475,744,56,37,0,0
"Clarksville","Butler County","Iowa",1419,1439,1441,1382,1424,1360,1328,1210,1240,1143,1003,895,849,735,818,0,0,0
"Clayton","Clayton County","Iowa",42,43,55,41,68,113,130,136,161,162,170,145,0,0,383,0,0,0
"Clear Lake","Cerro Gordo County","Iowa",7682,7777,8161,8183,7458,6430,6158,4977,3764,3066,2804,2014,1706,1130,1095,775,0,0
"Clearfield","Taylor County","Iowa",342,363,371,417,433,430,504,547,615,595,646,619,698,452,0,0,0,0
"Cleghorn","Cherokee County","Iowa",232,240,250,275,275,274,228,246,236,238,232,186,0,0,0,0,0,0
"Clemons","Marshall County","Iowa",150,148,148,173,175,178,198,202,207,241,216,213,0,0,0,0,0,0
"Clermont","Fayette County","Iowa",615,632,716,523,602,582,570,625,626,631,681,510,513,488,553,0,0,0
"Clinton","Clinton County","Iowa",26246,26885,27772,29201,32828,34719,33589,30379,26270,25726,24161,25577,22698,13619,9052,6129,0,0
"Clio","Wayne County","Iowa",81,80,91,103,106,113,120,162,200,229,299,178,218,0,60,0,0,0
"Clive","Polk County","Iowa",17052,15447,12855,7462,6064,3005,752,0,0,0,0,0,0,0,0,0,0,0
"Clutier","Tama County","Iowa",210,213,229,219,249,275,292,302,354,350,299,186,0,0,0,0,0,0
"Coburg","Montgomery County","Iowa",41,42,31,58,52,36,54,83,162,200,170,177,164,60,83,0,0,0
"Coggon","Linn County","Iowa",656,658,745,645,639,656,672,604,512,503,553,471,498,0,0,0,0,0
"Coin","Page County","Iowa",188,193,252,278,316,294,346,407,457,586,603,591,574,0,772,0,0,0
"Colesburg","Delaware County","Iowa",395,404,412,439,463,379,365,326,306,340,337,271,274,0,0,0,0,0
"Colfax","Jasper County","Iowa",2061,2093,2223,2462,2234,2293,2331,2279,2222,2213,2504,2524,2053,957,620,0,0,0
"College Springs","Page County","Iowa",209,214,246,230,307,295,290,368,430,484,495,626,693,491,531,0,0,0
"Collins","Story County","Iowa",485,495,499,455,451,404,435,432,516,489,570,521,540,0,0,0,0,0
"Colo","Story County","Iowa",863,876,868,771,808,606,574,538,539,532,507,463,391,261,296,226,0,0
"Columbus City","Louisa County","Iowa",373,391,376,328,367,312,327,350,326,263,346,375,388,459,605,0,0,0
"Columbus Junction","Louisa County","Iowa",1857,1899,1900,1616,1429,1205,1016,1123,975,867,988,1185,1099,953,793,850,519,0
"Colwell","Floyd County","Iowa",72,73,76,94,91,100,119,122,93,87,0,0,0,0,0,0,0,0
"Conesville","Muscatine County","Iowa",421,432,424,334,301,295,248,252,302,254,307,347,0,0,0,0,0,0
"Conrad","Grundy County","Iowa",1100,1108,1055,964,1133,932,799,649,591,536,560,549,483,157,0,0,0,0
"Conway","Taylor County","Iowa",40,41,63,57,93,91,82,168,246,266,253,283,348,379,423,0,0,0
"Coon Rapids","Carroll County","Iowa",1269,1305,1305,1266,1448,1381,1560,1676,1533,1303,1328,1084,1017,873,54,0,0,0
"Coppock","Henry/Jefferson/Washington County","Iowa",47,47,57,50,47,58,61,81,93,93,104,105,0,0,0,0,0,0
"Coralville","Johnson County","Iowa",20349,18907,15123,10347,7687,6130,2357,977,433,254,150,151,125,173,347,0,0,0
"Corning","Adams County","Iowa",1564,1635,1783,1806,1939,2095,2041,2104,2162,2026,1840,1702,2145,1682,1526,0,0,0
"Correctionville","Woodbury County","Iowa",805,821,851,897,935,870,912,992,1151,1058,1016,893,935,869,86,0,0,0
"Corwith","Hancock County","Iowa",269,309,350,354,480,438,488,480,481,481,635,455,651,347,0,0,0,0
"Corydon","Wayne County","Iowa",1587,1585,1591,1675,1818,1745,1687,1870,1872,1768,1867,1669,1477,962,801,618,254,0
"Cotter","Louisa County","Iowa",47,48,48,53,60,55,52,49,72,118,100,0,0,0,0,0,0,0
"Coulter","Franklin County","Iowa",277,281,262,252,264,262,315,271,236,266,277,198,0,0,0,0,0,0
"Council Bluffs","Pottawattamie County","Iowa",62245,62230,58268,54315,56449,60348,55641,45429,41439,42048,36162,29292,25802,21474,18063,10020,2011,0
"Craig","Plymouth County","Iowa",88,89,102,116,105,98,117,142,165,155,156,0,0,0,0,0,0,0
"Crawfordsville","Washington County","Iowa",268,264,295,265,290,288,317,286,316,291,387,322,268,0,265,249,0,0
"Crescent","Pottawattamie County","Iowa",622,617,537,113,547,284,296,0,0,0,0,0,0,0,134,0,0,0
"Cresco","Howard County","Iowa",3849,3868,3905,3669,3860,3927,3809,3638,3530,3069,3195,2658,2806,2018,1875,912,0,0
"Creston","Union County","Iowa",7839,7834,7597,7911,8429,8234,7667,8317,8033,8615,8034,6924,7752,7200,5081,411,0,0
"Cromwell","Union County","Iowa",107,107,120,120,157,168,138,147,165,173,143,208,208,0,189,0,0,0
"Crystal Lake","Hancock County","Iowa",246,250,285,266,314,276,267,286,301,271,191,143,246,0,0,0,0,0
"Cumberland","Cass County","Iowa",253,262,281,295,351,385,425,493,578,595,561,552,591,0,0,0,0,0
"Cumming","Warren County","Iowa",397,351,162,132,151,189,148,131,139,149,0,0,0,0,0,0,0,0
"Curlew","Palo Alto County","Iowa",56,58,62,56,85,95,134,151,183,178,204,161,0,0,0,0,0,0
"Cushing","Woodbury County","Iowa",222,220,246,220,270,204,261,248,258,270,286,254,237,0,0,0,0,0
"Cylinder","Palo Alto County","Iowa",85,88,110,112,119,133,161,143,175,157,174,129,118,0,0,0,0,0
"Dakota City","Humboldt County","Iowa",822,843,911,1024,1072,746,706,637,537,448,439,391,362,353,248,162,0,0
"Dallas Center","Dallas County","Iowa",1788,1623,1595,1454,1360,1128,1083,944,865,852,864,769,625,445,450,133,0,0
"Dana","Greene County","Iowa",70,71,84,71,110,118,123,184,153,195,163,183,0,0,0,0,0,0
"Danbury","Woodbury County","Iowa",342,348,384,430,492,527,510,601,728,656,677,558,480,423,0,0,0,0
"Danville","Des Moines County","Iowa",934,934,914,926,994,948,579,450,309,327,289,263,0,0,0,0,0,0
"Davenport","Scott County","Iowa",102448,99685,98359,95333,103264,98469,88981,74549,66039,60751,56727,43028,35254,26872,21831,20038,11267,1848
"Davis City","Decatur County","Iowa",195,204,275,257,327,301,346,432,556,548,476,489,617,594,348,0,0,0
"Dawson","Dallas County","Iowa",139,131,155,174,229,232,257,286,289,262,300,275,0,0,0,0,0,0
"Dayton","Webster County","Iowa",803,837,884,818,941,909,820,793,732,713,836,717,753,669,239,0,0,0
"De Soto","Dallas County","Iowa",1098,1050,1009,1033,1035,369,273,280,274,319,261,356,345,328,347,0,0,0
"De Witt","Clinton County","Iowa",5253,5322,5049,4514,4512,3647,3224,2644,2205,2041,1849,1654,1383,1359,1608,1749,0,0
"Decatur City","Decatur County","Iowa",188,197,199,177,199,198,203,196,275,282,300,311,367,215,235,0,0,0
"Decorah","Winneshiek County","Iowa",7957,8127,8172,8063,7991,7237,6435,6060,5303,4581,4089,3592,3246,2801,2951,2110,0,0
"Dedham","Carroll County","Iowa",264,266,280,264,321,325,322,360,392,327,360,355,374,273,0,0,0,0
"Deep River","Poweshiek County","Iowa",275,279,288,345,323,323,329,379,443,392,487,467,403,291,0,0,0,0
"Defiance","Shelby County","Iowa",280,284,346,312,383,392,386,368,428,411,389,411,387,323,0,0,0,0
"Delaware","Delaware County","Iowa",156,159,188,176,170,153,167,192,198,165,194,0,0,0,0,0,0,0
"Delhi","Delaware County","Iowa",470,460,458,485,511,527,464,383,421,399,390,375,0,0,524,413,0,0
"Delmar","Clinton County","Iowa",505,525,514,517,633,599,556,415,434,480,527,548,592,518,410,0,0,0
"Deloit","Crawford County","Iowa",265,264,288,296,345,279,222,235,281,280,260,208,0,0,0,103,0,0
"Delphos","Ringgold County","Iowa",25,25,25,23,45,35,48,74,90,79,0,0,0,0,0,0,0,0
"Delta","Keokuk County","Iowa",318,328,410,409,482,475,514,562,602,588,688,728,691,409,416,0,0,0
"Denison","Crawford County","Iowa",8390,8298,7339,6604,6675,6218,4930,4554,4361,3905,3581,3133,2771,1782,1441,326,0,0
"Denver","Bremer County","Iowa",1820,1780,1627,1600,1647,1169,831,635,556,500,462,224,102,0,0,0,0,0
"Derby","Lucas County","Iowa",113,115,131,135,171,161,151,194,269,280,334,326,0,0,174,0,0,0
"Des Moines","Polk County","Iowa",209220,203433,198682,193187,191003,201404,208982,177965,159819,142559,126468,86368,62139,50093,22408,12035,3965,502
"Dexter","Dallas County","Iowa",638,611,689,628,678,652,670,643,760,748,790,767,795,607,704,0,0,0
"Diagonal","Ringgold County","Iowa",328,330,312,298,362,327,443,472,603,577,569,509,383,0,0,0,0,0
"Dickens","Clay County","Iowa",182,185,202,214,289,240,241,311,378,333,337,255,0,0,0,0,0,0
"Dike","Grundy County","Iowa",1257,1209,944,875,987,794,630,517,408,417,453,286,0,0,0,0,0,0
"Dixon","Scott County","Iowa",248,247,276,202,312,276,280,208,226,193,197,198,0,0,228,0,0,0
"Dolliver","Emmet County","Iowa",66,66,77,103,125,95,122,130,179,158,171,107,0,0,0,0,0,0
"Donahue","Scott County","Iowa",369,346,293,316,289,216,133,105,89,98,101,64,0,0,0,0,0,0
"Donnellson","Lee County","Iowa",899,912,963,940,972,798,709,589,515,581,456,337,270,0,82,0,0,0
"Doon","Lyon County","Iowa",588,577,533,476,537,437,436,517,576,576,576,581,545,0,0,0,0,0
"Dougherty","Cerro Gordo County","Iowa",57,58,80,107,128,133,398,212,215,215,200,171,0,0,0,0,0,0
"Dow City","Crawford County","Iowa",505,510,503,439,616,571,531,524,642,588,572,462,462,451,291,0,0,0
"Dows","Franklin/Wright County","Iowa",519,538,675,660,771,777,882,948,945,926,1145,892,818,0,0,0,0,0
"Drakesville","Davis County","Iowa",186,184,185,172,212,163,197,222,252,190,261,249,238,308,300,207,0,198
"Dubuque","Dubuque County","Iowa",58436,57637,57686,57546,62374,62309,56606,49671,43892,41679,39141,38494,36297,30311,22254,18434,13000,3108
"Dumont","Butler County","Iowa",633,637,676,705,815,724,719,718,762,1268,1375,550,433,0,0,0,0,0
"Duncombe","Webster County","Iowa",392,410,474,488,504,418,355,378,341,354,442,418,350,0,0,0,0,0
"Dundee","Delaware County","Iowa",170,174,179,174,164,166,185,176,193,190,195,0,0,0,0,0,0,0
"Dunkerton","Black Hawk County","Iowa",844,852,749,746,718,563,507,409,360,327,295,276,217,0,0,0,0,0
"Dunlap","Harrison County","Iowa",994,1042,1139,1251,1374,1292,1254,1409,1550,1522,1455,1155,1355,1088,1246,0,0,0
"Durango","Dubuque County","Iowa",24,22,24,34,41,55,37,71,42,0,0,0,0,0,0,0,0,0
"Durant","Cedar County","Iowa",1825,1832,1677,1549,1583,1472,1266,1075,810,733,775,720,560,505,475,373,127,0
"Dyersville","Dubuque County","Iowa",4149,4058,4035,3703,3825,3437,2818,2416,2138,2046,1933,1511,1328,1272,975,0,0,0
"Dysart","Tama County","Iowa",1367,1379,1303,1230,1355,1251,1197,1089,986,971,955,906,902,775,516,0,0,0
"Eagle Grove","Wright County","Iowa",3452,3583,3712,3671,4324,4489,4381,4176,4024,4071,4433,3387,3557,1881,0,0,0,0
"Earlham","Madison County","Iowa",1403,1450,1298,1157,1140,974,788,771,865,897,803,749,630,302,260,222,0,0
"Earling","Shelby County","Iowa",427,437,471,466,520,573,431,341,320,358,321,323,340,0,0,0,0,0
"Earlville","Delaware County","Iowa",793,812,900,822,844,751,668,661,687,615,619,552,618,569,0,0,0,0
"Early","Sac County","Iowa",532,557,605,649,670,727,824,742,644,632,568,500,579,277,0,0,0,0
"East Peru","Madison County","Iowa",122,125,153,132,124,184,173,204,267,304,253,371,252,0,0,0,0,0
"Eddyville","Wapello County","Iowa",1016,1024,1064,1010,1116,945,1014,941,984,888,961,1085,1230,815,909,1212,917,0
"Edgewood","Clayton/Delaware County","Iowa",861,864,923,776,900,786,767,696,716,638,617,555,565,0,216,0,0,0
"Elberon","Tama County","Iowa",193,196,245,203,194,203,211,225,256,254,349,336,344,0,0,0,0,0
"Eldon","Wapello County","Iowa",915,927,998,1070,1255,1319,1386,1457,1676,1788,2091,2024,1850,1725,729,0,0,0
"Eldora","Hardin County","Iowa",2698,2732,3035,3038,3063,3223,3225,3107,3553,3200,3189,1995,2233,1577,1584,1268,0,0
"Eldridge","Scott County","Iowa",6162,5651,4159,3378,3279,1535,583,376,283,245,234,217,207,0,97,0,0,0
"Elgin","Fayette County","Iowa",655,683,676,637,702,613,644,642,638,610,623,564,635,369,428,0,0,0
"Elk Horn","Shelby County","Iowa",647,662,649,672,746,667,679,566,486,513,589,0,0,0,0,0,0,0
"Elk Run Heights","Black Hawk County","Iowa",1131,1117,1052,1088,1186,1175,1124,0,0,0,0,0,0,0,0,0,0,0
"Elkader","Clayton County","Iowa",1220,1273,1465,1510,1688,1592,1526,1584,1556,1882,1223,1181,1321,745,851,697,440,0
"Elkhart","Polk County","Iowa",716,683,362,388,256,269,260,222,215,218,196,132,0,0,0,0,0,0
"Elkport","Clayton County","Iowa",36,37,88,82,98,87,100,99,130,116,202,210,326,0,243,0,0,0
"Elliott","Montgomery County","Iowa",336,350,402,399,493,423,459,482,548,556,586,528,516,317,177,0,0,0
"Ellston","Ringgold County","Iowa",42,43,57,44,60,76,115,158,195,212,212,205,242,0,0,0,0,0
"Ellsworth","Hamilton County","Iowa",506,531,531,451,480,443,493,439,444,405,512,406,319,0,0,0,0,0
"Elma","Howard County","Iowa",534,546,598,653,714,601,706,731,790,771,874,807,976,0,0,0,0,0
"Ely","Linn County","Iowa",2001,1776,1149,517,425,275,226,155,170,172,174,161,0,0,0,0,0,0
"Emerson","Mills County","Iowa",426,438,480,476,502,484,521,556,498,512,475,478,502,404,456,0,0,0
"Emmetsburg","Palo Alto County","Iowa",3790,3904,3958,3940,4621,4150,3887,3760,3374,2865,2762,2325,2361,1584,879,44,0,0
"Epworth","Dubuque County","Iowa",1943,1860,1428,1297,1380,1132,698,536,454,464,468,520,549,348,0,0,0,0
"Essex","Page County","Iowa",774,798,884,916,1001,770,767,763,762,806,727,776,710,564,617,0,0,0
"Estherville","Emmet County","Iowa",6121,6360,6656,6720,7518,8108,7927,6719,5651,4940,4699,3404,3237,1475,138,168,0,0
"Evansdale","Black Hawk County","Iowa",4793,4751,4526,4638,4798,5038,5738,3571,0,0,0,0,0,0,0,0,0,0
"Everly","Clay County","Iowa",584,603,647,706,796,699,668,547,523,482,480,392,0,0,0,0,0,0
"Exira","Audubon County","Iowa",778,840,810,955,978,966,1111,1129,1046,987,840,787,851,575,604,161,83,0
"Exline","Appanoose County","Iowa",158,160,191,187,217,224,223,342,481,437,755,660,0,0,34,0,0,0
"Fairbank","Buchanan County","Iowa",1107,1113,1041,1018,980,810,650,653,631,629,657,618,644,448,223,0,0,0
"Fairfax","Linn County","Iowa",2409,2123,889,780,683,635,528,335,262,0,0,0,0,0,0,0,0,0
"Fairfield","Jefferson County","Iowa",9750,9464,9509,9768,9428,8715,8054,7299,6773,6619,5948,4970,4689,3391,3086,2226,1692,909
"Farley","Dubuque County","Iowa",1639,1537,1334,1354,1287,1096,920,745,739,657,651,676,513,582,471,0,0,0
"Farmersburg","Clayton County","Iowa",278,302,300,291,276,232,250,263,296,275,290,259,143,0,0,0,0,0
"Farmington","Van Buren County","Iowa",658,664,756,655,869,800,902,899,968,1012,1086,1165,1332,1002,781,640,0,585
"Farnhamville","Calhoun County","Iowa",360,371,430,414,461,393,409,399,425,365,380,332,348,137,0,0,0,0
"Farragut","Fremont County","Iowa",449,485,509,498,603,521,495,495,496,523,494,431,514,406,380,0,0,0
"Fayette","Fayette County","Iowa",1469,1338,1300,1317,1515,1947,1597,1469,1162,1083,1085,1112,1315,1062,995,0,0,0
"Fenton","Kossuth County","Iowa",264,279,317,346,394,403,440,446,385,381,391,211,0,0,0,0,0,0
"Ferguson","Marshall County","Iowa",127,126,126,166,173,203,186,178,183,175,207,127,0,0,0,0,0,0
"Fertile","Worth County","Iowa",374,370,360,382,372,394,386,397,276,238,223,207,0,0,0,0,0,0
"Floris","Davis County","Iowa",140,138,153,172,187,145,187,215,247,209,252,0,0,0,0,0,0,0
"Floyd","Floyd County","Iowa",330,335,361,359,408,380,401,440,352,350,308,332,353,0,279,0,0,0
"Fonda","Pocahontas County","Iowa",613,631,648,731,863,980,1026,1120,1188,1027,1136,978,1180,625,168,0,0,0
"Fontanelle","Adair County","Iowa",653,672,692,712,805,752,729,812,797,833,869,789,853,830,563,0,0,0
"Forest City","Winnebago County","Iowa",3982,4151,4362,4430,4270,3841,2930,2766,2545,2016,2145,1691,1758,895,688,155,0,0
"Fort Atkinson","Winneshiek County","Iowa",337,349,389,367,374,339,353,273,261,305,315,289,264,480,435,0,0,0
"Fort Dodge","Webster County","Iowa",24594,25206,25136,25894,29423,31263,28399,25115,22904,21895,19347,15543,12162,4871,3586,3095,672,0
"Fort Madison","Lee County","Iowa",10764,11051,10715,11618,13520,13996,15247,14954,14063,13779,12066,8900,9278,7901,4679,4011,2886,1509
"Fostoria","Clay County","Iowa",240,231,230,205,261,219,167,147,136,142,119,0,0,0,0,0,0,0
"Franklin","Lee County","Iowa",142,143,136,152,142,111,174,146,80,92,119,138,210,333,367,628,449,0
"Fraser","Boone County","Iowa",102,102,137,120,139,143,134,219,263,309,391,537,0,0,0,0,0,0
"Fredericksburg","Chickasaw County","Iowa",926,931,984,1011,1075,912,797,701,649,567,624,558,565,321,203,0,0,0
"Frederika","Bremer County","Iowa",182,183,199,188,223,190,249,210,236,204,210,149,170,0,77,0,0,0
"Fredonia","Louisa County","Iowa",239,244,251,201,224,168,147,133,147,165,0,0,0,0,0,0,0,0
"Fremont","Mahaska County","Iowa",736,743,704,701,730,480,461,471,490,450,544,501,542,0,143,0,0,0
"Fruitland","Muscatine County","Iowa",977,977,703,511,461,0,0,0,0,0,0,0,0,0,0,0,0,0
"Galt","Wright County","Iowa",31,32,30,43,60,50,75,117,156,167,134,0,0,0,0,0,0,0
"Galva","Ida County","Iowa",435,434,368,398,420,412,469,492,496,530,539,357,456,0,0,0,0,0
"Garber","Clayton County","Iowa",86,88,103,118,140,148,148,153,158,120,189,131,0,0,0,0,0,0
"Garden Grove","Decatur County","Iowa",202,211,250,229,297,285,335,417,558,558,666,611,651,554,549,0,0,0
"Garnavillo","Clayton County","Iowa",729,745,754,727,723,634,662,581,461,365,314,342,0,0,345,0,0,0
"Garner","Hancock County","Iowa",3095,3129,2922,2916,2908,2257,1990,1696,1549,1241,1311,1028,1288,679,321,0,0,0
"Garrison","Benton County","Iowa",365,371,413,320,411,383,421,457,459,432,437,438,482,367,255,0,0,0
"Garwin","Tama County","Iowa",512,527,565,533,626,563,546,518,517,450,587,425,470,0,99,0,0,0
"Geneva","Franklin County","Iowa",162,165,171,169,218,201,219,242,268,249,244,199,0,0,0,0,0,0
"George","Lyon County","Iowa",1059,1080,1051,1066,1241,1194,1200,1210,1107,907,788,606,394,0,0,0,0,0
"Gibson","Keokuk County","Iowa",60,61,92,63,75,80,77,0,0,0,0,0,0,0,0,0,0,0
"Gilbert","Story County","Iowa",1099,1082,987,796,805,521,318,297,226,221,221,235,0,0,0,0,0,0
"Gilbertville","Black Hawk County","Iowa",749,712,767,748,740,655,533,399,259,241,212,0,0,0,155,0,0,0
"Gillett Grove","Clay County","Iowa",48,49,55,67,93,0,0,0,0,0,0,0,0,0,0,0,0,0
"Gilman","Marshall County","Iowa",507,509,600,586,642,513,491,508,483,428,490,480,465,473,553,0,0,0
"Gilmore City","Humboldt/Pocahontas County","Iowa",501,504,556,560,626,766,688,746,908,896,919,689,687,0,0,0,0,0
"Gladbrook","Tama County","Iowa",897,945,1015,881,970,961,949,862,945,891,961,869,842,556,0,0,0,0
"Glenwood","Mills County","Iowa",5242,5269,5358,4571,5280,4421,4783,4664,4501,4269,3862,4052,3040,1890,1793,1291,614,0
"Glidden","Carroll County","Iowa",1131,1146,1253,1099,1076,964,993,996,941,854,867,850,733,532,584,177,0,0
"Goldfield","Wright County","Iowa",612,635,680,710,789,722,682,665,715,700,749,618,628,343,90,0,0,0
"Goodell","Hancock County","Iowa",135,139,174,201,220,218,231,242,236,210,245,240,254,0,0,0,0,0
"Goose Lake","Clinton County","Iowa",236,240,232,221,274,218,191,148,145,128,97,110,0,0,61,0,0,0
"Gowrie","Webster County","Iowa",990,1037,1038,1028,1089,1225,1127,1052,1028,1059,895,829,681,526,261,0,0,0
"Graettinger","Palo Alto County","Iowa",813,844,900,813,923,907,879,1016,928,777,779,556,388,0,0,0,0,0
"Graf","Dubuque County","Iowa",78,79,73,78,98,70,273,278,256,0,0,0,0,0,0,0,0,0
"Grafton","Worth County","Iowa",255,252,290,282,255,254,47,44,37,249,233,183,156,0,0,0,0,0
"Grand Junction","Greene County","Iowa",807,824,964,808,970,967,949,1036,1125,1025,1010,1012,1113,932,752,444,0,0
"Grand Mound","Clinton County","Iowa",623,642,676,619,674,627,585,526,526,438,463,428,355,247,234,0,0,0
"Grand River","Decatur County","Iowa",226,236,225,171,188,211,284,350,374,395,425,333,326,0,0,0,0,0
"Grandview","Louisa County","Iowa",535,556,600,514,473,357,300,311,315,321,341,374,0,0,0,0,0,0
"Granger","Dallas County","Iowa",1416,1244,583,624,619,661,468,300,324,319,324,225,0,0,0,0,0,0
"Grant","Montgomery County","Iowa",90,92,102,123,143,152,180,237,231,200,170,177,249,0,0,0,0,0
"Granville","Sioux County","Iowa",316,312,325,298,336,383,381,350,361,390,358,400,351,0,66,0,0,0
"Gravity","Taylor County","Iowa",185,188,218,218,245,286,275,369,514,465,464,475,549,210,0,0,0,0
"Gray","Audubon County","Iowa",59,63,82,83,108,145,162,183,182,194,196,148,180,0,0,0,0,0
"Greeley","Delaware County","Iowa",251,256,276,263,313,323,369,360,403,343,410,383,488,0,0,0,0,0
"Greene","Butler County","Iowa",1127,1130,1099,1142,1332,1363,1427,1347,1303,1268,1375,1150,1192,845,711,0,0,0
"Greenfield","Adair County","Iowa",1939,1982,2129,2074,2243,2212,2243,2102,1869,1837,1707,1379,1300,1048,684,0,0,0
"Greenville","Clay County","Iowa",74,75,93,84,122,117,173,173,169,168,167,0,0,0,0,0,0,0
"Grimes","Polk County","Iowa",9786,8246,5098,2653,1973,834,697,582,489,468,524,733,186,0,0,0,0,0
"Grinnell","Poweshiek County","Iowa",9069,9218,9105,8902,8868,8402,7367,6828,5210,4949,5362,5036,3860,3332,2415,1482,392,0
"Griswold","Cass County","Iowa",994,1036,1039,1049,1176,1181,1207,1149,1132,1139,1264,949,900,752,350,0,0,0
"Grundy Center","Grundy County","Iowa",2705,2706,2596,2491,2880,2712,2403,2135,2012,1793,1749,1354,1322,1161,950,0,0,0
"Gruver","Emmet County","Iowa",94,94,106,102,145,135,140,135,138,126,118,0,0,0,0,0,0,0
"Guernsey","Poweshiek County","Iowa",62,63,70,70,83,94,108,113,121,177,167,143,0,0,0,0,0,0
"Guthrie Center","Guthrie County","Iowa",1523,1569,1668,1614,1713,1834,2071,2042,2066,1813,1727,1387,1193,1037,571,0,0,0
"Guttenberg","Clayton County","Iowa",1861,1919,1987,2257,2428,2177,2087,1912,1860,1918,1666,1873,1620,1160,1076,1040,1104,0
"Halbur","Carroll County","Iowa",242,246,202,215,229,235,214,235,209,192,186,147,0,0,0,0,0,0
"Hamburg","Fremont County","Iowa",1105,1187,1240,1248,1597,1649,1647,2086,2187,2103,2017,1817,2079,1634,2036,1431,167,0
"Hamilton","Marion County","Iowa",130,130,144,115,163,186,197,245,291,296,474,391,538,0,123,133,107,0
"Hampton","Franklin County","Iowa",4343,4461,4218,4133,4630,4376,4501,4432,4006,3473,2992,2617,2727,2067,1598,588,0,0
"Hancock","Pottawattamie County","Iowa",194,196,207,201,254,228,252,264,256,312,276,250,276,167,0,0,0,0
"Hanlontown","Worth County","Iowa",228,226,229,193,213,182,193,257,260,190,202,129,0,0,0,0,0,0
"Hansell","Franklin County","Iowa",96,98,96,83,138,124,168,190,183,172,163,0,0,0,0,0,0,0
"Harcourt","Webster County","Iowa",293,303,340,306,347,305,268,303,282,264,307,247,192,0,0,0,0,0
"Hardy","Humboldt County","Iowa",46,47,57,47,72,73,110,119,168,147,128,0,0,0,0,0,0,0
"Harlan","Shelby County","Iowa",5013,5106,5282,5148,5357,5049,4350,3915,3727,3145,2831,2570,2422,1765,1304,128,47,0
"Harper","Keokuk County","Iowa",112,114,134,147,138,173,177,182,208,212,247,232,269,253,254,0,0,0
"Harpers Ferry","Allamakee County","Iowa",323,328,330,284,258,227,211,252,361,289,328,297,0,0,0,0,0,0
"Harris","Osceola County","Iowa",165,170,200,170,228,195,258,319,309,328,359,239,217,0,0,0,0,0
"Hartford","Warren County","Iowa",760,771,759,768,761,582,271,221,207,207,218,0,0,0,267,0,0,0
"Hartley","O’Brien County","Iowa",1628,1672,1733,1632,1700,1694,1738,1611,1503,1272,1306,1106,1006,519,0,0,0,0
"Hartwick","Poweshiek County","Iowa",85,86,83,115,92,101,126,107,122,122,107,0,0,0,0,0,0,0
"Harvey","Marion County","Iowa",236,235,277,235,275,217,270,346,416,348,422,346,0,0,0,0,0,0
"Hastings","Mills County","Iowa",150,152,214,187,215,229,260,308,403,389,424,393,404,322,440,0,0,0
"Havelock","Pocahontas County","Iowa",136,138,177,217,279,248,289,307,326,339,331,241,397,0,0,0,0,0
"Haverhill","Marshall County","Iowa",175,173,170,144,173,160,0,0,0,0,0,0,0,0,0,0,0,0
"Hawarden","Sioux County","Iowa",2543,2546,2478,2439,2722,2789,2544,2625,2681,2459,2491,2107,1810,744,0,0,0,0
"Hawkeye","Fayette County","Iowa",428,449,489,460,512,529,516,511,544,530,582,510,518,0,0,0,0,0
"Hayesville","Keokuk County","Iowa",49,50,64,62,93,93,122,137,120,133,124,0,0,0,0,0,0,0
"Hazleton","Buchanan County","Iowa",820,823,950,733,877,626,665,550,536,499,517,444,500,0,210,0,0,0
"Hedrick","Keokuk County","Iowa",749,764,837,810,847,790,762,733,731,810,901,978,1035,592,0,0,0,0
"Henderson","Mills County","Iowa",183,185,171,206,236,211,191,208,217,257,232,240,244,201,0,0,0,0
"Hepburn","Page County","Iowa",23,23,39,41,42,38,49,64,81,140,108,110,118,75,0,0,0,0
"Hiawatha","Linn County","Iowa",7157,7024,6480,4986,4825,2416,1336,0,0,0,0,0,0,0,0,0,0,0
"Hills","Johnson County","Iowa",806,703,679,662,547,507,310,248,232,211,231,195,0,0,0,0,0,0
"Hillsboro","Henry County","Iowa",182,180,205,151,208,252,218,253,280,281,318,0,0,0,154,0,0,0
"Hinton","Plymouth County","Iowa",943,928,808,697,659,488,403,345,340,289,263,329,0,0,0,0,0,0
"Holland","Grundy County","Iowa",279,282,250,215,278,258,264,221,202,175,165,168,175,0,252,0,0,0
"Holstein","Ida County","Iowa",1393,1396,1470,1449,1477,1445,1413,1336,1296,1300,1248,936,870,539,0,0,0,0
"Holy Cross","Dubuque County","Iowa",378,374,339,304,310,290,157,139,123,111,98,143,115,0,0,0,0,0
"Hopkinton","Delaware County","Iowa",611,628,681,695,774,800,768,731,841,758,759,797,767,668,645,0,0,0
"Hornick","Woodbury County","Iowa",225,225,253,222,239,250,275,310,291,309,296,245,284,0,0,0,0,0
"Hospers","Sioux County","Iowa",712,698,672,643,655,646,600,604,592,548,570,581,415,0,51,0,0,0
"Houghton","Lee County","Iowa",145,146,130,127,124,119,0,0,0,0,0,0,0,0,0,0,0,0
"Hubbard","Hardin County","Iowa",829,845,885,814,852,846,806,836,779,795,681,568,676,452,0,0,0,0
"Hudson","Black Hawk County","Iowa",2369,2282,2117,2037,2267,1535,1085,613,492,470,408,372,359,0,52,0,0,0
"Hull","Sioux County","Iowa",2227,2175,1960,1724,1714,1523,1289,1127,1072,905,791,658,626,566,0,0,0,0
"Humboldt","Humboldt County","Iowa",4625,4690,4452,4438,4794,4665,4031,3219,2819,2251,2232,1809,1474,1075,606,335,0,0
"Humeston","Wayne County","Iowa",491,494,543,553,671,673,638,750,903,924,1214,1006,945,642,0,0,0,0
"Huxley","Story County","Iowa",3484,3317,2316,2047,1884,937,486,422,392,362,366,336,0,0,0,0,0,0
"Ida Grove","Ida County","Iowa",2121,2142,2350,2357,2285,2261,2265,2202,2238,2206,2020,1874,1967,1563,759,30,0,0
"Imogene","Fremont County","Iowa",68,72,66,88,188,192,264,274,280,303,268,341,296,279,158,0,0,0
"Independence","Buchanan County","Iowa",5986,5966,6014,5972,6392,5910,5498,4865,4342,3691,3672,3517,3656,3163,3128,2945,1395,0
"Indianola","Warren County","Iowa",15305,14782,12998,11340,10843,8852,7062,5145,4123,3488,3628,3283,3261,2254,2146,1428,836,0
"Inwood","Lyon County","Iowa",817,814,875,824,755,644,638,644,634,670,746,595,477,0,0,0,0,0
"Ionia","Chickasaw County","Iowa",288,291,277,304,350,270,265,301,283,246,280,293,306,0,198,0,0,0
"Iowa City","Johnson County","Iowa",73415,67862,62220,59738,50508,46850,33443,27212,17182,15340,11267,10091,7987,7016,7123,5914,5214,1250
"Iowa Falls","Hardin County","Iowa",5173,5238,5193,5424,6174,6454,5565,4900,4425,4112,3954,2797,2840,1796,955,0,0,0
"Ireton","Sioux County","Iowa",604,609,585,597,588,582,510,573,653,612,730,631,545,412,0,0,0,0
"Irwin","Shelby County","Iowa",334,341,372,394,427,446,425,381,345,357,311,278,295,0,0,0,0,0
"Jackson Junction","Winneshiek County","Iowa",57,58,60,87,94,106,89,107,122,126,130,160,171,0,0,0,0,0
"Jamaica","Guthrie County","Iowa",220,224,237,232,275,271,256,303,283,311,295,379,0,0,0,0,0,0
"Janesville","Bremer County","Iowa",947,930,829,822,840,741,648,445,366,331,261,269,311,0,273,0,0,0
"Jefferson","Greene County","Iowa",4276,4345,4626,4292,4854,4735,4570,4326,4088,3431,3416,2477,2601,1875,1444,770,0,0
"Jesup","Buchanan County","Iowa",2649,2520,2212,2121,2343,1662,1488,1158,902,736,774,697,690,573,569,0,0,0
"Jewell Junction","Hamilton County","Iowa",1177,1215,1239,1106,1145,1152,1113,973,1051,950,1090,941,947,414,0,0,0,0
"Johnston","Polk County","Iowa",20359,17278,8649,4702,2526,222,0,0,0,0,0,0,0,0,0,0,0,0
"Joice","Worth County","Iowa",224,222,231,245,223,201,231,244,263,225,233,0,0,0,0,0,0,0
"Jolley","Calhoun County","Iowa",27,41,54,68,91,112,120,195,161,174,300,250,266,0,0,0,0,0
"Kalona","Washington County","Iowa",2479,2363,2293,1942,1862,1488,1235,947,765,704,632,466,530,211,0,0,0,0
"Kamrar","Hamilton County","Iowa",193,199,229,203,225,243,268,261,288,286,256,262,223,0,0,0,0,0
"Kanawha","Hancock County","Iowa",626,652,739,763,756,822,735,747,767,609,659,398,0,0,0,0,0,0
"Kellerton","Ringgold County","Iowa",311,315,372,314,278,299,341,483,563,540,693,508,458,277,109,0,0,0
"Kelley","Story County","Iowa",307,309,300,246,237,235,239,244,159,179,192,231,187,0,0,0,0,0
"Kellogg","Jasper County","Iowa",595,599,606,626,654,607,623,670,648,580,603,610,653,700,772,0,0,0
"Kensett","Worth County","Iowa",269,266,280,298,360,361,409,424,392,394,388,360,459,0,0,0,0,0
"Keokuk","Lee County","Iowa",10692,10780,11427,12451,13536,14631,16316,16144,15076,15106,14423,14008,14641,14101,12117,12766,8136,2478
"Keomah Village","Mahaska County","Iowa",84,84,97,99,99,0,0,0,0,0,0,0,0,0,0,0,0,0
"Keosauqua","Van Buren County","Iowa",995,1006,1066,1020,1003,1018,1023,1101,1040,855,851,1009,1117,831,883,869,0,705
"Keota","Keokuk County","Iowa",980,1009,1025,1000,1034,1112,1096,1145,1032,955,1025,988,996,777,710,0,0,0
"Keswick","Keokuk County","Iowa",241,246,295,284,300,257,265,276,107,358,354,0,0,0,59,0,0,0
"Keystone","Benton County","Iowa",607,622,687,568,618,549,522,438,466,499,558,412,405,0,0,0,0,0
"Kimballton","Audubon County","Iowa",301,322,342,289,362,343,380,428,349,378,382,271,0,0,0,0,0,0
"Kingsley","Plymouth County","Iowa",1407,1411,1245,1129,1209,1097,1044,1098,1145,1093,1072,977,720,649,0,0,0,0
"Kinross","Keokuk County","Iowa",72,73,80,89,79,98,103,105,109,137,138,142,132,0,0,0,0,0
"Kirkman","Shelby County","Iowa",63,64,76,98,95,72,92,131,185,183,204,180,203,0,0,0,0,0
"Kirkville","Wapello County","Iowa",171,167,214,177,220,222,203,213,241,206,210,299,402,714,0,236,0,0
"Kiron","Crawford County","Iowa",280,279,273,301,317,275,271,255,260,259,294,207,89,0,0,0,0,0
"Klemme","Hancock County","Iowa",487,507,593,587,620,554,615,555,528,463,468,306,262,0,0,0,0,0
"Knierim","Calhoun County","Iowa",60,60,70,71,125,131,153,133,159,121,173,220,0,0,0,0,0,0
"Knoxville","Marion County","Iowa",7244,7313,7731,8232,8143,7755,7817,7625,6936,4697,3523,3190,3131,2632,2577,800,1124,0
"La Motte","Jackson County","Iowa",254,260,272,219,322,326,323,280,272,275,327,288,272,154,161,0,0,0
"La Porte City","Black Hawk County","Iowa",2290,2285,2275,2128,2324,2256,1953,1770,1594,1470,1443,1233,1419,1052,1006,0,0,0
"Lacona","Warren County","Iowa",361,361,360,357,376,424,396,430,424,443,502,517,496,301,282,0,0,0
"Ladora","Iowa County","Iowa",283,283,287,308,289,321,307,273,300,284,340,260,239,224,211,0,0,0
"Lake City","Calhoun County","Iowa",1677,1727,1787,1841,2006,1910,2114,2308,2216,2012,2110,2043,2703,1160,249,103,0,0
"Lake Mills","Winnebago County","Iowa",2056,2100,2140,2143,2281,2124,1758,1560,1677,1474,1529,1214,1293,604,414,0,0,0
"Lake Park","Dickinson County","Iowa",1128,1105,1023,996,1123,918,952,924,828,708,789,552,541,0,0,0,0,0
"Lake View","Sac County","Iowa",1124,1142,1278,1303,1291,1249,1165,1158,1082,993,838,514,591,366,0,0,0,0
"Lakeside","Buena Vista County","Iowa",709,596,484,522,589,353,306,219,103,0,0,0,0,0,0,0,0,0
"Lakota","Kossuth County","Iowa",288,255,255,281,330,385,459,443,457,409,472,436,384,0,0,0,0,0
"Lambs Grove","Jasper County","Iowa",172,172,225,212,228,239,234,0,0,0,0,0,0,0,0,0,0,0
"Lamoni","Decatur County","Iowa",2404,2324,2444,2319,2705,2540,2173,2196,1567,1739,1787,1541,1540,0,0,0,0,0
"Lamont","Buchanan County","Iowa",458,461,503,471,554,498,554,574,589,521,495,571,636,0,0,0,0,0
"Lanesboro","Carroll County","Iowa",116,121,152,182,196,203,258,280,289,270,282,268,0,0,0,0,0,0
"Lansing","Allamakee County","Iowa",962,999,1012,1007,1181,1227,1325,1536,1388,1321,1447,1542,1438,1668,1811,1755,0,0
"Larchwood","Lyon County","Iowa",873,866,788,739,701,611,531,415,405,382,441,434,450,0,0,0,0,0
"Larrabee","Cherokee County","Iowa",136,132,149,175,169,167,167,158,189,189,206,158,125,0,0,0,0,0
"Latimer","Franklin County","Iowa",490,507,535,430,441,393,445,434,416,352,359,378,0,0,0,0,0,0
"Laurel","Marshall County","Iowa",242,239,266,271,278,245,223,257,232,232,195,179,0,0,0,0,0,0
"Laurens","Pocahontas County","Iowa",1227,1258,1476,1550,1606,1792,1799,1556,1304,1071,914,817,853,318,0,0,0,0
"Lawler","Chickasaw County","Iowa",426,439,461,517,534,513,532,539,542,476,631,601,646,464,487,0,0,0
"Lawton","Woodbury County","Iowa",947,908,697,482,447,406,324,254,263,259,243,138,0,0,0,0,0,0
"Le Claire","Scott County","Iowa",3929,3765,2847,2734,2899,2520,1546,1124,881,691,724,690,997,906,1061,1093,1448,0
"Le Grand","Marshall County","Iowa",944,938,883,854,921,565,465,393,329,382,320,338,408,0,341,0,0,0
"Le Mars","Plymouth County","Iowa",9764,9826,9237,8454,8276,8159,6767,5844,5353,4788,4683,4157,4146,4036,0,0,0,0
"Le Roy","Decatur County","Iowa",14,15,13,34,31,43,70,91,129,142,174,185,0,0,0,0,0,0
"Ledyard","Kossuth County","Iowa",127,130,147,164,215,240,289,327,317,245,246,222,257,0,0,0,0,0
"Lehigh","Webster County","Iowa",397,416,497,536,654,739,846,881,1004,996,1090,928,806,870,0,0,0,0
"Leighton","Mahaska County","Iowa",162,162,153,142,137,140,167,118,128,115,130,0,0,0,145,0,0,0
"Leland","Winnebago County","Iowa",284,289,258,311,274,223,209,209,235,164,180,188,215,0,0,0,0,0
"Lenox","Taylor County","Iowa",1370,1407,1401,1303,1338,1215,1178,1171,1220,1171,1197,1274,1014,706,615,0,0,0
"Leon","Decatur County","Iowa",1909,1977,1983,2047,2094,2142,2004,2139,2307,2006,2193,1991,1905,1422,1367,820,0,0
"Lester","Lyon County","Iowa",290,294,251,257,274,238,239,217,286,231,250,244,225,0,31,0,0,0
"Letts","Louisa County","Iowa",376,384,392,390,473,434,392,404,362,329,417,433,387,325,300,88,0,0
"Lewis","Cass County","Iowa",415,433,438,433,497,526,501,511,557,589,607,603,613,579,550,400,0,0
"Libertyville","Jefferson County","Iowa",327,315,325,264,281,329,368,311,310,268,321,0,0,0,296,0,0,0
"Lidderdale","Carroll County","Iowa",177,180,186,202,197,173,201,180,208,211,163,114,0,0,0,0,0,0
"Lime Springs","Howard County","Iowa",492,505,496,438,476,497,581,551,567,539,595,498,605,550,470,0,0,0
"Lincoln","Tama County","Iowa",158,162,182,173,202,184,183,194,167,162,146,0,0,0,0,0,0,0
"Linden","Dallas County","Iowa",212,199,226,201,264,278,258,290,298,314,267,315,314,0,0,0,0,0
"Lineville","Wayne County","Iowa",219,217,273,289,319,385,452,482,520,531,707,600,690,606,622,0,0,0
"Linn Grove","Buena Vista County","Iowa",155,154,211,194,205,240,330,320,402,360,433,0,0,0,0,0,0,0
"Lisbon","Linn County","Iowa",2184,2152,1898,1452,1458,1329,1227,952,873,795,803,846,956,1079,776,0,582,0
"Liscomb","Marshall County","Iowa",305,301,272,258,296,328,295,278,340,326,347,354,338,313,452,0,0,0
"Little Rock","Lyon County","Iowa",444,459,489,493,490,531,564,533,633,585,573,471,399,0,0,0,0,0
"Little Sioux","Harrison County","Iowa",163,170,217,205,251,239,295,349,434,400,436,390,427,400,369,0,0,0
"Livermore","Humboldt County","Iowa",370,384,431,436,490,510,545,615,736,666,648,578,618,459,168,0,0,0
"Lockridge","Jefferson County","Iowa",279,268,275,270,271,232,206,233,279,231,230,0,0,0,49,0,0,0
"Logan","Harrison County","Iowa",1474,1534,1545,1401,1540,1526,1605,1550,1700,1654,1637,1453,1377,827,644,0,0,0
"Lohrville","Calhoun County","Iowa",354,368,431,453,521,553,653,698,776,776,727,674,597,435,0,0,0,0
"Lone Rock","Kossuth County","Iowa",143,146,157,185,169,166,165,188,170,1591,93,0,0,0,0,0,0,0
"Lone Tree","Johnson County","Iowa",1408,1300,1151,979,1014,834,717,639,651,627,673,782,600,0,217,0,0,0
"Long Grove","Scott County","Iowa",840,808,597,605,596,269,182,156,139,134,158,0,0,0,0,0,0,0
"Lorimor","Union County","Iowa",355,360,427,377,405,346,460,505,614,577,678,645,587,0,0,0,0,0
"Lost Nation","Clinton County","Iowa",429,446,497,467,524,547,567,557,493,493,537,523,0,0,193,0,0,0
"Lovilia","Monroe County","Iowa",532,538,583,551,637,640,630,619,852,727,958,552,0,0,192,0,0,0
"Low Moor","Clinton County","Iowa",281,288,240,280,346,347,343,279,252,271,277,253,318,0,168,0,0,0
"Lowden","Cedar County","Iowa",774,789,794,726,717,667,641,642,645,697,655,584,544,405,0,0,0,0
"Lu Verne","Humboldt/Kossuth County","Iowa",256,261,299,328,418,380,468,553,576,570,610,501,534,0,0,0,0,0
"Luana","Clayton County","Iowa",275,269,249,190,246,225,276,220,204,186,181,0,0,0,124,0,0,0
"Lucas","Lucas County","Iowa",213,216,243,224,292,247,357,420,534,514,614,666,1132,1320,981,0,0,0
"Luther","Boone County","Iowa",122,122,158,154,155,189,147,131,145,137,145,130,0,0,0,0,0,0
"Luxemburg","Dubuque County","Iowa",252,240,246,257,271,185,159,120,124,105,93,0,0,0,0,0,0,0
"Luzerne","Benton County","Iowa",95,96,105,110,114,134,136,186,135,149,180,160,169,0,265,0,0,0
"Lynnville","Jasper County","Iowa",391,379,366,393,406,381,411,406,427,426,461,370,347,261,296,0,0,0
"Lytton","Calhoun/Sac County","Iowa",304,315,305,320,377,378,376,373,335,373,278,0,0,0,0,0,0,0
"Macedonia","Pottawattamie County","Iowa",244,246,325,262,279,330,290,298,329,314,352,357,295,0,0,0,0,0
"Macksburg","Madison County","Iowa",110,113,142,110,132,142,174,220,255,218,228,197,235,186,204,0,0,0
"Madrid","Boone County","Iowa",2553,2543,2264,2395,2281,2448,2286,1829,2074,2061,1783,1191,1021,565,200,0,0,0
"Magnolia","Harrison County","Iowa",175,183,200,204,207,206,215,207,242,271,299,311,0,0,194,0,0,0
"Maharishi Vedic City","Jefferson County","Iowa",1300,259,0,0,0,0,0,0,0,0,0,0,0,0,0,0,0,0
"Malcom","Poweshiek County","Iowa",283,287,352,447,418,388,416,406,447,381,413,377,404,372,416,0,0,0
"Mallard","Palo Alto County","Iowa",266,274,298,360,407,384,431,399,438,449,431,331,292,0,0,0,0,0
"Maloy","Ringgold County","Iowa",29,29,28,36,38,45,68,90,95,112,121,127,0,0,0,0,0,0
"Malvern","Mills County","Iowa",1118,1142,1256,1210,1244,1158,1193,1263,1325,1320,1195,1154,1166,1003,748,0,0,0
"Manchester","Delaware County","Iowa",5087,5179,5257,5137,4942,4641,4402,3987,3762,3413,3111,2758,2887,2344,2275,1492,0,0
"Manilla","Crawford County","Iowa",777,776,839,898,1020,943,939,1035,1040,1032,1142,875,773,526,0,0,0,0
"Manly","Worth County","Iowa",1325,1323,1342,1349,1496,1294,1425,1473,1445,1447,1476,346,359,0,84,0,0,0
"Manning","Carroll County","Iowa",1485,1500,1490,1484,1609,1656,1676,1801,1748,1817,1863,1434,1169,1233,0,0,0,0
"Manson","Calhoun County","Iowa",1627,1690,1893,1844,1924,1993,1789,1622,1429,1382,1409,1236,1424,822,377,0,0,0
"Mapleton","Monona County","Iowa",1217,1224,1416,1294,1495,1647,1686,1857,1824,1622,1367,1100,1099,782,379,0,0,0
"Maquoketa","Jackson County","Iowa",6012,6141,6112,6111,6313,5677,5909,4307,4076,3595,3626,3570,3777,3077,2467,1756,1090,168
"Marathon","Buena Vista County","Iowa",241,237,302,320,442,447,516,565,597,573,520,532,659,0,0,0,0,0
"Marble Rock","Floyd County","Iowa",303,307,326,361,419,461,442,470,660,441,483,480,573,433,409,0,0,0
"Marcus","Cherokee County","Iowa",1096,1117,1139,1171,1206,1272,1307,1263,1206,1138,1091,896,718,671,171,0,0,0
"Marengo","Iowa County","Iowa",2513,2528,2535,2270,2308,2235,2264,2151,2260,2112,2048,1786,2007,1710,1738,1693,0,50
"Marion","Linn County","Iowa",36774,34768,26294,20403,19474,18028,10882,5916,4721,4348,4138,4400,4102,3094,1939,1822,1367,0
"Marne","Cass County","Iowa",116,120,149,149,162,187,205,214,245,255,284,266,410,0,0,0,0,0
"Marquette","Clayton County","Iowa",453,375,421,479,528,509,572,641,747,814,923,588,616,509,510,0,0,0
"Marshalltown","Marshall County","Iowa",27727,27552,26009,25178,26938,26219,22521,19821,19240,17373,15731,13374,11544,8914,6240,3218,981,0
"Martelle","Jones County","Iowa",254,255,280,290,316,341,247,228,215,185,156,178,158,0,96,0,0,0
"Martensdale","Warren County","Iowa",464,465,467,491,438,306,316,161,172,139,0,0,0,0,0,0,0,0
"Martinsburg","Keokuk County","Iowa",110,112,126,157,174,140,172,219,218,2232,78,285,332,322,154,0,0,0
"Marysville","Marion County","Iowa",66,66,54,65,84,91,113,165,203,149,234,319,322,348,340,266,75,0
"Mason City","Cerro Gordo County","Iowa",27458,28079,29172,29040,30144,30379,30642,27980,27080,23304,20065,11230,6746,4007,2510,1183,0,0
"Masonville","Delaware County","Iowa",124,127,104,129,150,147,168,133,176,207,250,282,0,0,193,0,0,0
"Massena","Cass County","Iowa",345,355,414,372,518,433,456,459,479,475,500,490,475,279,0,0,0,0
"Matlock","Sioux County","Iowa",88,87,83,92,109,89,103,104,112,103,94,118,94,0,0,0,0,0
"Maurice","Sioux County","Iowa",277,275,254,243,288,266,237,256,272,274,329,290,280,0,0,0,0,0
"Maxwell","Story County","Iowa",914,920,807,788,783,758,773,802,812,721,811,754,810,453,0,0,0,0
"Maynard","Fayette County","Iowa",501,518,500,513,561,503,515,455,432,409,387,382,495,371,270,0,0,0
"Maysville","Scott County","Iowa",179,176,163,170,151,170,126,70,44,57,85,55,0,0,0,0,0,0
"McCallsburg","Story County","Iowa",335,333,318,292,304,307,272,290,278,330,261,309,0,0,0,0,0,0
"McCausland","Scott County","Iowa",314,291,299,308,381,226,173,150,115,104,110,106,0,0,0,0,0,0
"McClelland","Pottawattamie County","Iowa",150,151,129,139,177,146,150,159,165,161,142,134,0,0,0,0,0,0
"McGregor","Clayton County","Iowa",838,871,871,797,945,990,1040,1138,1309,1299,1289,1259,1498,1160,1602,2074,1989,0
"McIntire","Mitchell County","Iowa",121,122,173,147,197,234,270,300,300,268,514,487,427,0,0,0,0,0
"Mechanicsville","Cedar County","Iowa",1117,1146,1173,1012,1166,989,1010,850,821,781,812,817,703,612,545,628,195,0
"Mediapolis","Des Moines County","Iowa",1589,1560,1644,1637,1685,1242,1040,834,806,793,780,858,725,489,423,0,0,0
"Melbourne","Marshall County","Iowa",826,830,794,669,732,661,517,510,480,426,481,423,366,0,0,0,0,0
"Melcher-Dallas","Marion County","Iowa",1276,1288,1298,1302,0,0,867,898,1290,0,0,0,0,0,0,0,0,0
"Melrose","Monroe County","Iowa",112,112,130,150,218,192,214,310,451,417,450,459,400,0,378,0,0,0
"Melvin","Osceola County","Iowa",208,214,243,250,277,325,364,325,328,301,282,195,0,0,0,0,0,0
"Menlo","Guthrie County","Iowa",346,353,365,356,410,391,421,421,441,500,476,382,428,389,0,0,0,0
"Meriden","Cherokee County","Iowa",153,159,184,193,233,167,192,164,200,188,218,246,432,241,0,0,0,0
"Merrill","Plymouth County","Iowa",737,755,754,729,737,790,645,605,547,605,633,520,389,0,29,0,0,0
"Meservey","Cerro Gordo County","Iowa",250,256,252,292,324,354,331,297,282,255,282,193,193,0,0,0,0,0
"Middletown","Des Moines County","Iowa",336,318,535,386,487,443,245,229,134,126,112,0,0,0,0,0,0,0
"Miles","Jackson County","Iowa",443,445,462,409,398,409,376,344,314,319,333,334,385,0,0,0,0,0
"Milford","Dickinson County","Iowa",2985,2898,2474,2170,2076,1668,1476,1375,1202,1062,908,575,485,0,235,0,0,0
"Millersburg","Iowa County","Iowa",159,159,184,188,184,187,186,200,177,198,210,0,0,0,221,0,0,0
"Millerton","Wayne County","Iowa",45,45,48,44,72,82,90,140,163,162,159,0,0,0,0,0,0,0
"Millville","Clayton County","Iowa",29,30,23,20,50,27,0,0,0,0,0,0,0,0,0,0,0,0
"Milo","Warren County","Iowa",769,775,839,864,778,561,468,525,528,542,560,519,585,318,160,0,0,0
"Milton","Van Buren County","Iowa",417,443,550,506,567,567,609,719,809,771,845,913,849,643,412,0,0,0
"Minburn","Dallas County","Iowa",388,365,391,346,390,378,357,353,335,328,418,388,317,0,0,0,0,0
"Minden","Pottawattamie County","Iowa",592,599,564,498,483,433,355,328,310,377,381,423,328,287,0,0,0,0
"Mingo","Jasper County","Iowa",301,302,269,252,303,260,260,227,290,313,324,246,0,0,0,0,0,0
"Missouri Valley","Harrison County","Iowa",2692,2838,2992,2888,3107,3519,3567,3546,3994,4230,3985,3187,4010,2797,1154,0,0,0
"Mitchell","Mitchell County","Iowa",136,138,155,170,193,233,237,168,161,177,195,231,245,309,295,829,0,0
"Mitchellville","Polk County","Iowa",2217,2254,1715,1670,1530,1341,957,906,769,702,752,869,768,704,745,0,0,0
"Modale","Harrison County","Iowa",269,283,303,289,373,297,276,283,385,359,381,387,383,288,0,0,0,0
"Mondamin","Harrison County","Iowa",378,402,423,403,423,420,436,489,610,534,508,420,384,257,158,0,0,0
"Monmouth","Jackson County","Iowa",149,153,180,169,210,257,291,198,190,198,200,221,281,0,309,0,0,0
"Monona","Clayton County","Iowa",1510,1549,1550,1520,1530,1395,1346,1346,1191,1163,1049,792,674,460,420,0,0,0
"Monroe","Jasper County","Iowa",1831,1830,1808,1739,1875,1389,1366,1108,1015,936,936,800,917,952,982,0,0,0
"Montezuma","Poweshiek County","Iowa",1444,1462,1440,1651,1485,1353,1416,1460,1477,1257,1273,1172,1210,1062,921,555,564,0
"Monticello","Jones County","Iowa",3809,3796,3607,3522,3641,3509,3190,2888,2546,2259,2257,2043,2104,1938,1877,1337,0,0
"Montour","Tama County","Iowa",248,249,285,312,387,334,452,380,393,370,409,383,502,409,457,0,0,0
"Montrose","Lee County","Iowa",880,898,957,957,1038,735,632,643,592,621,549,708,748,778,983,905,0,454
"Moorhead","Monona County","Iowa",219,226,232,259,264,271,313,392,421,372,381,366,200,0,0,0,0,0
"Moorland","Webster County","Iowa",163,169,197,209,257,269,281,248,215,179,181,137,0,0,0,0,0,0
"Moravia","Appanoose County","Iowa",651,665,713,679,706,699,621,652,731,684,837,682,632,311,173,161,172,0
"Morley","Jones County","Iowa",115,115,88,85,94,123,124,157,119,117,0,0,0,0,0,0,0,0
"Morning Sun","Louisa County","Iowa",821,836,872,841,959,906,875,939,861,856,751,897,948,881,812,314,226,0
"Morrison","Grundy County","Iowa",93,94,97,113,146,136,139,169,161,173,207,173,176,165,116,0,0,0
"Moulton","Appanoose County","Iowa",592,605,658,613,762,763,773,985,1181,1476,1387,1233,1420,769,681,678,0,0
"Mount Auburn","Benton County","Iowa",148,150,160,134,188,200,186,216,223,196,249,228,0,0,0,0,0,0
"Mount Ayr","Ringgold County","Iowa",1680,1691,1822,1796,1938,1762,1738,1793,1930,1704,1738,1646,1729,1265,1275,422,0,0
"Mount Pleasant","Henry County","Iowa",8647,8668,8751,8027,7322,7007,7339,5843,4610,3743,3987,3874,4109,3997,4410,4245,3530,758
"Mount Union","Henry County","Iowa",108,107,132,140,145,173,176,167,186,167,225,195,0,0,44,0,0,0
"Mount Vernon","Linn County","Iowa",4522,4506,3390,3657,3325,3018,2593,2320,1489,1441,1466,1532,1629,1259,977,910,0,0
"Moville","Woodbury County","Iowa",1626,1618,1583,1306,1273,1198,1156,964,973,911,878,552,507,296,0,0,0,0
"Murray","Clarke County","Iowa",734,756,766,731,703,620,613,767,857,828,847,796,949,666,0,0,0,0
"Muscatine","Muscatine County","Iowa",23888,22886,22697,22881,23467,22405,20997,19041,18286,16778,16068,16178,14073,11454,8295,6718,5324,2540
"Mystic","Appanoose County","Iowa",415,425,588,545,665,696,761,1233,1822,1953,2796,2663,1758,875,0,0,0,0
"Nashua","Chickasaw County","Iowa",1636,1663,1618,1476,1846,1712,1737,1609,1439,1363,1317,1102,1268,1240,1116,817,0,0
"Nemaha","Sac County","Iowa",83,85,102,112,120,117,151,184,169,146,166,0,0,0,0,0,0,0
"Neola","Pottawattamie County","Iowa",856,842,845,894,839,968,870,839,841,844,896,926,921,917,286,0,0,0
"Nevada","Story County","Iowa",6779,6798,6658,6009,5912,4952,4227,3763,3353,3133,2668,2138,2472,1662,1541,982,350,0
"New Albin","Allamakee County","Iowa",504,522,527,534,609,644,643,568,602,556,683,588,543,411,423,0,0,0
"New Hampton","Chickasaw County","Iowa",3546,3571,3692,3660,3940,3621,3456,3323,2933,2458,2539,2275,2339,1814,1195,455,0,0
"New Hartford","Butler County","Iowa",511,516,659,683,764,690,649,584,548,500,454,482,570,0,244,0,0,0
"New Liberty","Scott County","Iowa",142,137,121,139,136,141,145,126,125,103,116,93,0,0,0,0,0,0
"New London","Henry County","Iowa",1893,1897,1937,1922,2043,1900,1694,1510,1340,1336,1144,1144,1003,580,658,0,0,0
"New Market","Taylor County","Iowa",405,415,456,454,554,501,506,573,681,630,745,673,600,320,0,0,0,0
"New Providence","Hardin County","Iowa",227,228,227,240,249,208,206,212,236,262,255,246,268,0,146,0,0,0
"New Sharon","Mahaska County","Iowa",1301,1293,1301,1136,1225,944,1063,1089,1214,1052,1084,1122,1252,1026,805,0,0,0
"New Vienna","Dubuque County","Iowa",426,407,400,376,430,392,265,204,229,229,241,188,245,0,0,0,0,0
"New Virginia","Warren County","Iowa",484,489,469,433,512,452,381,342,410,404,424,396,0,0,0,0,0,0
"Newell","Buena Vista County","Iowa",877,876,887,1089,913,877,893,884,854,812,809,728,762,540,348,0,0,0
"Newhall","Benton County","Iowa",853,875,886,854,899,701,495,366,330,336,293,0,0,0,0,0,0,0
"Newton","Jasper County","Iowa",15150,15254,15579,14789,15292,15619,15381,11723,10462,11560,6627,4616,3682,2564,2607,1983,1617,0
"Nichols","Muscatine County","Iowa",372,374,374,366,375,396,329,348,357,369,387,396,398,237,286,0,0,0
"Nodaway","Adams County","Iowa",110,114,132,153,185,176,204,233,270,334,340,323,0,0,108,0,0,0
"Nora Springs","Floyd County","Iowa",1402,1431,1532,1505,1572,1337,1275,1257,1198,1070,1055,985,1209,846,617,0,0,0
"North Buena Vista","Clayton County","Iowa",115,121,124,145,155,118,150,148,203,183,144,162,0,0,0,0,0,0
"North English","Iowa County","Iowa",1026,1041,991,944,990,965,1004,853,865,780,933,848,683,0,0,0,0,0
"North Liberty","Johnson County","Iowa",15386,13374,5367,2926,2046,1055,334,309,282,161,171,0,0,0,0,0,0,0
"North Washington","Chickasaw County","Iowa",116,117,118,107,142,134,156,159,138,110,124,132,0,0,0,0,0,0
"Northboro","Page County","Iowa",57,58,60,78,115,115,135,167,182,246,228,197,0,0,0,0,0,0
"Northwood","Worth County","Iowa",2003,1989,2050,1940,2193,1950,1768,1767,1724,1554,1597,1264,1271,859,844,280,0,0
"Norwalk","Warren County","Iowa",9859,8945,6884,5726,2676,1745,1328,435,377,336,331,315,287,0,0,0,0,0
"Norway","Benton County","Iowa",529,545,601,583,633,554,516,441,407,448,468,479,533,401,0,0,0,0
"Numa","Appanoose County","Iowa",91,92,109,151,205,165,202,248,322,399,602,659,0,0,122,0,0,0
"Oakland","Pottawattamie County","Iowa",1506,1527,1487,1496,1552,1603,1340,1296,1317,1181,1188,1105,913,686,0,0,0,0
"Oakland Acres","Jasper County","Iowa",156,156,166,152,139,0,0,0,0,0,0,0,0,0,0,0,0,0
"Oakville","Louisa County","Iowa",169,173,439,442,470,369,346,360,391,389,466,389,0,0,0,0,0,0
"Ocheyedan","Osceola County","Iowa",472,490,536,539,599,545,662,700,712,627,686,595,599,0,0,0,0,0
"Odebolt","Sac County","Iowa",977,1013,1153,1158,1299,1323,1331,1279,1350,1388,1445,1283,1432,1122,637,0,0,0
"Oelwein","Fayette County","Iowa",6181,6415,6692,6493,7564,7735,8282,7858,7801,7794,7455,6028,5142,830,397,0,0,0
"Ogden","Boone County","Iowa",2034,2044,2023,1909,1953,1661,1525,1486,1513,1429,1451,1298,993,689,568,0,0,0
"Okoboji","Dickinson County","Iowa",809,807,820,775,559,361,330,336,271,176,0,0,0,0,0,0,0,0
"Olds","Henry County","Iowa",235,229,249,205,225,206,189,187,203,227,186,165,0,0,0,0,0,0
"Olin","Jones County","Iowa",692,698,716,663,735,710,703,626,707,632,718,659,692,519,362,0,0,0
"Ollie","Keokuk County","Iowa",211,215,224,207,232,268,291,298,294,294,385,289,238,0,0,0,0,0
"Onawa","Monona County","Iowa",2891,2998,3091,2936,3283,3154,3176,3498,3438,2538,2256,2026,1933,1358,882,478,0,0
"Onslow","Jones County","Iowa",196,197,223,216,218,253,269,244,230,210,218,207,263,237,233,0,0,0
"Orange City","Sioux County","Iowa",6151,6004,5582,4940,4588,3572,2707,2166,1920,1727,1632,1374,1457,1246,320,0,0,0
"Orchard","Mitchell County","Iowa",70,71,88,93,95,115,116,114,126,158,124,0,0,0,133,0,0,0
"Orient","Adair County","Iowa",393,408,402,376,416,324,341,427,442,433,500,373,359,130,31,0,0,0
"Orleans","Dickinson County","Iowa",610,608,583,560,546,396,280,317,244,126,123,105,92,0,0,0,0,0
"Osage","Mitchell County","Iowa",3653,3619,3451,3439,3718,3815,3753,3436,3196,2964,2878,2445,2734,1913,2012,1400,0,0
"Osceola","Clarke County","Iowa",4949,4929,4659,4164,3750,3124,3350,3422,3281,2871,2684,2416,2505,2120,1769,1298,0,0
"Oskaloosa","Mahaska County","Iowa",11541,11463,10938,10632,10989,11224,11053,11124,11024,10123,9427,9466,9212,6558,4598,3204,4393,625
"Ossian","Winneshiek County","Iowa",824,845,853,810,829,847,827,804,822,740,858,749,670,609,444,0,0,0
"Osterdock","Clayton County","Iowa",57,59,50,49,35,59,45,51,78,92,103,97,0,0,0,0,0,0
"Otho","Webster County","Iowa",520,542,571,529,692,581,593,0,0,0,0,0,0,0,0,0,0,0
"Oto","Woodbury County","Iowa",108,108,145,118,172,203,221,302,410,370,333,268,396,247,0,0,0,0
"Ottosen","Humboldt County","Iowa",42,55,61,72,92,93,92,127,152,191,234,147,0,0,0,0,0,0
"Ottumwa","Wapello County","Iowa",24682,25023,24998,24488,27381,29610,33871,33631,31570,28075,23003,22012,18197,14001,9004,5214,1632,0
"Owasa","Hardin County","Iowa",43,43,38,37,65,69,104,100,117,83,0,0,0,0,0,0,0,0
"Oxford","Johnson County","Iowa",829,807,705,663,676,666,633,543,542,521,580,614,664,515,560,0,0,0
"Oxford Junction","Jones County","Iowa",487,496,573,581,600,666,725,663,705,759,807,822,780,752,349,0,0,0
"Oyens","Plymouth County","Iowa",101,103,132,113,146,145,114,95,104,106,100,94,0,0,0,0,0,0
"Pacific Junction","Mills County","Iowa",459,471,507,548,511,505,560,550,558,594,666,501,732,744,123,0,0,0
"Packwood","Jefferson County","Iowa",212,204,223,208,210,157,215,211,256,208,294,264,284,0,0,0,0,0
"Palmer","Pocahontas County","Iowa",162,165,214,230,288,264,271,296,305,297,282,177,0,0,0,0,0,0
"Palo","Linn County","Iowa",1044,1026,614,514,529,430,387,285,250,205,224,208,0,0,135,0,0,0
"Panama","Shelby County","Iowa",216,221,212,201,229,221,257,230,255,256,220,232,221,379,0,0,0,0
"Panora","Guthrie County","Iowa",1093,1124,1175,1100,1211,982,1019,1062,1169,1014,866,1080,958,809,795,504,314,0
"Panorama Park","Scott County","Iowa",139,129,111,127,145,219,140,0,0,0,0,0,0,0,0,0,0,0
"Parkersburg","Butler County","Iowa",1957,1870,1889,1804,1968,1631,1468,1300,1260,1046,1108,938,1164,760,652,0,0,0
"Parnell","Iowa County","Iowa",207,193,220,209,234,175,200,206,263,262,325,369,318,0,0,0,0,0
"Paton","Greene County","Iowa",233,236,265,255,291,329,370,404,394,388,414,358,328,245,84,0,0,0
"Patterson","Madison County","Iowa",161,130,126,128,138,120,157,133,166,123,136,147,163,133,186,0,0,0
"Paullina","O’Brien County","Iowa",1026,1056,1124,1134,1224,1257,1329,1289,1230,1013,987,796,617,510,0,0,0,0
"Pella","Marion County","Iowa",10337,10352,9832,9270,8349,6668,5198,4427,3638,3326,3338,3021,2623,2408,2430,1909,1644,0
"Peosta","Dubuque County","Iowa",1560,1377,651,128,120,57,50,60,45,0,0,0,0,0,0,0,0,0
"Perry","Dallas County","Iowa",8151,7702,7633,6652,7053,6906,6442,6174,5977,5831,5642,4630,3986,2880,952,0,0,0
"Persia","Harrison County","Iowa",301,319,363,312,355,316,322,373,395,396,380,358,361,0,0,0,0,0
"Peterson","Clay County","Iowa",320,334,372,390,470,469,565,589,603,598,580,480,521,371,0,44,0,0
"Pierson","Woodbury County","Iowa",357,366,371,341,408,421,425,453,531,551,554,416,358,0,0,0,0,0
"Pilot Mound","Boone County","Iowa",173,173,214,199,223,214,196,246,282,274,311,347,315,0,0,0,0,0
"Pioneer","Humboldt County","Iowa",23,23,21,46,40,56,448,83,129,98,84,92,0,0,0,0,0,0
"Pisgah","Harrison County","Iowa",240,251,316,268,307,286,343,327,397,400,421,212,0,0,0,0,0,0
"Plainfield","Bremer County","Iowa",428,436,438,455,469,446,445,387,362,293,303,288,320,0,293,0,0,0
"Plano","Appanoose County","Iowa",69,70,58,75,111,109,87,106,209,153,272,0,0,0,0,0,0,0
"Pleasant Hill","Polk County","Iowa",9159,8785,5070,3671,3493,1535,397,0,0,0,0,0,0,0,0,0,0,0
"Pleasant Plain","Jefferson County","Iowa",97,93,131,128,144,121,147,148,171,175,164,174,280,0,202,0,0,0
"Pleasanton","Decatur County","Iowa",46,49,37,58,75,62,103,130,180,177,266,200,164,0,117,0,0,0
"Pleasantville","Marion County","Iowa",1687,1694,1539,1536,1531,1297,1025,893,895,757,859,691,738,510,449,0,0,0
"Plover","Pocahontas County","Iowa",76,77,95,101,135,129,182,243,280,266,246,0,0,0,0,0,0,0
"Plymouth","Cerro Gordo County","Iowa",375,382,429,453,463,461,422,395,427,388,366,358,0,0,239,0,0,0
"Pocahontas","Pocahontas County","Iowa",1754,1789,1970,2085,2352,2338,2011,1949,1730,1308,1302,987,625,0,37,0,0,0
"Polk City","Polk County","Iowa",4177,3418,2344,1908,1658,715,567,336,343,295,277,310,438,446,443,0,0,0
"Pomeroy","Calhoun County","Iowa",633,662,710,762,895,765,816,868,843,826,874,815,910,481,185,0,0,0
"Popejoy","Franklin County","Iowa",78,79,78,92,112,147,190,201,199,207,204,200,0,0,0,0,0,0
"Portsmouth","Shelby County","Iowa",191,195,225,209,240,239,232,299,320,328,280,347,816,250,0,0,0,0
"Postville","Allamakee County","Iowa",2155,2227,2273,1472,1475,1546,1554,1343,1194,1060,1039,952,984,884,732,0,0,0
"Prairie City","Jasper County","Iowa",1695,1680,1365,1360,1278,1141,943,834,831,793,780,764,808,684,591,0,0,0
"Prairieburg","Linn County","Iowa",179,178,175,213,197,182,226,210,193,168,176,187,0,0,154,116,0,0
"Prescott","Adams County","Iowa",252,257,266,287,349,305,331,372,400,442,429,426,446,0,248,0,0,0
"Preston","Jackson County","Iowa",984,1012,949,1025,1120,950,819,684,602,596,648,642,593,489,0,0,0,0
"Primghar","O’Brien County","Iowa",888,909,891,950,1050,995,1131,1152,1081,962,921,733,814,519,143,0,0,0
"Princeton","Scott County","Iowa",928,886,946,806,965,633,580,495,414,373,414,379,456,398,494,498,469,0
"Promise City","Wayne County","Iowa",112,111,105,132,149,148,161,218,225,226,267,274,0,0,203,0,0,0
"Protivin","Howard County","Iowa",280,283,317,305,368,333,302,283,290,277,201,163,136,0,0,0,0,0
"Pulaski","Davis County","Iowa",272,260,249,221,267,255,299,381,400,376,419,382,302,0,196,0,0,0
"Quasqueton","Buchanan County","Iowa",550,554,574,579,599,464,373,374,400,342,453,394,0,0,529,0,0,0
"Quimby","Cherokee County","Iowa",310,319,368,334,424,395,369,398,363,318,363,268,0,0,0,0,0,0
"Radcliffe","Hardin County","Iowa",538,545,607,574,593,548,615,638,631,627,708,660,645,0,0,0,0,0
"Rake","Winnebago County","Iowa",221,225,227,238,283,324,328,351,329,310,254,163,0,0,0,0,0,0
"Ralston","Carroll County","Iowa",76,79,98,119,108,129,143,166,202,184,200,175,0,0,0,0,0,0
"Randalia","Fayette County","Iowa",66,68,84,88,101,81,114,132,121,123,113,123,117,0,0,0,0,0
"Randall","Hamilton County","Iowa",168,173,148,161,171,179,201,202,0,0,0,0,0,0,0,0,0,0
"Randolph","Fremont County","Iowa",158,168,209,243,223,214,257,295,379,344,404,304,373,276,213,0,0,0
"Rathbun","Appanoose County","Iowa",88,89,88,89,93,113,203,229,352,299,630,382,270,0,0,0,0,0
"Raymond","Black Hawk County","Iowa",807,788,537,619,655,582,378,0,0,0,0,0,0,0,122,0,0,0
"Readlyn","Bremer County","Iowa",824,808,786,773,858,616,547,468,426,385,403,227,0,0,0,0,0,0
"Reasnor","Jasper County","Iowa",153,152,194,191,277,284,224,227,221,229,226,0,0,0,0,0,0,0
"Red Oak","Montgomery County","Iowa",5573,5742,6197,6264,6810,6210,6421,6526,5763,5778,5578,4830,4355,3321,3755,1315,0,0
"Redding","Ringgold County","Iowa",81,82,78,119,91,111,129,200,246,272,289,269,311,214,85,0,0,0
"Redfield","Dallas County","Iowa",885,835,833,883,959,921,966,892,898,870,770,659,509,397,0,0,0,0
"Reinbeck","Grundy County","Iowa",1639,1664,1751,1605,1808,1711,1621,1460,1429,1425,1415,1205,1203,731,482,0,0,0
"Rembrandt","Buena Vista County","Iowa",206,203,228,229,291,250,265,296,302,263,270,128,0,0,0,0,0,0
"Remsen","Plymouth County","Iowa",1643,1663,1762,1513,1592,1367,1338,1280,1196,1181,1144,1076,835,580,0,0,0,0
"Renwick","Humboldt County","Iowa",238,242,306,287,410,429,477,474,470,491,501,372,350,0,0,0,0,0
"Rhodes","Marshall County","Iowa",309,305,294,272,367,347,358,369,379,450,439,448,476,0,0,0,0,0
"Riceville","Howard/Mitchell County","Iowa",802,785,840,827,919,877,898,962,910,807,960,844,804,0,191,0,0,0
"Richland","Keokuk County","Iowa",567,584,587,522,600,595,546,591,614,713,639,613,534,531,254,0,0,0
"Rickardsville","Dubuque County","Iowa",179,182,191,171,215,193,0,0,0,0,0,0,0,0,0,0,0,0
"Ricketts","Crawford County","Iowa",145,145,144,105,143,141,133,166,167,157,161,102,0,0,0,0,0,0
"Ridgeway","Winneshiek County","Iowa",310,315,293,295,308,218,267,307,323,348,349,354,371,0,0,0,0,0
"Rinard","Calhoun County","Iowa",52,52,72,71,97,88,99,115,143,140,160,0,0,0,0,0,0,0
"Ringsted","Emmet County","Iowa",406,422,436,481,557,509,559,578,508,486,599,313,0,0,0,0,0,0
"Rippey","Greene County","Iowa",289,292,319,275,304,270,331,354,421,357,409,407,395,0,0,0,0,0
"Riverdale","Scott County","Iowa",415,405,656,433,462,684,477,0,0,0,0,0,0,0,0,0,0,0
"Riverside","Washington County","Iowa",1042,993,928,824,826,758,656,631,633,638,667,652,698,608,412,0,0,0
"Riverton","Fremont County","Iowa",288,304,304,333,342,331,399,472,543,590,568,583,687,560,497,0,0,0
"Robins","Linn County","Iowa",3389,3142,1806,875,726,663,426,272,205,190,110,0,0,0,0,0,0,0
"Rock Falls","Cerro Gordo County","Iowa",153,155,170,130,148,150,156,139,153,109,85,87,124,122,221,0,0,0
"Rock Rapids","Lyon County","Iowa",2580,2549,2573,2601,2693,2632,2780,2640,2556,2221,2172,2005,1766,1394,0,0,0,0
"Rock Valley","Sioux County","Iowa",3626,3354,2702,2540,2706,2205,1693,1581,1507,1204,1347,1198,1054,542,100,0,0,0
"Rockford","Floyd County","Iowa",851,860,907,863,1012,902,941,979,1054,996,1031,916,1080,1010,739,0,0,0
"Rockwell","Cerro Gordo County","Iowa",1023,1039,989,1008,1039,923,772,753,779,750,800,700,830,381,249,0,0,0
"Rockwell City","Calhoun County","Iowa",2149,1709,2264,1981,2276,2396,2313,2333,2391,2108,2039,1528,1222,516,90,0,0,0
"Rodman","Palo Alto County","Iowa",43,45,56,56,86,104,144,123,170,167,158,131,147,0,0,0,0,0
"Rodney","Monona County","Iowa",58,60,74,65,82,66,94,127,131,150,176,163,173,0,0,0,0,0
"Roland","Story County","Iowa",1295,1284,1324,1035,1005,803,748,687,791,759,829,641,557,0,0,0,0,0
"Rolfe","Pocahontas County","Iowa",568,584,675,721,796,767,819,997,1122,1012,1031,954,994,529,0,0,0,0
"Rome","Henry County","Iowa",118,117,113,124,113,135,117,134,119,144,168,155,255,0,276,0,0,0
"Rose Hill","Mahaska County","Iowa",168,168,205,171,214,192,223,243,269,275,260,269,253,200,199,0,0,0
"Rossie","Clay County","Iowa",71,70,58,68,72,91,102,112,95,85,0,0,0,0,0,0,0,0
"Rowan","Wright County","Iowa",154,158,218,189,259,231,273,304,316,330,302,256,0,0,0,0,0,0
"Rowley","Buchanan County","Iowa",267,264,290,272,275,241,234,249,233,205,0,0,0,0,40,0,0,0
"Royal","Clay County","Iowa",430,446,479,466,522,469,475,495,426,410,362,0,0,0,0,0,0,0
"Rudd","Floyd County","Iowa",364,369,431,429,460,429,436,398,410,429,487,296,381,0,170,0,0,0
"Runnells","Polk County","Iowa",513,507,352,306,377,354,322,307,388,367,369,428,0,0,0,0,0,0
"Russell","Lucas County","Iowa",538,554,559,531,593,591,577,566,642,571,633,612,636,443,345,175,0,0
"Ruthven","Palo Alto County","Iowa",701,737,711,707,769,708,712,868,832,739,809,655,787,580,73,0,0,0
"Rutland","Humboldt County","Iowa",127,126,145,149,163,215,221,225,255,222,197,212,0,0,0,0,0,0
"Ryan","Delaware County","Iowa",358,361,410,382,390,343,347,362,341,369,397,511,0,0,0,0,0,0
"Sabula","Jackson County","Iowa",556,576,670,710,824,845,894,888,771,759,865,918,1029,918,1223,920,406,168
"Sac City","Sac County","Iowa",2143,2220,2368,2492,3000,3268,3354,3170,3165,2854,2630,2201,2079,1249,595,156,0,0
"Sageville","Dubuque County","Iowa",103,122,203,288,291,338,110,118,66,0,0,0,0,0,0,0,0,0
"Salem","Henry County","Iowa",378,383,464,453,463,458,442,473,457,400,494,501,548,551,524,0,0,0
"Salix","Woodbury County","Iowa",372,363,370,367,429,387,394,337,392,374,396,390,387,0,0,0,0,0
"Sanborn","O’Brien County","Iowa",1372,1404,1353,1345,1398,1465,1323,1337,1344,1213,1497,1174,1247,1075,364,0,0,0
"Sandyville","Warren County","Iowa",51,51,61,59,86,89,115,92,93,92,94,120,0,0,85,0,0,0
"Scarville","Winnebago County","Iowa",71,72,97,92,82,81,105,105,136,163,140,129,0,0,0,0,0,0
"Schaller","Sac County","Iowa",746,772,779,768,832,835,896,841,758,724,731,646,661,333,0,0,0,0
"Schleswig","Crawford County","Iowa",888,882,833,851,868,875,785,751,628,638,655,455,233,0,0,0,0,0
"Scranton","Greene County","Iowa",543,557,604,583,748,751,865,891,1014,1058,843,845,983,715,0,0,0,0
"Searsboro","Poweshiek County","Iowa",146,148,155,164,134,140,165,183,195,171,204,226,263,153,225,0,0,0
"Sergeant Bluff","Woodbury County","Iowa",4417,4227,3321,2772,2416,1164,813,569,587,569,548,525,0,425,167,0,0,0
"Seymour","Wayne County","Iowa",700,701,810,869,1036,931,1117,1223,1539,1571,1746,2290,1703,1058,501,0,0,0
"Shambaugh","Page County","Iowa",186,191,188,190,197,178,206,251,269,278,250,245,0,0,0,0,0,0
"Shannon City","Ringgold/Union County","Iowa",71,71,70,97,93,100,127,171,288,293,338,292,380,0,0,0,0,0
"Sharpsburg","Taylor County","Iowa",87,89,98,116,114,106,130,147,173,182,183,181,0,0,0,0,0,0
"Sheffield","Franklin County","Iowa",1162,1172,930,1174,1224,1070,1156,1163,1060,1057,1106,824,688,610,307,0,0,0
"Shelby","Shelby County","Iowa",620,641,696,637,665,537,533,592,627,617,588,586,692,582,449,0,0,0
"Sheldahl","Boone/Polk/Story County","Iowa",319,319,336,315,315,285,279,211,206,209,175,202,179,0,0,0,0,0
"Sheldon","O'Brien County","Iowa",5106,5188,4914,4937,5003,4535,4251,4001,3768,3820,3488,2941,2282,1478,730,0,0,0
"Shell Rock","Butler County","Iowa",1328,1296,1298,1385,1478,1159,1112,1013,925,806,815,741,839,733,719,0,0,0
"Shellsburg","Benton County","Iowa",964,983,938,765,771,740,625,632,552,546,590,527,511,468,547,0,0,0
"Shenandoah","Page County","Iowa",5032,5150,5546,5572,6274,5968,6567,6938,6846,6502,5255,4976,3573,2440,1387,0,0,0
"Sherrill","Dubuque County","Iowa",176,177,186,148,208,190,174,162,82,0,0,0,0,0,0,0,0,0
"Shueyville","Johnson County","Iowa",674,577,250,223,287,154,0,0,0,0,0,0,0,0,108,0,0,0
"Sibley","Osceola County","Iowa",2692,2798,2796,2815,3051,2749,2852,2559,2356,1870,1803,1330,1289,1090,301,0,0,0
"Sidney","Fremont County","Iowa",1062,1138,1300,1253,1308,1061,1057,1132,1290,1074,1154,1019,1143,839,855,817,423,0
"Sigourney","Keokuk County","Iowa",2017,2059,2209,2111,2330,2319,2387,2343,2355,2262,2210,2032,1952,1523,1735,992,0,162
"Silver City","Mills County","Iowa",242,245,259,252,291,272,281,311,346,355,430,416,438,324,185,0,0,0
"Sioux Center","Sioux County","Iowa",7389,7048,6002,5074,4588,3450,2275,1860,1680,14971,389,1064,810,0,0,0,0,0
"Sioux City","Woodbury County","Iowa",82517,82684,85013,80505,82003,85925,89159,83991,82364,79183,71227,47828,33111,37806,7366,3401,0,0
"Sioux Rapids","Buena Vista County","Iowa",784,775,720,761,897,813,962,1010,1056,958,1080,868,1005,650,181,61,0,0
"Slater","Story County","Iowa",1506,1489,1306,1268,1312,1094,7175,583,544,568,616,473,426,0,0,0,0,0
"Sloan","Woodbury County","Iowa",975,973,1032,938,978,799,704,654,628,636,608,547,643,449,0,0,0,0
"Smithland","Woodbury County","Iowa",224,224,221,235,282,293,349,373,389,389,321,334,435,369,0,0,0,0
"Soldier","Monona County","Iowa",169,174,207,205,257,242,284,323,308,302,281,167,0,0,0,0,0,0
"Solon","Johnson County","Iowa",2396,2037,1177,1050,969,837,604,527,515,493,471,450,397,353,383,0,0,0
"Somers","Calhoun County","Iowa",110,113,165,161,220,197,203,217,213,199,175,169,0,0,0,0,0,0
"South English","Keokuk County","Iowa",208,212,213,224,211,218,217,248,288,296,355,338,319,0,360,0,0,0
"Spencer","Clay County","Iowa",11206,11233,11317,11066,11726,10278,8864,7446,6599,5019,4599,3005,3095,1813,824,0,0,0
"Spillville","Winneshiek County","Iowa",353,367,386,387,415,361,389,363,329,304,315,320,356,0,340,0,0,0
"Spirit Lake","Dickinson County","Iowa",4945,4840,4261,3871,3976,3014,2685,2467,2161,1778,1701,1162,1219,782,277,76,0,0
"Spragueville","Jackson County","Iowa",81,81,89,118,149,112,100,115,116,86,102,0,0,0,0,0,0,0
"Spring Hill","Warren County","Iowa",63,63,92,86,95,131,111,86,146,101,489,94,0,0,137,0,0,0
"Springbrook","Jackson County","Iowa",141,144,182,116,209,196,139,109,131,103,126,217,107,0,0,0,0,0
"Springville","Linn County","Iowa",1123,1074,1091,1068,1165,970,785,680,608,598,597,588,599,518,365,0,0,0
"St. Ansgar","Mitchell County","Iowa",1146,1107,1031,1063,1100,994,1014,981,934,964,844,747,698,609,552,360,0,0
"St. Anthony","Marshall County","Iowa",103,102,109,112,140,156,130,175,211,202,208,199,174,0,0,0,0,0
"St. Charles","Madison County","Iowa",629,653,619,537,507,443,355,319,331,400,430,399,412,387,183,0,0,0
"St. Donatus","Jackson County","Iowa",132,135,140,145,197,164,0,0,0,0,0,0,0,0,0,0,0,0
"St. Lucas","Fayette County","Iowa",139,143,178,174,194,194,211,158,158,168,137,138,0,0,0,0,0,0
"St. Marys","Warren County","Iowa",127,127,134,113,111,105,94,89,84,89,0,0,0,0,35,0,0,0
"St. Olaf","Clayton County","Iowa",107,108,136,111,138,140,169,158,191,174,149,170,124,0,50,0,0,0
"St. Paul","Lee County","Iowa",130,129,118,120,141,129,128,113,94,89,67,62,65,0,37,0,0,0
"Stacyville","Mitchell County","Iowa",477,494,469,481,538,598,588,544,533,529,513,407,490,0,326,0,0,0
"Stanhope","Hamilton County","Iowa",409,422,488,447,492,482,461,420,425,425,400,281,297,0,0,0,0,0
"Stanley","Buchanan County","Iowa",125,125,128,116,154,151,156,158,185,188,163,0,0,0,0,0,0,0
"Stanton","Montgomery County","Iowa",656,689,714,692,747,574,514,570,571,607,749,653,404,399,0,0,0,0
"Stanwood","Cedar County","Iowa",667,684,680,646,705,642,598,547,569,531,556,511,415,302,0,257,0,0
"State Center","Marshall County","Iowa",1471,1468,1349,1248,1292,1232,1142,1040,1033,1012,975,898,1008,854,880,559,0,0
"Steamboat Rock","Hardin County","Iowa",308,310,336,335,387,394,426,395,385,377,399,378,410,367,523,0,0,0
"Stockport","Van Buren County","Iowa",296,296,284,260,272,334,342,346,338,322,385,265,0,0,0,0,0,0
"Stockton","Muscatine County","Iowa",197,197,182,187,240,222,164,165,124,110,128,138,0,0,116,108,0,0
"Storm Lake","Buena Vista County","Iowa",10895,10600,10076,8769,8814,8591,7728,6954,5274,4157,3658,2428,2169,1682,1034,0,0,0
"Story City","Story County","Iowa",3431,3431,3228,2959,2762,2104,1773,1545,1479,1434,1591,1387,1197,536,331,0,0,0
"Stout","Grundy County","Iowa",222,224,217,192,190,196,145,135,135,143,162,0,0,0,0,0,0,0
"Stratford","Hamilton County","Iowa",720,743,746,715,806,710,703,673,712,699,694,554,458,0,0,0,0,0
"Strawberry Point","Clayton County","Iowa",1243,1279,1386,1357,1463,1281,1303,1247,1223,1128,1101,1052,1012,947,715,0,0,0
"Struble","Plymouth County","Iowa",77,78,85,67,70,59,74,91,134,161,129,327,172,0,0,0,0,0
"Stuart","Adair/Guthrie County","Iowa",1615,1648,1712,1522,1650,1354,1486,1500,1611,1626,1716,1826,2079,2052,1994,0,0,0
"Sully","Jasper County","Iowa",823,821,904,841,828,685,508,452,402,362,393,282,0,0,0,0,0,0
"Sumner","Bremer County","Iowa",2021,2028,2106,2078,2335,2174,2170,1911,1752,1561,1511,1404,1437,861,285,0,0,0
"Superior","Dickinson County","Iowa",129,130,142,128,188,139,190,240,230,168,200,154,187,0,0,0,0,0
"Sutherland","O’Brien County","Iowa",625,649,707,714,897,875,883,835,875,802,876,664,722,490,0,0,0,0
"Swaledale","Cerro Gordo County","Iowa",161,165,174,190,186,222,217,205,204,178,200,235,240,0,0,0,0,0
"Swan","Marion County","Iowa",72,72,121,76,102,56,168,194,217,220,238,292,406,419,99,0,0,0
"Swea City","Kossuth County","Iowa",526,536,642,634,813,774,805,869,735,695,691,402,322,0,0,0,0,0
"Swisher","Johnson County","Iowa",932,879,813,645,654,417,271,205,93,0,0,0,0,0,0,0,0,0
"Tabor","Fremont County","Iowa",985,1040,993,957,1088,957,909,869,976,1017,1186,909,934,503,0,310,0,0
"Tama","Tama County","Iowa",2830,2877,2731,2697,2968,3000,2925,2930,2832,2626,2601,2290,2649,1741,1289,1161,0,0
"Templeton","Carroll County","Iowa",345,362,334,321,319,312,354,385,390,428,373,278,321,269,0,0,0,0
"Tennant","Shelby County","Iowa",66,68,73,78,77,93,95,95,109,118,79,0,0,0,0,0,0,0
"Terril","Dickinson County","Iowa",363,367,404,383,420,397,382,425,452,416,440,253,217,0,0,0,0,0
"Thayer","Union County","Iowa",59,59,66,79,87,100,101,152,157,164,260,198,394,0,0,0,0,0
"Thompson","Winnebago County","Iowa",488,502,596,498,668,600,689,698,664,538,548,500,450,0,0,0,0,0
"Thor","Humboldt County","Iowa",183,186,174,205,200,212,234,271,264,257,285,271,274,0,0,0,0,0
"Thornburg","Keokuk County","Iowa",61,67,84,91,103,98,101,138,184,171,197,233,267,0,65,0,0,0
"Thornton","Cerro Gordo County","Iowa",410,422,422,431,442,410,449,441,398,383,317,271,299,0,0,0,0,0
"Thurman","Fremont County","Iowa",217,229,236,239,221,230,268,284,325,388,341,336,409,395,0,0,0,0
"Tiffin","Johnson County","Iowa",2444,1947,975,460,413,299,311,256,240,206,178,176,0,0,47,0,0,0
"Tingley","Ringgold County","Iowa",181,184,171,179,210,244,278,333,390,358,391,380,488,295,0,0,0,0
"Tipton","Cedar County","Iowa",3202,3221,3155,2998,3055,2877,2862,2633,2518,2145,2142,2048,2513,1599,1299,1246,1186,252
"Titonka","Kossuth County","Iowa",459,476,584,612,607,599,647,589,574,473,418,278,224,0,0,0,0,0
"Toledo","Tama County","Iowa",2250,2341,2539,2380,2445,2361,2850,2106,2073,1825,1604,1626,1941,1836,1026,888,0,0
"Toronto","Clinton County","Iowa",121,124,134,132,172,145,144,165,142,113,139,106,0,0,0,0,0,0
"Traer","Tama County","Iowa",1665,1703,1594,1552,1703,1682,1623,1627,1493,1417,1329,1283,1458,1014,1100,0,0,0
"Treynor","Pottawattamie County","Iowa",940,919,950,897,981,472,368,247,219,232,204,122,0,0,0,0,0,0
"Tripoli","Bremer County","Iowa",1332,1313,1310,1188,1280,1345,1179,1124,1001,891,914,755,655,0,65,0,0,0
"Truesdale","Buena Vista County","Iowa",82,81,91,132,128,132,153,158,135,116,113,0,0,0,0,0,0,0
"Truro","Madison County","Iowa",477,485,427,391,407,359,338,354,353,361,332,310,0,0,0,0,0,0
"Turin","Monona County","Iowa",66,68,75,95,103,115,163,160,184,167,158,164,0,0,0,0,0,0
"Udell","Appanoose County","Iowa",47,47,58,76,75,71,76,96,137,151,214,186,0,0,0,0,0,0
"Underwood","Pottawattamie County","Iowa",938,917,688,515,448,424,337,278,251,261,260,271,0,0,0,0,0,0
"Union","Hardin County","Iowa",387,397,427,448,515,484,534,490,585,498,660,540,589,514,666,0,0,0
"Unionville","Appanoose County","Iowa",101,102,127,133,150,161,185,204,253,221,0,0,0,0,196,183,178,0
"University Heights","Johnson County","Iowa",1125,1051,987,1042,1069,1265,841,446,261,0,0,0,0,0,0,0,0,0
"University Park","Mahaska County","Iowa",484,487,536,604,645,534,569,457,462,443,361,0,0,0,0,0,0,0
"Urbana","Benton County","Iowa",1452,1458,1019,595,574,552,544,414,397,354,477,306,323,0,0,0,0,0
"Urbandale","Polk County","Iowa",43150,39463,29072,23500,17869,14434,5821,1777,1083,596,298,0,0,0,0,0,0,0
"Ute","Monona County","Iowa",355,374,378,395,479,512,511,563,581,616,580,490,407,0,0,0,0,0
"Vail","Crawford County","Iowa",430,436,452,388,490,486,473,532,576,622,635,631,578,538,511,0,0,0
"Valeria","Jasper County","Iowa",57,57,62,69,80,96,76,57,79,57,70,0,0,0,0,0,0,0
"Van Horne","Benton County","Iowa",667,682,716,695,682,613,554,511,551,527,524,444,484,501,0,0,0,0
"Van Meter","Dallas County","Iowa",1133,1016,866,751,747,464,385,364,436,400,358,386,407,467,376,0,0,0
"Van Wert","Decatur County","Iowa",215,230,231,249,245,244,253,318,383,369,463,461,306,0,0,0,0,0
"Varina","Pocahontas County","Iowa",70,71,90,102,122,140,162,144,220,184,235,183,0,0,0,0,0,0
"Ventura","Cerro Gordo County","Iowa",721,717,670,590,614,543,0,0,0,0,0,0,0,0,0,0,0,0
"Victor","Iowa/Poweshiek County","Iowa",889,893,952,966,1046,949,870,741,763,794,802,640,612,616,352,0,0,0
"Villisca","Montgomery County","Iowa",1211,1252,1344,1332,1434,1402,1690,1838,2011,2032,2111,2039,2211,1744,1299,457,0,0
"Vincent","Webster County","Iowa",168,174,158,185,207,204,173,193,192,194,182,215,163,0,0,0,0,0
"Vining","Tama County","Iowa",49,50,70,78,96,71,122,112,126,163,153,0,0,0,0,0,0,0
"Vinton","Benton County","Iowa",5159,5257,5102,5103,5040,4845,4781,4307,4163,3372,3381,3336,3499,2865,2906,2460,0,0
"Volga","Clayton County","Iowa",206,208,247,306,310,305,361,423,429,417,415,416,163,0,344,0,0,0
"Wadena","Fayette County","Iowa",254,262,243,236,230,237,275,316,377,312,318,253,170,0,0,0,0,0
"Wahpeton","Dickinson County","Iowa",343,341,462,484,372,149,117,127,73,0,0,0,0,0,0,0,0,0
"Walcott","Scott County","Iowa",1630,1629,1528,1356,1425,989,654,480,440,398,384,416,362,0,303,0,0,0
"Walford","Benton County","Iowa",1459,1463,1224,303,285,286,264,0,0,0,0,0,0,0,0,0,0,0
"Walker","Linn County","Iowa",792,791,750,673,733,622,584,549,462,456,464,517,505,0,248,0,0,0
"Wall Lake","Sac County","Iowa",803,819,841,875,892,936,812,753,762,749,737,561,659,439,208,0,0,0
"Wallingford","Emmet County","Iowa",193,197,210,196,256,245,228,229,233,225,197,0,0,0,0,0,0,0
"Walnut","Pottawattamie County","Iowa",773,785,778,857,897,870,777,888,902,935,1072,950,878,811,733,0,0,0
"Wapello","Louisa County","Iowa",2037,2067,2124,2013,2011,1873,1745,1755,1603,1502,1480,1326,1398,1009,928,870,821,336
"Washington","Washington County","Iowa",7349,7266,7047,7074,6584,6317,6037,5902,5227,4814,4697,4380,4255,3235,2949,2575,0,0
"Washta","Cherokee County","Iowa",242,248,282,284,320,319,310,403,442,448,508,410,431,0,0,0,0,0
"Waterloo","Black Hawk County","Iowa",68364,68406,68747,66467,75985,75533,71755,65198,51743,46191,36230,26693,12580,6674,5630,4337,0,0
"Waterville","Allamakee County","Iowa",141,144,145,140,157,158,184,199,253,222,183,0,0,0,73,0,0,0
"Waucoma","Fayette County","Iowa",259,257,299,277,308,357,364,385,430,425,457,433,540,406,225,0,0,0
"Waukee","Dallas County","Iowa",17705,13790,5126,2512,2227,1577,687,501,473,445,375,340,292,240,245,0,0,0
"Waukon","Allamakee County","Iowa",3795,3897,4131,4019,3983,3883,3639,3158,2972,2526,2359,2025,2153,1610,1350,0,0,0
"Waverly","Bremer County","Iowa",10106,9874,8968,8539,8444,7205,6357,5124,4156,3652,3352,3205,3177,2346,2345,2291,0,0
"Wayland","Henry County","Iowa",977,966,945,838,720,702,597,600,576,625,637,550,394,0,171,0,0,0
"Webb","Clay County","Iowa",139,141,165,167,222,234,236,235,254,240,219,150,0,0,0,0,0,0
"Webster","Keokuk County","Iowa",73,88,110,103,124,130,137,136,165,173,172,127,0,0,73,0,0,0
"Webster City","Hamilton County","Iowa",7788,8070,8176,7894,8572,8488,8520,7611,6738,7024,5657,5208,4613,2829,1848,1339,0,0
"Weldon","Decatur County","Iowa",120,125,145,151,187,155,202,229,250,298,323,308,0,0,0,0,0,0
"Wellman","Washington County","Iowa",1426,1408,1393,1085,1125,977,1085,1071,1129,853,875,724,654,0,0,0,0,0
"Wellsburg","Grundy County","Iowa",696,707,716,682,761,754,827,744,616,508,482,288,203,0,0,0,0,0
"Welton","Clinton County","Iowa",161,165,159,177,119,104,88,93,100,80,69,69,0,0,79,0,0,0
"Wesley","Kossuth County","Iowa",382,390,467,444,598,548,514,509,468,462,444,457,730,440,0,0,0,0
"West Bend","Palo Alto County","Iowa",762,785,834,862,941,865,910,772,737,634,969,679,538,325,0,0,0,0
"West Branch","Cedar County","Iowa",2349,2322,2188,1908,1867,1322,1053,769,719,652,688,643,647,474,501,0,0,0
"West Burlington","Des Moines County","Iowa",3051,2968,3161,3083,3371,3139,2560,1614,1323,1333,1212,1206,1044,836,0,0,0,0
"West Chester","Washington County","Iowa",148,146,159,178,191,199,253,218,213,223,225,222,209,0,92,0,0,0
"West Des Moines","Polk County","Iowa",63325,56609,46403,31702,21894,16441,11949,5615,4252,4280,3631,2573,1700,0,0,0,0,0
"West Liberty","Muscatine County","Iowa",3733,3736,3332,2935,2723,2296,2042,1866,1802,1679,1834,1666,1690,1268,1141,0,0,0
"West Okoboji","Dickinson County","Iowa",293,289,432,263,435,210,171,158,117,112,0,0,0,0,0,0,0,0
"West Point","Lee County","Iowa",960,966,980,1079,1132,1045,758,662,543,536,591,570,654,498,704,794,0,546
"West Union","Fayette County","Iowa",2433,2486,2549,2490,2783,2624,2551,2141,2059,2056,1777,1652,1935,1676,1551,1489,0,0
"Westfield","Plymouth County","Iowa",130,132,189,160,199,148,187,172,197,218,203,143,0,0,0,0,0,0
"Westgate","Fayette County","Iowa",205,211,234,207,263,204,214,226,247,268,255,232,260,0,0,0,0,0
"Westphalia","Shelby County","Iowa",126,127,160,144,169,121,131,160,126,118,115,0,0,0,55,0,0,0
"Westside","Crawford County","Iowa",302,299,327,348,387,389,367,393,373,341,405,367,396,448,446,0,0,0
"Westwood","Henry County","Iowa",113,112,127,104,0,0,0,0,0,0,0,0,0,0,0,0,0,0
"What Cheer","Keokuk County","Iowa",627,646,678,762,803,868,956,1119,1339,1310,1626,1720,2746,3246,719,0,0,0
"Wheatland","Clinton County","Iowa",740,764,772,723,840,832,643,568,535,539,549,539,475,569,616,788,0,0
"Whiting","Monona County","Iowa",746,762,707,683,734,590,595,663,688,627,625,576,572,437,56,0,0,0
"Whittemore","Kossuth County","Iowa",492,504,530,535,647,658,741,678,671,604,618,518,522,578,105,0,0,0
"Whitten","Hardin County","Iowa",148,149,160,137,168,194,184,174,227,199,225,219,217,195,0,0,0,0
"Willey","Carroll County","Iowa",101,88,103,78,94,72,80,94,86,93,176,0,0,0,0,0,0,0
"Williams","Hamilton County","Iowa",333,344,427,368,410,456,490,519,489,500,495,457,500,0,79,0,0,0
"Williamsburg","Iowa County","Iowa",3175,3068,2622,2174,2033,1544,1342,1183,1308,1219,1251,1060,1100,635,0,0,0,0
"Williamson","Lucas County","Iowa",150,152,163,166,210,216,262,294,616,814,0,0,0,0,0,0,0,0
"Wilton","Muscatine County","Iowa",2795,2802,2829,2577,2502,1873,1750,1446,1146,1104,1178,1157,1233,1212,1431,1317,0,0
"Windsor Heights","Polk County","Iowa",4875,4860,4805,5190,5474,6303,4715,1414,0,0,0,0,0,0,0,0,0,0
"Winfield","Henry County","Iowa",1149,1134,1131,1051,1042,897,862,888,864,933,1027,934,820,461,0,0,0,0
"Winterset","Madison County","Iowa",5141,5190,4768,4196,4021,3654,3639,3570,3631,2921,2906,2818,3039,2281,2583,1485,915,0
"Winthrop","Buchanan County","Iowa",851,850,772,742,767,750,649,604,546,496,507,529,618,370,320,0,0,0
"Wiota","Cass County","Iowa",112,116,149,160,181,171,195,227,246,225,199,239,218,168,110,0,0,0
"Woden","Hancock County","Iowa",223,229,243,259,287,265,283,272,305,258,188,162,0,0,0,0,0,0
"Woodbine","Harrison County","Iowa",1424,1459,1564,1500,1463,1349,1304,1304,1467,1348,1463,1538,1255,815,330,0,0,0
"Woodburn","Clarke County","Iowa",199,202,244,240,207,186,202,255,324,305,375,420,467,336,371,0,0,0
"Woodward","Dallas County","Iowa",1512,1024,1200,1197,1212,1010,967,908,895,901,868,712,550,328,0,0,0,0
"Woolstock","Wright County","Iowa",164,168,204,212,235,222,269,255,271,317,294,264,274,0,0,0,0,0
"Worthington","Dubuque County","Iowa",411,401,381,439,432,365,360,337,326,335,341,314,288,0,169,0,0,0
"Wyoming","Jones County","Iowa",514,515,626,659,702,746,797,724,656,634,690,733,794,704,729,0,0,0
"Yale","Guthrie County","Iowa",245,246,287,220,299,301,260,293,287,304,276,273,0,0,0,0,0,0
"Yetter","Calhoun County","Iowa",33,34,36,49,52,52,85,121,135,114,125,107,0,0,0,0,0,0
"Yorktown","Page County","Iowa",83,85,82,100,123,105,150,146,197,217,193,228,170,0,0,0,0,0
"Zearing","Story County","Iowa",536,554,617,614,630,535,528,514,476,475,471,461,388,242,0,0,0,0
"Zwingle","Dubuque/Jackson County","Iowa",89,91,100,94,119,96,110,132,118,145,124,69,0,0,65,0,0,0
