"NAME","County","STATE",2014,2010,2000,1990,1980,1970,1960,1950,1940,1930,1920,1910,1900,1890,1880,1870,1860
"Abbyville","Reno County","Kansas",88,87,128,140,123,143,118,99,138,147,0,0,0,0,0,0,0
"Abilene","Dickinson County","Kansas",6590,6844,6543,6242,6572,6661,6746,5775,5671,5658,4895,4118,3507,3547,2360,0,0
"Admire","Lyon County","Kansas",154,156,177,147,158,144,149,184,270,263,205,0,0,0,0,0,0
"Agenda","Republic County","Kansas",66,68,81,81,106,107,124,159,179,185,239,0,0,0,0,0,0
"Agra","Phillips County","Kansas",255,267,306,322,321,294,277,354,406,408,361,347,0,0,0,0,0
"Albert","Barton County","Kansas",174,175,181,229,236,235,221,218,174,183,0,0,0,0,0,0,0
"Alden","Rice County","Kansas",147,148,168,182,214,238,239,286,321,286,333,0,0,0,0,0,0
"Alexander","Rush County","Kansas",63,65,75,85,116,129,153,188,171,202,0,0,0,0,0,0,0
"Allen","Lyon County","Kansas",175,177,211,191,205,175,205,241,279,343,295,286,0,0,0,0,0
"Alma","Wabaunsee County","Kansas",813,832,797,871,925,905,838,716,776,811,789,1010,966,1125,362,0,0
"Almena","Norton County","Kansas",397,408,469,423,517,489,555,616,543,703,674,702,491,366,0,0,0
"Altamont","Labette County","Kansas",1049,1080,1092,1048,1054,845,672,652,642,598,603,606,546,454,0,0,0
"Alta Vista","Wabaunsee County","Kansas",436,444,442,477,430,402,400,420,461,436,484,499,0,0,0,0,0
"Alton","Osborne County","Kansas",101,103,117,115,135,214,299,317,435,383,423,414,287,338,0,0,0
"Altoona","Wilson County","Kansas",390,414,485,456,564,475,490,482,707,839,1016,1462,299,265,0,0,0
"Americus","Lyon County","Kansas",879,894,938,891,915,441,300,339,406,430,493,451,332,393,431,0,0
"Andale","Sedgwick County","Kansas",981,928,766,566,538,500,432,316,289,255,259,237,0,0,0,0,0
"Andover","Butler County","Kansas",12509,11791,6698,4047,2801,1880,186,0,0,0,0,0,0,0,0,0,0
"Anthony","Harper County","Kansas",2234,2269,2440,2516,2661,2653,2744,2792,2873,2947,2740,2669,1179,1806,345,0,0
"Arcadia","Crawford County","Kansas",310,310,391,338,460,388,507,572,843,925,1175,694,538,518,0,0,0
"Argonia","Sumner County","Kansas",492,501,534,529,587,591,553,562,532,546,478,466,309,376,0,0,0
"Arkansas City","Cowley County","Kansas",12205,12415,11963,12762,13201,13216,14262,12903,12752,13946,11253,7508,6140,8347,1012,0,0
"Arlington","Reno County","Kansas",459,473,459,457,631,503,466,405,440,501,590,450,312,0,0,0,0
"Arma","Crawford County","Kansas",1464,1481,1529,1542,1676,1348,1296,1334,1615,2004,2180,327,0,0,0,0,0
"Ashland","Clark County","Kansas",835,867,975,1032,1096,1244,1312,1493,1186,1232,1147,910,493,459,0,0,0
"Assaria","Saline County","Kansas",412,413,438,387,414,303,322,221,232,201,234,246,214,180,56,0,0
"Atchison","Atchison County","Kansas",10771,11021,10232,10656,11407,12565,12529,12792,12648,13024,12630,16429,15722,13963,15105,7054,2616
"Athol","Smith County","Kansas",43,44,51,86,90,108,140,203,248,280,294,0,0,0,0,0,0
"Atlanta","Cowley County","Kansas",194,195,255,232,256,216,267,309,286,348,379,330,0,0,0,0,0
"Attica","Harper County","Kansas",592,626,636,716,730,639,845,622,708,756,744,737,311,553,0,0,0
"Atwood","Rawlins County","Kansas",1222,1194,1279,1388,1665,1658,1906,1613,1408,1106,919,680,486,450,0,0,0
"Auburn","Shawnee County","Kansas",1217,1227,1121,908,890,261,0,0,0,0,0,0,0,0,100,0,0
"Augusta","Butler County","Kansas",9242,9274,8423,7876,6968,5977,6434,4483,3821,4033,4219,1235,1197,1343,922,0,0
"Aurora","Cloud County","Kansas",60,60,79,101,130,120,150,221,274,256,275,269,0,0,0,0,0
"Axtell","Marshall County","Kansas",409,406,445,432,470,456,493,510,545,607,617,748,651,643,255,0,0
"Baldwin City","Douglas County","Kansas",4585,4515,3400,2961,2829,2520,1877,1741,1096,1127,1137,1386,1017,935,325,0,0
"Barnard","Lincoln County","Kansas",69,70,123,129,163,190,205,242,306,416,359,425,0,0,0,0,0
"Barnes","Washington County","Kansas",154,159,152,167,257,209,247,308,391,361,395,454,383,0,32,0,0
"Bartlett","Labette County","Kansas",78,80,124,107,163,138,137,143,161,167,222,249,0,0,0,0,0
"Basehor","Leavenworth County","Kansas",5119,4613,2238,1591,1483,724,0,0,0,0,0,0,0,0,0,0,0
"Bassett","Allen County","Kansas",14,14,22,20,31,62,67,117,124,194,319,415,0,0,0,0,0
"Baxter Springs","Cherokee County","Kansas",4073,4238,4602,4351,4730,4489,4498,4647,4921,4541,3608,1598,1641,1248,1177,1284,0
"Bazine","Ness County","Kansas",335,334,311,373,385,386,429,456,465,423,0,0,0,0,0,0,0
"Beattie","Marshall County","Kansas",197,200,277,221,316,288,314,321,389,434,452,497,633,648,270,0,0
"Bel Aire","Sedgwick County","Kansas",7284,6769,5836,3695,0,0,0,0,0,0,0,0,0,0,0,0,0
"Belle Plaine","Sumner County","Kansas",1627,1681,1708,1649,1706,1553,1579,971,878,825,839,849,551,659,348,0,0
"Belleville","Republic County","Kansas",1917,1991,2239,2517,2805,3063,2940,2858,2580,2383,2254,2224,1833,1868,238,0,0
"Beloit","Mitchell County","Kansas",3792,3835,4019,4066,4367,4121,3837,4085,3765,3502,3315,3082,2359,2455,1835,0,0
"Belpre","Edwards County","Kansas",84,84,104,116,154,191,211,231,300,382,488,485,0,0,0,0,0
"Belvue","Pottawatomie County","Kansas",207,205,228,207,212,161,179,193,226,186,199,0,0,0,0,0,0
"Benedict","Wilson County","Kansas",71,73,103,16,111,91,128,176,213,223,275,215,0,0,0,0,0
"Bennington","Ottawa County","Kansas",665,672,623,568,579,561,535,325,369,374,371,386,389,390,0,0,0
"Bentley","Sedgwick County","Kansas",524,530,368,360,311,260,204,0,0,0,0,0,0,0,0,0,0
"Benton","Butler County","Kansas",872,880,827,669,609,517,452,269,235,253,224,240,0,0,0,0,0
"Bern","Nemaha County","Kansas",165,166,204,190,220,191,206,216,236,306,0,0,0,0,0,0,0
"Beverly","Lincoln County","Kansas",159,162,199,131,171,193,199,255,292,328,344,335,0,0,0,0,0
"Bird City","Cheyenne County","Kansas",439,447,482,467,546,671,678,784,694,740,489,190,88,145,0,0,0
"Bison","Rush County","Kansas",247,255,235,252,279,285,291,326,366,397,357,0,0,0,0,0,0
"Blue Mound","Linn County","Kansas",275,275,277,251,319,308,319,424,449,545,570,596,738,689,0,0,0
"Blue Rapids","Marshall County","Kansas",997,1019,1088,1131,1280,1148,1426,1430,1433,1465,1534,1756,1100,936,829,0,0
"Bluff City","Harper County","Kansas",62,65,80,69,95,109,152,172,252,233,272,307,200,194,0,0,0
"Bogue","Graham County","Kansas",142,143,179,150,197,257,234,211,157,0,0,0,0,0,0,0,0
"Bonner Springs","Wyandotte County","Kansas",7553,7314,6768,6413,6266,3884,3171,2277,1837,1837,1599,1462,609,0,0,0,0
"Brewster","Thomas County","Kansas",304,305,285,296,327,320,317,467,408,487,0,0,0,0,0,0,0
"Bronson","Bourbon County","Kansas",311,323,346,343,414,397,354,415,421,450,590,595,361,352,0,0,0
"Brookville","Saline County","Kansas",266,262,259,226,259,238,246,213,221,237,212,280,292,345,511,201,0
"Brownell","Ness County","Kansas",29,29,48,44,92,98,118,211,162,207,0,0,0,0,0,0,0
"Bucklin","Ford County","Kansas",803,794,725,710,786,771,752,824,832,917,835,696,0,0,0,0,0
"Buffalo","Wilson County","Kansas",224,232,284,293,386,321,422,437,555,799,739,807,299,0,0,0,0
"Buhler","Reno County","Kansas",1335,1327,1358,1277,1188,1019,888,750,634,520,486,0,0,0,0,0,0
"Bunker Hill","Russell County","Kansas",95,95,101,111,124,181,200,271,253,298,268,242,0,157,135,0,0
"Burden","Cowley County","Kansas",536,535,564,518,518,503,580,541,522,507,441,424,519,508,157,0,0
"Burdett","Pawnee County","Kansas",244,247,256,248,275,285,0,0,0,0,0,0,0,0,0,0,0
"Burlingame","Osage County","Kansas",900,934,1017,1074,1239,999,1151,1065,1019,1127,1330,1422,1436,1472,1370,655,0
"Burlington","Coffey County","Kansas",2635,2674,2790,2735,2901,2099,2113,2304,2379,2273,2236,2180,2418,2239,2011,960,118
"Burns","Marion County","Kansas",222,228,268,226,224,268,314,294,409,455,622,489,0,0,0,0,0
"Burr Oak","Jewell County","Kansas",168,174,265,278,366,426,473,505,560,595,638,746,671,597,425,0,0
"Burrton","Harvey County","Kansas",893,901,932,866,976,808,774,749,842,649,679,689,627,695,386,0,0
"Bushong","Lyon County","Kansas",34,34,55,57,62,39,51,93,135,193,0,0,0,0,0,0,0
"Bushton","Rice County","Kansas",277,279,314,341,388,397,499,532,473,325,326,222,0,0,0,0,0
"Byers","Pratt County","Kansas",36,35,50,46,47,46,52,83,153,185,212,0,0,0,0,0,0
"Caldwell","Sumner County","Kansas",1034,1068,1284,1351,1401,1540,1788,2000,1962,2046,2191,2205,1574,1642,1005,0,0
"Cambridge","Cowley County","Kansas",83,82,103,74,113,110,140,221,246,277,233,0,0,0,98,0,0
"Caney","Montgomery County","Kansas",2125,2203,2092,2062,2284,2192,2682,2876,2629,2794,3427,3597,887,542,0,0,0
"Canton","McPherson County","Kansas",749,748,829,794,926,893,784,771,796,728,700,684,493,420,396,0,0
"Carbondale","Osage County","Kansas",1405,1437,1478,1526,1518,1041,664,453,415,399,383,461,625,847,710,0,0
"Carlton","Dickinson County","Kansas",42,42,38,39,49,40,78,76,101,138,0,0,0,121,0,0,0
"Cassoday","Butler County","Kansas",128,129,130,95,122,123,0,0,0,0,0,0,0,0,0,0,0
"Cawker City","Mitchell County","Kansas",456,469,521,588,640,726,686,691,657,739,788,870,816,898,1039,0,0
"Cedar","Smith County","Kansas",14,14,26,25,53,46,73,86,144,148,140,0,0,0,0,0,0
"Cedar Point","Chase County","Kansas",27,28,53,39,66,73,87,107,140,141,190,0,0,0,113,0,0
"Cedar Vale","Chautauqua County","Kansas",546,579,723,760,848,665,859,1010,952,1000,1044,948,932,640,218,0,0
"Centralia","Nemaha County","Kansas",508,512,534,452,486,511,527,574,607,682,619,665,655,534,289,0,0
"Chanute","Neosho County","Kansas",9295,9119,9411,9488,10506,10341,10849,10109,10142,10277,10286,9272,4208,2826,887,0,0
"Chapman","Dickinson County","Kansas",1379,1393,1241,1264,1255,1132,1095,990,782,819,853,781,627,435,114,0,0
"Chase","Rice County","Kansas",465,477,490,577,753,800,922,961,825,278,286,263,0,358,0,0,0
"Chautauqua","Chautauqua County","Kansas",106,111,113,132,156,137,205,215,254,282,401,348,0,0,0,0,0
"Cheney","Sedgwick County","Kansas",2153,2094,1783,1560,1404,1160,1101,777,714,669,636,734,429,304,0,0,0
"Cherokee","Crawford County","Kansas",716,714,722,651,775,790,797,849,1101,1158,1091,1452,1326,1087,556,0,0
"Cherryvale","Montgomery County","Kansas",2283,2367,2386,2464,2769,2609,2783,2952,3185,4251,4698,4304,3472,2104,690,0,0
"Chetopa","Labette County","Kansas",1091,1125,1281,1357,1751,1596,1538,1671,1606,1344,1519,1548,2019,2265,1305,960,0
"Cimarron","Gray County","Kansas",2240,2184,1934,1626,1491,1373,1115,1189,1004,1035,599,587,237,0,0,0,0
"Circleville","Jackson County","Kansas",171,170,185,153,164,178,151,169,216,211,226,265,223,215,122,0,0
"Claflin","Barton County","Kansas",638,645,705,678,764,887,891,921,747,607,648,554,0,0,0,0,0
"Clay Center","Clay County","Kansas",4177,4334,4564,4613,4948,4963,4613,4528,4518,4386,3715,3438,3069,2802,1753,0,0
"Clayton","Norton/Decatur County","Kansas",58,59,66,91,102,127,161,157,153,226,258,191,0,0,0,0,0
"Clearwater","Sedgwick County","Kansas",2531,2481,2178,1875,1684,1435,1073,647,591,669,647,569,368,408,0,0,0
"Clifton","Washington County","Kansas",537,554,557,561,695,718,746,743,670,713,631,614,609,622,142,0,0
"Climax","Greenwood County","Kansas",69,72,64,57,81,64,81,91,157,129,0,0,0,0,0,0,0
"Clyde","Cloud County","Kansas",703,716,740,793,909,946,1025,1067,1060,1174,1063,1057,1157,1137,956,0,0
"Coats","Pratt County","Kansas",85,83,112,127,153,152,152,255,304,345,383,269,0,0,0,0,0
"Coffeyville","Montgomery County","Kansas",9876,10295,11021,12917,15185,15116,17382,17113,17355,16198,13452,12687,4953,2282,753,0,0
"Colby","Thomas County","Kansas",5388,5387,5450,5396,5544,4658,4210,3859,2458,2153,1114,1130,641,516,0,0,0
"Coldwater","Comanche County","Kansas",855,828,792,939,989,1016,1164,1208,1214,1296,1207,684,263,480,0,0,0
"Collyer","Trego County","Kansas",106,109,133,144,151,182,233,282,268,243,190,0,0,0,0,0,0
"Colony","Anderson County","Kansas",402,408,397,447,474,382,419,386,420,596,997,530,483,474,114,0,0
"Columbus","Cherokee County","Kansas",3186,3312,3396,3268,3426,3356,3395,3490,3402,3235,3155,3064,2310,2160,1164,402,0
"Colwich","Sedgwick County","Kansas",1362,1327,1229,1091,935,879,703,339,284,260,262,258,225,212,0,0,0
"Concordia","Cloud County","Kansas",5311,5395,5714,6167,6847,7221,7022,7175,6255,5792,4705,4415,3401,3184,1853,0,0
"Conway Springs","Sumner County","Kansas",1239,1272,1322,1384,1313,1153,1057,816,849,981,1120,1292,714,681,0,0,0
"Coolidge","Hamilton County","Kansas",93,95,86,90,82,102,117,168,132,135,144,145,288,472,0,0,0
"Copeland","Gray County","Kansas",303,310,339,290,323,267,247,242,262,423,0,0,0,0,0,0,0
"Corning","Nemaha County","Kansas",156,157,170,142,158,162,240,254,352,340,419,411,425,291,63,0,0
"Cottonwood Falls","Chase County","Kansas",877,903,966,889,954,987,971,957,1078,963,1044,899,842,770,518,0,0
"Council Grove","Morris County","Kansas",2105,2182,2321,2228,2381,2403,2664,2722,2875,2898,2857,2545,2265,2211,1042,712,0
"Courtland","Republic County","Kansas",277,285,334,343,377,403,384,367,383,430,411,454,286,267,0,0,0
"Coyville","Wilson County","Kansas",44,46,71,78,98,93,133,106,175,196,232,227,0,0,0,0,0
"Cuba","Republic County","Kansas",150,156,231,242,286,290,336,345,363,403,432,466,445,415,0,0,0
"Cullison","Pratt County","Kansas",104,101,98,120,154,117,129,174,239,256,249,256,0,0,0,0,0
"Culver","Ottawa County","Kansas",121,121,164,162,167,148,200,153,195,206,234,326,0,0,0,0,0
"Cunningham","Kingman County","Kansas",470,454,514,535,540,483,618,510,451,412,462,395,0,0,0,0,0
"Damar","Rooks County","Kansas",132,132,155,112,204,245,361,305,263,0,0,0,0,0,0,0,0
"Danville","Harper County","Kansas",36,38,59,56,71,80,118,122,134,130,0,0,0,0,0,0,0
"Dearing","Montgomery County","Kansas",408,431,415,428,475,338,249,261,273,324,295,250,0,0,0,0,0
"Deerfield","Kearny County","Kansas",687,700,884,677,538,474,442,440,356,325,284,152,0,0,0,0,0
"Delia","Jackson County","Kansas",170,169,179,172,181,168,163,164,222,269,244,0,0,0,0,0,0
"Delphos","Ottawa County","Kansas",351,359,469,494,570,599,619,676,714,678,870,767,648,561,256,0,0
"Denison","Jackson County","Kansas",188,187,231,225,231,248,184,166,176,202,240,295,0,0,0,0,0
"Denton","Doniphan County","Kansas",148,148,186,166,156,162,161,157,156,193,193,337,247,0,0,0,0
"Derby","Sedgwick County","Kansas",23234,22158,17807,14699,9786,7947,6458,432,256,294,247,235,0,256,0,0,0
"De Soto","Johnson County","Kansas",6038,5720,4561,2291,2061,1839,1271,518,383,384,345,337,0,0,219,0,0
"Dexter","Cowley County","Kansas",276,278,364,320,366,286,291,354,424,484,497,512,380,371,146,0,0
"Dighton","Lane County","Kansas",1000,1038,1261,1361,1390,1540,1526,1246,974,803,503,370,194,304,0,0,0
"Dodge City","Ford County","Kansas",28117,27340,25176,21129,18001,14127,13520,11262,8487,10059,5061,3214,1942,1763,996,0,0
"Dorrance","Russell County","Kansas",186,185,205,195,220,234,331,365,414,325,299,281,0,0,0,0,0
"Douglass","Butler County","Kansas",1692,1700,1813,1722,1450,1126,1058,729,760,804,1010,657,755,737,369,0,0
"Downs","Osborne County","Kansas",873,900,1038,1119,1324,1268,1206,1221,1219,1383,1508,1427,938,938,465,0,0
"Dresden","Decatur County","Kansas",40,41,51,73,84,103,134,162,180,231,0,0,0,0,0,0,0
"Dunlap","Morris County","Kansas",29,30,81,65,82,102,134,134,219,273,300,333,400,408,247,0,0
"Durham","Marion County","Kansas",108,112,114,119,130,143,183,229,245,254,288,268,0,0,0,0,0
"Dwight","Morris County","Kansas",263,272,330,365,320,322,281,281,295,334,246,298,0,0,0,0,0
"Earlton","Neosho County","Kansas",53,55,80,69,79,102,104,141,174,166,381,0,0,0,43,0,0
"Eastborough","Sedgwick County","Kansas",769,773,826,896,854,1141,1001,708,312,0,0,0,0,0,0,0,0
"Easton","Leavenworth County","Kansas",257,253,362,405,460,435,320,255,255,277,228,310,0,0,0,0,0
"Edgerton","Johnson County","Kansas",1703,1671,1440,1244,1214,513,414,266,264,278,323,443,310,321,0,0,0
"Edmond","Norton County","Kansas",48,49,47,37,56,90,91,110,180,197,213,0,0,0,0,0,0
"Edna","Labette County","Kansas",430,442,423,438,537,418,442,422,507,502,500,489,374,321,26,0,0
"Edwardsville","Wyandotte County","Kansas",4380,4340,4146,3979,3364,619,513,274,243,228,203,0,0,0,106,0,0
"Effingham","Atchison County","Kansas",526,546,588,540,634,605,564,525,676,646,616,674,634,361,187,0,0
"Elbing","Butler County","Kansas",227,229,218,184,175,128,105,98,101,110,230,0,0,0,0,0,0
"El Dorado","Butler County","Kansas",12879,13021,12057,11504,11551,12308,12523,11037,10045,10311,10995,3129,3466,3339,1411,0,0
"Elgin","Chautauqua County","Kansas",85,89,82,118,139,115,143,212,336,446,600,0,0,0,55,0,0
"Elk City","Montgomery County","Kansas",314,325,305,334,404,432,498,524,680,607,725,659,709,796,383,0,0
"Elk Falls","Elk County","Kansas",101,107,112,122,151,124,179,276,294,288,203,271,0,350,513,0,0
"Elkhart","Morton County","Kansas",2113,2205,2233,2318,2243,2089,1780,1132,902,1435,1160,0,0,0,0,0,0
"Ellinwood","Barton County","Kansas",2098,2131,2164,2329,2508,2416,2729,2569,2059,1115,1103,976,760,684,352,0,0
"Ellis","Ellis County","Kansas",2074,2062,1873,1814,2062,2137,2218,2649,2042,1957,1876,1404,932,1107,689,0,0
"Ellsworth","Ellsworth County","Kansas",3076,3120,2965,2294,2465,2080,2361,2193,2227,2072,2065,2041,1549,1620,929,0,0
"Elmdale","Chase County","Kansas",53,55,50,83,109,102,114,180,239,246,248,253,0,0,95,0,0
"Elsmore","Allen County","Kansas",74,77,73,91,104,116,128,152,180,203,237,216,0,0,0,0,0
"Elwood","Doniphan County","Kansas",1204,1224,1145,1079,1275,1283,1191,1020,1014,849,750,636,623,377,323,0,0
"Emmett","Pottawatomie County","Kansas",191,191,277,165,223,156,123,143,191,268,0,0,0,0,0,0,0
"Emporia","Lyon County","Kansas",24560,24916,26760,25512,25287,23327,18190,15669,13188,14067,11273,9058,8223,7551,4631,2168,0
"Englewood","Clark County","Kansas",75,77,109,96,111,158,243,341,377,477,466,518,181,175,0,0,0
"Ensign","Gray County","Kansas",184,187,203,192,209,237,255,227,202,244,0,0,0,0,0,0,0
"Enterprise","Dickinson County","Kansas",825,855,836,865,839,868,1015,795,671,764,975,706,798,804,411,0,0
"Erie","Neosho County","Kansas",1108,1150,1211,1276,1415,1414,1309,1296,1286,1184,1167,1300,1111,1176,270,418,0
"Esbon","Jewell County","Kansas",98,99,148,167,234,206,237,278,292,319,375,347,0,0,0,0,0
"Eskridge","Wabaunsee County","Kansas",520,534,589,518,603,589,519,601,648,726,759,797,612,548,0,0,0
"Eudora","Douglas County","Kansas",6303,6136,4307,3006,2934,2071,1526,929,603,599,627,640,640,618,572,0,0
"Eureka","Greenwood County","Kansas",2485,2633,2914,2974,3425,3576,4055,3958,3803,3698,2606,2333,2091,2259,1127,0,0
"Everest","Brown County","Kansas",281,284,314,310,331,304,348,363,375,386,403,436,502,478,0,0,0
"Fairview","Brown County","Kansas",255,260,271,306,258,283,272,336,333,367,386,386,395,0,0,0,0
"Fairway","Johnson County","Kansas",3969,3882,3952,4173,4619,5227,5398,1816,0,0,0,0,0,0,0,0,0
"Fall River","Greenwood County","Kansas",154,162,156,113,173,191,226,261,336,339,376,383,371,454,102,0,0
"Florence","Marion County","Kansas",444,465,671,636,729,777,853,1009,1329,1493,1517,1168,1178,1229,954,0,0
"Fontana","Miami County","Kansas",222,224,149,131,173,160,138,168,174,187,206,246,237,256,174,0,0
"Ford","Ford County","Kansas",220,216,314,247,272,246,252,244,296,382,272,205,82,148,0,0,0
"Formoso","Jewell County","Kansas",92,93,129,128,166,180,192,271,293,381,374,453,0,0,0,0,0
"Fort Scott","Bourbon County","Kansas",7874,8087,8297,8362,8893,8967,9410,10335,10557,10763,10693,10463,10322,11946,5372,4174,262
"Fowler","Meade County","Kansas",560,590,567,571,592,588,717,778,563,724,490,473,0,0,0,0,0
"Frankfort","Marshall County","Kansas",711,726,855,927,1038,960,1106,1237,1243,1346,1314,1426,1167,1053,0,0,0
"Frederick","Rice County","Kansas",18,18,11,18,29,39,48,53,84,135,145,151,0,123,0,0,0
"Fredonia","Wilson County","Kansas",2372,2482,2600,2599,3047,3080,3233,3257,3524,3446,3954,3040,1650,1515,923,0,0
"Freeport","Harper County","Kansas",5,5,6,8,12,21,31,30,67,105,56,161,83,138,0,0,0
"Frontenac","Crawford County","Kansas",3444,3437,2996,2588,2586,2223,1713,1569,1766,2085,3225,3396,1805,600,0,0,0
"Fulton","Bourbon County","Kansas",160,163,184,191,194,213,207,243,309,393,411,416,424,506,263,0,0
"Galatia","Barton County","Kansas",39,39,61,47,69,78,73,89,150,194,0,0,0,0,0,0,0
"Galena","Cherokee County","Kansas",2966,3085,3287,3308,3587,3712,3827,4029,4375,4736,4712,6096,10155,2496,1463,0,0
"Galesburg","Neosho County","Kansas",122,126,150,160,181,146,128,189,165,199,205,183,0,0,63,0,0
"Galva","McPherson County","Kansas",898,870,701,651,651,522,442,426,463,358,350,322,300,255,87,0,0
"Garden City","Finney County","Kansas",27004,26658,28451,24097,18256,14790,11811,10905,6285,6121,3848,3171,1590,1490,0,0,0
"Garden Plain","Sedgwick County","Kansas",879,849,797,731,775,678,560,323,323,336,361,296,0,0,0,0,0
"Gardner","Johnson County","Kansas",20667,19123,9396,3191,2392,1839,1619,676,510,493,514,514,475,515,203,0,0
"Garfield","Pawnee County","Kansas",188,190,198,236,277,261,278,297,335,451,368,333,0,0,0,0,0
"Garnett","Anderson County","Kansas",3295,3415,3368,3210,3310,3169,3034,2693,2607,2768,2329,2334,2078,2191,1389,1219,0
"Gas","Allen County","Kansas",532,564,556,505,543,438,342,294,357,326,367,1281,0,0,0,0,0
"Gaylord","Smith County","Kansas",111,114,145,173,203,211,239,231,245,291,356,308,302,314,231,0,0
"Gem","Thomas County","Kansas",88,88,96,104,101,80,116,118,125,200,0,0,0,0,0,0,0
"Geneseo","Rice County","Kansas",267,267,272,382,496,453,558,660,632,536,561,566,466,399,0,0,0
"Geuda Springs","Sumner County","Kansas",183,185,212,219,217,223,223,245,275,340,266,254,218,355,0,0,0
"Girard","Crawford County","Kansas",2773,2789,2773,2794,2888,2591,2350,2426,2554,2442,3161,2446,2473,2541,1289,0,0
"Glade","Phillips County","Kansas",94,96,114,101,131,180,133,107,0,0,0,0,0,0,0,0,0
"Glasco","Cloud County","Kansas",487,498,536,556,710,767,812,803,741,707,724,720,509,461,207,0,0
"Glen Elder","Mitchell County","Kansas",435,445,439,448,491,422,444,582,555,617,615,565,481,407,165,0,0
"Goddard","Sedgwick County","Kansas",4692,4344,2037,1804,1427,955,533,274,248,255,255,225,225,210,0,0,0
"Goessel","Marion County","Kansas",514,539,565,506,421,386,327,0,0,0,0,0,0,0,0,0,0
"Goff","Nemaha County","Kansas",125,126,181,156,196,207,259,315,339,437,398,422,365,0,29,0,0
"Goodland","Sherman County","Kansas",4554,4489,4948,4983,5708,5510,4459,4690,3306,3626,2664,1993,1059,1027,0,0,0
"Gorham","Russell County","Kansas",335,334,360,284,355,379,429,375,0,0,0,0,0,0,0,0,0
"Gove City","Gove County","Kansas",80,80,105,103,148,172,228,206,284,241,132,196,162,118,0,0,0
"Grainfield","Gove County","Kansas",275,277,327,357,417,374,389,371,341,343,290,309,115,99,77,0,0
"Grandview Plaza","Geary County","Kansas",1670,1560,1184,1233,1189,734,0,0,0,0,0,0,0,0,0,0,0
"Great Bend","Barton County","Kansas",15840,15995,15345,15427,16608,16133,16670,12665,9044,5548,4460,4622,2470,2450,1071,0,0
"Greeley","Anderson County","Kansas",296,302,327,339,405,368,415,436,387,504,496,492,394,514,285,145,0
"Green","Clay County","Kansas",128,128,147,150,155,163,190,219,246,293,297,289,0,0,0,0,0
"Greenleaf","Washington County","Kansas",314,331,357,353,462,448,562,614,739,660,778,781,854,916,316,0,0
"Greensburg","Kiowa County","Kansas",779,777,1574,1792,1885,1907,1988,1723,1417,1338,1215,1199,343,515,0,0,0
"Grenola","Elk County","Kansas",203,216,231,256,335,290,349,380,517,552,547,532,666,608,0,0,0
"Gridley","Coffey County","Kansas",337,341,372,356,404,328,321,360,418,434,321,0,0,0,0,0,0
"Grinnell","Gove County","Kansas",258,259,329,348,410,449,396,364,289,303,162,0,0,0,0,0,0
"Gypsum","Saline County","Kansas",395,405,414,365,423,391,593,523,615,638,732,623,552,530,0,0,0
"Haddam","Washington County","Kansas",100,104,169,195,239,289,311,375,384,381,392,408,355,419,93,0,0
"Halstead","Harvey County","Kansas",2084,2085,1873,2015,1994,1716,1598,1328,1397,1373,1163,1004,914,1071,0,0,0
"Hamilton","Greenwood County","Kansas",255,268,334,301,363,349,400,456,519,549,398,325,0,206,0,0,0
"Hamlin","Brown County","Kansas",45,46,53,50,80,95,99,118,174,183,211,208,258,216,135,0,0
"Hanover","Washington County","Kansas",665,682,653,696,802,793,773,854,896,880,947,1039,987,903,578,0,0
"Hanston","Hodgeman County","Kansas",207,206,259,326,257,282,279,286,251,264,0,0,0,0,0,0,0
"Hardtner","Barber County","Kansas",175,172,199,198,336,300,372,373,313,341,385,0,0,0,0,0,0
"Harper","Harper County","Kansas",1398,1473,1567,1735,1823,1665,1899,1672,1695,1485,1770,1638,1151,1579,0,0,0
"Hartford","Lyon County","Kansas",367,371,500,541,551,478,337,395,491,516,575,589,553,441,0,0,0
"Harveyville","Wabaunsee County","Kansas",246,236,267,267,280,279,204,236,302,321,333,331,0,0,0,0,0
"Havana","Montgomery County","Kansas",100,104,86,121,169,144,162,215,253,289,318,227,0,0,0,0,0
"Haven","Reno County","Kansas",1225,1237,1175,1198,1125,1146,982,720,653,553,1301,528,0,0,0,0,0
"Havensville","Pottawatomie County","Kansas",144,133,146,135,183,163,166,208,232,263,333,412,437,0,180,0,0
"Haviland","Kiowa County","Kansas",684,701,612,624,770,705,725,606,499,641,607,568,0,0,0,0,0
"Hays","Ellis County","Kansas",21044,20510,20013,17767,16301,15396,11947,8625,6385,4618,3165,1961,1136,1242,850,0,0
"Haysville","Sedgwick County","Kansas",11112,10826,8502,8364,8006,6531,5836,0,0,0,0,0,0,0,0,0,0
"Hazelton","Barber County","Kansas",95,93,144,128,143,176,246,250,260,299,281,315,143,319,0,0,0
"Hepler","Crawford County","Kansas",132,132,154,150,165,152,178,224,259,210,241,276,215,269,100,0,0
"Herington","Dickinson County","Kansas",2413,2526,2563,2685,2930,3165,3702,3775,3804,4519,4065,3273,1607,1353,0,0,0
"Herndon","Rawlins County","Kansas",133,129,149,170,220,268,339,321,443,430,411,273,0,0,0,0,0
"Hesston","Harvey County","Kansas",3734,3709,3509,3012,3013,1926,1103,686,403,526,0,0,0,0,0,0,0
"Hiawatha","Brown County","Kansas",3108,3172,3417,3603,3702,3365,3391,3294,3238,3302,3222,2974,2829,2486,1375,0,0
"Highland","Doniphan County","Kansas",1015,1012,976,942,954,899,755,717,764,788,809,763,780,493,441,282,120
"Hill City","Graham County","Kansas",1454,1474,1604,1835,2028,2071,2421,1432,1115,1027,732,983,468,545,0,0,0
"Hillsboro","Marion County","Kansas",2893,2993,2854,2704,2717,2730,2441,2150,1580,1458,1451,1134,754,555,133,0,0
"Hoisington","Barton County","Kansas",2664,2706,2975,3182,3678,3710,4248,4012,3719,3001,2395,1975,789,446,0,0,0
"Holcomb","Finney County","Kansas",2120,2094,2026,1400,816,272,0,0,0,0,0,0,0,0,0,0,0
"Hollenberg","Washington County","Kansas",20,21,31,28,57,47,55,97,128,0,0,0,0,0,0,0,0
"Holton","Jackson County","Kansas",3316,3329,3353,3196,3132,3063,3028,2705,2885,2705,2703,2842,3082,2727,0,0,0
"Holyrood","Ellsworth County","Kansas",437,447,464,492,567,593,737,748,559,432,421,361,0,0,0,0,0
"Hope","Dickinson County","Kansas",348,368,372,404,468,438,463,480,500,556,589,567,557,632,0,0,0
"Horace","Greeley County","Kansas",73,70,143,168,137,137,195,258,234,230,212,189,90,150,0,0,0
"Horton","Brown County","Kansas",1732,1776,1967,1885,2130,2177,2361,2354,2872,4049,4009,3600,3398,3316,0,0,0
"Howard","Elk County","Kansas",642,687,808,815,965,918,1017,1149,1170,1069,1060,1163,1207,1015,683,0,0
"Hoxie","Sheridan County","Kansas",1189,1201,1244,1342,1462,1419,1289,1157,957,800,616,532,250,245,0,0,0
"Hoyt","Jackson County","Kansas",662,669,571,489,536,420,283,246,238,228,282,0,0,0,0,0,0
"Hudson","Stafford County","Kansas",125,129,133,159,157,181,201,194,221,197,235,253,0,0,0,0,0
"Hugoton","Stevens County","Kansas",3966,3904,3708,3179,3165,2739,2912,2781,1349,1368,644,105,54,136,0,0,0
"Humboldt","Allen County","Kansas",1886,1953,1999,2178,2230,2249,2285,2308,2290,2558,2525,2548,1402,1361,1542,1202,0
"Hunnewell","Sumner County","Kansas",66,67,83,87,86,77,83,103,166,205,209,208,233,168,0,0,0
"Hunter","Mitchell County","Kansas",56,57,77,116,135,150,229,236,199,219,205,0,0,0,0,0,0
"Huron","Atchison County","Kansas",53,54,87,75,107,106,119,128,163,149,188,200,200,0,0,0,0
"Hutchinson","Reno County","Kansas",41642,42080,40787,39308,40284,36885,37574,33575,30013,27085,23298,16364,9379,8682,1540,0,0
"Independence","Montgomery County","Kansas",9162,9483,9846,9942,10598,10347,11222,11335,11565,12782,11920,10480,4851,3127,2915,435,0
"Ingalls","Gray County","Kansas",304,306,328,301,274,235,174,173,187,273,0,0,0,0,0,0,0
"Inman","McPherson County","Kansas",1374,1377,1142,1035,947,836,729,615,507,533,482,484,352,0,0,0,0
"Iola","Allen County","Kansas",5553,5704,6302,6351,6938,6493,6885,7094,7244,7160,8513,9032,5791,1706,1096,0,0
"Isabel","Barber County","Kansas",91,90,108,104,137,147,181,205,252,279,341,222,0,0,0,0,0
"Iuka","Pratt County","Kansas",168,163,185,197,235,210,225,129,183,185,198,228,0,0,0,0,0
"Jamestown","Cloud County","Kansas",283,286,399,325,440,470,422,494,490,507,495,462,400,372,101,0,0
"Jennings","Decatur County","Kansas",95,96,146,188,194,224,292,330,311,344,253,259,0,0,0,0,0
"Jetmore","Hodgeman County","Kansas",864,867,903,850,862,936,1028,988,881,914,559,317,230,324,0,0,0
"Jewell","Jewell County","Kansas",424,432,483,529,589,569,582,593,669,707,805,839,736,702,372,0,0
"Johnson City","Stanton County","Kansas",1413,1495,1528,1348,1244,1038,860,994,524,514,0,0,0,143,0,0,0
"Junction City","Geary County","Kansas",24665,23353,18886,20604,19305,19018,18700,13462,8507,7407,7533,5598,4695,4502,2684,0,0
"Kanopolis","Ellsworth County","Kansas",479,492,543,605,729,626,732,743,868,860,762,577,240,272,0,0,0
"Kanorado","Sherman County","Kansas",157,153,248,276,217,278,245,285,322,359,0,0,0,0,0,0,0
"Kansas City","Wyandotte County","Kansas",149636,145786,146866,149767,161148,168213,121901,129553,121458,121857,101177,82331,51418,38316,3200,0,0
"Kechi","Sedgwick County","Kansas",1982,1909,1038,517,288,229,245,0,0,0,0,0,0,0,0,0,0
"Kensington","Smith County","Kansas",461,473,529,553,681,653,619,635,597,546,595,497,0,0,0,0,0
"Kincaid","Anderson County","Kansas",119,122,178,170,192,189,220,309,401,380,443,426,364,284,0,0,0
"Kingman","Kingman County","Kansas",3094,3177,3387,3196,3563,3622,3582,3200,3213,2752,2407,2570,1785,2390,0,0,0
"Kinsley","Edwards County","Kansas",1451,1457,1658,1875,2074,2212,2263,2479,2178,2270,1986,1547,780,771,457,0,0
"Kiowa","Barber County","Kansas",1028,1026,1055,1160,1409,1414,1674,1561,1379,1501,1539,1520,765,893,42,0,0
"Kirwin","Phillips County","Kansas",164,171,229,269,249,293,356,374,392,500,553,626,586,689,807,0,0
"Kismet","Seward County","Kansas",467,459,484,421,368,294,150,180,227,0,0,0,0,0,0,0,0
"Labette","Labette County","Kansas",76,78,68,74,123,105,114,145,140,141,207,0,0,0,0,0,0
"La Crosse","Rush County","Kansas",1290,1342,1376,1427,1618,1583,1767,1769,1407,1355,808,806,536,513,0,0,0
"La Cygne","Linn County","Kansas",1116,1149,1115,1066,1025,989,810,794,932,1019,1028,957,1037,1135,835,0,0
"La Harpe","Allen County","Kansas",552,578,706,650,687,509,529,511,624,756,1001,2080,610,0,0,0,0
"Lake Quivira","Johnson County","Kansas",934,906,932,983,1087,0,0,0,0,0,0,0,0,0,0,0,0
"Lakin","Kearny County","Kansas",2180,2216,2316,2060,1823,1570,1432,1618,709,739,556,337,259,258,0,0,0
"Lancaster","Atchison County","Kansas",292,298,291,299,274,279,196,200,163,188,184,220,292,0,0,0,0
"Lane","Franklin County","Kansas",222,225,256,247,249,254,282,200,234,291,351,272,0,0,166,0,0
"Langdon","Reno County","Kansas",41,42,72,62,84,93,97,128,208,181,204,0,0,0,0,0,0
"Lansing","Leavenworth County","Kansas",11713,11265,9199,7120,5307,3797,1264,0,0,0,0,0,0,1468,933,0,0
"Larned","Pawnee County","Kansas",4023,4054,4236,4490,4811,4567,5001,4447,3533,3532,3139,2911,1583,1861,1066,0,0
"Latham","Butler County","Kansas",138,139,164,160,148,156,203,218,307,291,334,364,0,268,0,0,0
"Latimer","Morris County","Kansas",19,20,21,20,31,29,40,34,84,124,0,0,0,0,0,0,0
"Lawrence","Douglas County","Kansas",92763,87643,80098,65608,52738,45698,32858,23351,14390,13726,12456,12374,10862,9997,8510,8320,1645
"Leavenworth","Leavenworth County","Kansas",36000,35251,35420,38495,33656,25147,22052,20579,19220,17466,16912,19363,20735,19768,16546,17873,7429
"Leawood","Johnson County","Kansas",34395,31867,27656,19693,13360,10645,7466,1167,0,0,0,0,0,0,0,0,0
"Lebanon","Smith County","Kansas",212,218,303,364,440,517,583,610,652,723,822,731,590,301,0,0,0
"Lebo","Coffey County","Kansas",915,940,961,835,966,589,498,575,522,590,572,560,605,538,0,0,0
"Lecompton","Douglas County","Kansas",637,625,608,619,576,434,304,263,250,288,310,386,408,450,284,0,0
"Lehigh","Marion County","Kansas",169,175,215,180,189,168,178,240,296,315,370,385,0,0,0,0,0
"Lenexa","Johnson County","Kansas",51042,48190,40238,34034,18639,5549,2487,303,502,452,472,383,0,0,0,0,0
"Lenora","Norton County","Kansas",240,250,306,329,444,439,512,511,537,519,520,454,247,231,34,0,0
"Leon","Butler County","Kansas",697,704,645,707,667,510,541,518,573,587,427,494,527,456,113,0,0
"Leona","Doniphan County","Kansas",53,48,88,39,73,72,110,130,164,0,0,0,0,171,135,0,0
"Leonardville","Riley County","Kansas",455,449,398,374,437,412,378,320,342,392,325,376,335,410,0,0,0
"Leoti","Wichita County","Kansas",1496,1534,1598,1738,1869,1916,1401,1250,816,618,392,288,151,341,0,0,0
"LeRoy","Coffey County","Kansas",550,561,593,568,701,551,601,695,751,788,815,861,772,893,545,410,222
"Lewis","Edwards County","Kansas",445,451,486,451,551,525,486,475,481,512,439,557,0,0,0,0,0
"Liberal","Seward County","Kansas",21012,20525,19666,16573,14911,13862,13813,7134,4410,5294,3613,1716,426,0,0,0,0
"Liberty","Montgomery County","Kansas",119,123,95,140,174,185,233,185,254,246,247,385,314,344,93,0,0
"Liebenthal","Rush County","Kansas",100,103,111,112,163,169,191,211,265,0,0,0,0,0,0,0,0
"Lincoln Center","Lincoln County","Kansas",1266,1297,1349,1381,1599,1582,1717,1636,1761,1732,1613,1508,1262,1100,422,0,0
"Lincolnville","Marion County","Kansas",194,203,225,197,235,218,244,228,255,270,260,0,0,0,0,0,0
"Lindsborg","McPherson County","Kansas",3438,3458,3321,3076,3155,2764,2609,2383,1913,2016,1897,1939,1279,968,466,0,0
"Linn","Washington County","Kansas",398,410,425,472,483,388,466,395,395,340,282,0,0,0,0,0,0
"Linn Valley","Linn County","Kansas",799,804,562,0,0,0,0,0,0,0,0,0,0,0,0,0,0
"Linwood","Leavenworth County","Kansas",384,375,374,409,343,323,375,261,299,295,364,323,349,306,125,0,0
"Little River","Rice County","Kansas",549,557,536,496,529,493,552,635,603,618,749,661,457,340,0,0,0
"Logan","Phillips County","Kansas",569,589,603,633,720,760,846,859,703,743,585,714,449,390,275,0,0
"Lone Elm","Anderson County","Kansas",24,25,27,32,55,66,69,82,97,131,0,0,0,0,0,0,0
"Longford","Clay County","Kansas",77,79,94,68,109,99,146,178,160,200,155,0,0,0,0,0,0
"Long Island","Phillips County","Kansas",131,134,155,170,187,195,229,247,257,242,286,291,0,0,0,0,0
"Longton","Elk County","Kansas",322,348,394,389,396,304,401,478,629,744,583,611,564,624,255,0,0
"Lorraine","Ellsworth County","Kansas",137,138,136,147,157,153,157,195,236,177,0,0,0,0,0,0,0
"Lost Springs","Marion County","Kansas",68,70,71,106,94,103,139,184,255,265,261,276,0,0,0,0,0
"Louisburg","Miami County","Kansas",4322,4315,2576,1964,1744,1033,862,677,590,616,556,608,665,760,499,0,0
"Louisville","Pottawatomie County","Kansas",202,188,209,215,207,204,204,190,188,227,207,246,336,382,432,344,135
"Lucas","Russell County","Kansas",393,393,436,452,524,524,559,631,648,630,651,573,277,0,0,0,0
"Luray","Russell County","Kansas",195,194,203,261,295,303,328,351,392,464,475,341,0,0,0,0,0
"Lyndon","Osage County","Kansas",1030,1052,1038,964,1132,958,953,729,751,742,732,763,1004,935,0,0,0
"Lyons","Rice County","Kansas",3737,3739,3732,3688,4134,4355,4592,4545,4497,2939,2516,2071,1736,1754,509,0,0
"McCracken","Rush County","Kansas",184,190,211,231,292,333,406,553,534,594,491,371,312,281,0,0,0
"McCune","Crawford County","Kansas",405,405,426,462,528,487,433,532,556,584,591,736,657,700,170,0,0
"McDonald","Rawlins County","Kansas",165,160,159,184,239,269,323,426,425,442,341,0,0,0,0,0,0
"McFarland","Wabaunsee County","Kansas",257,256,271,224,242,209,256,279,336,399,579,388,0,0,0,0,0
"Macksville","Stafford County","Kansas",543,549,514,488,546,484,546,624,723,868,753,626,248,156,0,0,0
"McLouth","Jefferson County","Kansas",854,880,868,719,700,623,494,477,515,517,575,571,529,311,0,0,0
"McPherson","McPherson County","Kansas",13189,13155,13770,12422,11753,10851,9996,8689,7194,6147,4595,3546,2996,3172,1590,0,0
"Madison","Greenwood County","Kansas",661,701,857,845,1099,1061,1105,1212,1198,1488,795,721,683,623,123,0,0
"Mahaska","Washington County","Kansas",80,83,107,98,119,122,160,179,195,218,210,246,0,0,0,0,0
"Maize","Sedgwick County","Kansas",4073,3420,1868,1520,1294,785,623,266,198,220,189,0,0,0,0,0,0
"Manchester","Dickinson County","Kansas",98,95,102,80,98,92,153,151,215,241,263,250,0,0,0,0,0
"Manhattan","Riley County","Kansas",56078,52281,44831,37712,32644,27575,22993,19056,11659,10136,7989,5722,3438,3004,2105,1173,0
"Mankato","Jewell County","Kansas",858,869,976,1037,1205,1287,1231,1462,1426,1404,1326,1155,890,800,506,0,0
"Manter","Stanton County","Kansas",163,171,178,186,205,219,183,200,133,224,0,0,0,0,0,0,0
"Maple Hill","Wabaunsee County","Kansas",626,620,469,406,381,327,244,176,247,256,255,277,0,0,0,0,0
"Mapleton","Bourbon County","Kansas",83,84,98,96,121,112,127,213,226,251,230,230,0,175,53,0,0
"Marion","Marion County","Kansas",1861,1927,2110,1906,1951,2052,2169,2050,2086,1959,1928,1841,1824,2047,857,0,0
"Marquette","McPherson County","Kansas",632,641,542,593,639,578,607,666,609,714,780,715,489,367,0,0,0
"Marysville","Marshall County","Kansas",3295,3294,3271,3359,3670,3588,4143,3866,4055,4013,3048,2260,2006,1913,1249,300,171
"Matfield Green","Chase County","Kansas",45,47,60,33,71,77,95,119,146,182,0,0,0,0,324,0,0
"Mayetta","Jackson County","Kansas",342,341,312,267,287,246,218,247,275,294,309,337,0,0,0,0,0
"Mayfield","Sumner County","Kansas",110,113,113,110,128,110,119,134,150,187,0,0,0,0,0,0,0
"Meade","Meade County","Kansas",1637,1721,1672,1526,1777,1899,2019,1763,1400,1552,838,664,326,457,0,0,0
"Medicine Lodge","Barber County","Kansas",2021,2009,2193,2453,2384,2545,3072,2288,1870,1655,1305,1229,917,1095,373,0,0
"Melvern","Osage County","Kansas",369,385,429,423,481,455,376,389,368,445,422,505,469,461,103,0,0
"Menlo","Thomas County","Kansas",61,61,57,50,42,48,99,113,144,204,0,0,0,0,0,0,0
"Meriden","Jefferson County","Kansas",791,813,706,622,707,472,402,378,421,390,422,467,433,0,103,0,0
"Merriam","Johnson County","Kansas",11290,11003,11008,11821,10794,10955,5084,0,0,0,0,0,0,0,0,0,0
"Milan","Sumner County","Kansas",80,82,137,109,135,162,144,165,224,198,222,240,0,229,0,0,0
"Mildred","Allen County","Kansas",27,28,36,46,64,42,60,79,155,341,336,0,0,0,0,0,0
"Milford","Geary County","Kansas",594,530,502,384,465,296,318,284,271,300,0,0,0,0,0,0,0
"Miltonvale","Cloud County","Kansas",526,539,523,484,588,718,814,911,800,814,821,829,396,591,0,0,0
"Minneapolis","Ottawa County","Kansas",2029,2032,2046,1983,2075,1971,2024,1801,2087,1741,1842,1895,1727,1756,1084,0,0
"Minneola","Clark County","Kansas",724,745,717,705,712,630,679,660,490,617,493,348,0,0,0,0,0
"Mission","Johnson County","Kansas",9501,9323,9727,9504,8643,8125,4626,0,0,0,0,0,0,0,0,0,0
"Mission Hills","Johnson County","Kansas",3597,3498,3593,3446,3904,4198,3621,1275,0,0,0,0,0,0,0,0,0
"Mission Woods","Johnson County","Kansas",182,178,165,182,213,237,243,205,0,0,0,0,0,0,0,0,0
"Moline","Elk County","Kansas",344,371,457,473,553,555,698,871,870,897,950,808,695,527,79,0,0
"Montezuma","Gray County","Kansas",979,966,966,838,730,606,543,509,340,424,163,0,0,0,0,0,0
"Moran","Allen County","Kansas",529,558,562,551,643,550,549,616,592,651,676,559,464,463,0,0,0
"Morganville","Clay County","Kansas",187,192,198,181,261,257,226,278,264,281,262,285,350,233,0,0,0
"Morland","Graham County","Kansas",153,154,164,234,223,300,317,287,356,385,296,237,0,0,0,0,0
"Morrill","Brown County","Kansas",227,230,277,299,336,308,299,362,387,519,552,398,400,308,0,0,0
"Morrowville","Washington County","Kansas",150,155,168,173,180,201,195,229,308,246,0,0,0,0,0,0,0
"Moscow","Stevens County","Kansas",322,310,247,252,228,228,211,222,177,249,0,0,0,0,0,0,0
"Mound City","Linn County","Kansas",682,694,821,789,755,714,661,707,703,655,720,698,809,888,443,645,0
"Moundridge","McPherson County","Kansas",1726,1737,1593,1531,1453,1271,1214,942,864,870,733,626,557,443,0,0,0
"Mound Valley","Labette County","Kansas",390,407,418,405,381,467,481,566,648,666,803,956,533,545,138,0,0
"Mount Hope","Sedgwick County","Kansas",814,813,830,805,791,665,539,473,442,466,513,519,327,241,0,0,0
"Mulberry","Crawford County","Kansas",512,520,577,555,647,622,642,779,1175,1596,2697,997,0,0,0,0,0
"Mullinville","Kiowa County","Kansas",250,255,279,289,339,376,385,410,428,436,361,289,0,79,0,0,0
"Mulvane","Sumner County","Kansas",6289,6111,5155,4674,4254,3185,2981,1387,940,1042,1239,1084,667,724,215,0,0
"Munden","Republic County","Kansas",96,100,122,143,152,123,177,169,193,205,339,275,0,0,0,0,0
"Muscotah","Atchison County","Kansas",172,176,200,194,248,206,228,248,331,366,427,491,462,524,412,0,0
"Narka","Republic County","Kansas",91,94,93,113,120,130,166,220,193,252,207,278,258,0,0,0,0
"Nashville","Kingman County","Kansas",63,64,111,118,127,107,137,159,212,234,0,0,0,0,0,0,0
"Natoma","Osborne County","Kansas",323,335,367,392,515,603,775,775,651,583,518,407,0,0,0,0,0
"Neodesha","Wilson County","Kansas",2400,2486,2848,2837,3414,3295,3594,3723,3376,3381,3943,2872,1772,1528,924,0,0
"Neosho Falls","Woodson County","Kansas",135,141,179,157,157,184,222,355,452,462,628,571,763,606,552,532,0
"Neosho Rapids","Lyon County","Kansas",262,265,274,235,289,234,178,204,253,306,267,256,0,308,80,0,0
"Ness City","Ness County","Kansas",1454,1449,1534,1724,1769,1756,1653,1612,1355,1509,905,712,505,869,31,0,0
"Netawaka","Jackson County","Kansas",146,143,170,167,218,192,225,213,226,229,267,250,330,267,0,0,0
"New Albany","Wilson County","Kansas",54,56,73,60,78,59,104,152,165,150,223,213,0,0,232,0,0
"New Cambria","Saline County","Kansas",126,126,150,152,175,160,187,160,144,130,127,0,0,0,47,0,0
"New Strawn","Coffey County","Kansas",404,394,425,428,457,0,0,0,0,0,0,0,0,0,0,0,0
"Newton","Harvey County","Kansas",19120,19132,17190,16700,16332,15439,14877,11590,11048,11034,9781,7862,6208,5605,2601,0,0
"Nickerson","Reno County","Kansas",1041,1070,1194,1137,1292,1187,1091,1013,1052,1052,1049,1195,1038,1662,597,0,0
"Niotaze","Chautauqua County","Kansas",78,82,122,99,104,83,124,162,241,235,186,317,0,0,0,0,0
"Norcatur","Decatur County","Kansas",149,151,169,198,226,284,302,368,440,524,476,482,0,0,0,0,0
"North Newton","Harvey County","Kansas",1788,1759,1522,1262,1222,963,890,566,0,0,0,0,0,0,0,0,0
"Norton","Norton County","Kansas",2846,2928,3012,3017,3400,3627,3345,3060,2762,2767,2186,1787,1202,1074,634,0,0
"Nortonville","Jefferson County","Kansas",615,637,620,643,692,727,595,568,562,606,696,638,700,669,350,0,0
"Norwich","Kingman County","Kansas",475,491,551,455,476,414,430,378,411,477,430,392,311,301,0,0,0
"Oak Hill","Clay County","Kansas",23,24,35,13,35,41,69,92,147,147,0,0,0,0,0,0,0
"Oakley","Logan County","Kansas",2075,2045,2173,2045,2343,2327,2190,1915,1138,1159,768,681,269,176,0,0,0
"Oberlin","Decatur County","Kansas",1749,1788,1994,2197,2387,2291,2337,2019,1878,1629,1247,1157,937,976,0,0,0
"Offerle","Edwards County","Kansas",200,199,220,228,244,212,208,269,273,298,225,0,0,0,0,0,0
"Ogden","Riley County","Kansas",2138,2087,1762,1494,1804,1491,1780,845,494,418,596,230,232,173,0,0,0
"Oketo","Marshall County","Kansas",65,66,87,116,130,133,128,169,218,225,225,253,347,334,0,0,0
"Olathe","Johnson County","Kansas",133062,125872,92962,63352,37258,17917,10987,5593,3979,3656,3268,3272,3451,3294,2285,1817,0
"Olivet","Osage County","Kansas",66,67,64,59,65,64,116,127,172,145,0,0,0,0,0,0,0
"Olmitz","Barton County","Kansas",113,114,138,130,140,161,141,125,130,166,0,0,0,0,0,0,0
"Olpe","Lyon County","Kansas",537,546,504,431,477,453,722,293,331,317,235,215,0,0,0,0,0
"Olsburg","Pottawatomie County","Kansas",226,219,192,192,166,151,137,140,177,175,0,0,0,185,0,0,0
"Onaga","Pottawatomie County","Kansas",702,702,704,761,752,761,850,882,741,930,838,759,598,423,242,0,0
"Oneida","Nemaha County","Kansas",75,75,70,79,120,112,119,138,187,224,276,211,279,311,163,0,0
"Osage City","Osage County","Kansas",2862,2943,3034,2689,2667,2600,2213,1919,2079,2402,2376,2432,2792,3469,2098,0,0
"Osawatomie","Miami County","Kansas",4357,4447,4645,4590,4459,4294,4622,4347,4145,4440,3293,4046,4191,2662,681,0,0
"Osborne","Osborne County","Kansas",1396,1431,1607,1778,2120,1980,2049,2068,1876,1881,1635,1566,1075,1174,719,0,0
"Oskaloosa","Jefferson County","Kansas",1086,1113,1165,1074,1092,955,807,721,800,733,700,851,978,773,725,640,631
"Oswego","Labette County","Kansas",1781,1829,2046,1870,2218,2200,2027,1997,1953,1845,2386,2317,2208,2574,2531,1196,0
"Otis","Rush County","Kansas",274,282,325,385,410,387,362,410,413,407,505,0,0,0,0,0,0
"Ottawa","Franklin County","Kansas",12403,12649,11921,10667,11016,11036,10673,10081,10193,9563,9018,7650,6934,6248,4032,2941,0
"Overbrook","Osage County","Kansas",1029,1058,947,920,930,748,509,387,0,0,0,0,0,172,0,0,0
"Overland Park","Johnson County","Kansas",184525,173372,149080,111790,81784,77934,21110,0,0,0,0,0,0,0,0,0,0
"Oxford","Sumner County","Kansas",1022,1049,1173,1143,1125,1113,989,798,1020,1129,748,624,567,665,403,0,0
"Ozawkie","Jefferson County","Kansas",631,645,552,403,472,137,0,0,0,0,0,0,0,0,0,0,0
"Palco","Rooks County","Kansas",282,277,248,295,329,398,575,405,276,290,281,279,0,0,0,0,0
"Palmer","Washington County","Kansas",107,111,108,121,149,166,169,150,182,187,179,0,0,203,125,0,0
"Paola","Miami County","Kansas",5593,5602,5011,4698,4557,4622,4784,3972,3511,3702,3238,3207,3144,2943,2312,1811,0
"Paradise","Russell County","Kansas",49,49,64,66,89,145,134,145,161,178,0,0,0,0,0,0,0
"Park","Gove County","Kansas",125,126,151,150,183,178,218,223,0,0,0,0,0,0,0,0,0
"Park City","Sedgwick County","Kansas",7556,7297,5814,5050,0,0,0,0,0,0,0,0,0,0,0,0,0
"Parker","Linn County","Kansas",273,277,281,256,270,255,181,251,361,364,436,398,306,0,0,0,0
"Parkerfield","Cowley County","Kansas",417,426,0,0,0,0,0,0,0,0,0,0,0,0,0,0,0
"Parkerville","Morris County","Kansas",57,59,73,28,42,25,59,78,105,127,144,157,146,202,0,0,0
"Parsons","Labette County","Kansas",10174,10500,11514,11924,12898,13015,13929,14750,14294,14903,16028,12463,7682,6736,4199,0,0
"Partridge","Reno County","Kansas",245,248,259,213,268,302,221,221,226,270,253,246,0,0,0,0,0
"Pawnee Rock","Barton County","Kansas",244,252,356,367,409,442,380,359,388,399,428,458,210,204,84,0,0
"Paxico","Wabaunsee County","Kansas",218,221,211,174,168,216,276,196,237,261,249,0,0,0,0,0,0
"Peabody","Marion County","Kansas",1156,1210,1384,1349,1474,1368,1309,1194,1367,1491,2455,1416,1369,1474,1087,0,0
"Penalosa","Kingman County","Kansas",17,17,27,21,31,32,84,71,118,128,0,0,0,0,0,0,0
"Perry","Jefferson County","Kansas",904,929,901,881,907,664,495,399,392,418,481,400,464,0,319,403,0
"Peru","Chautauqua County","Kansas",133,139,183,206,286,289,340,368,487,628,570,575,0,0,135,0,0
"Phillipsburg","Phillips County","Kansas",2556,2581,2668,2828,3229,3241,3233,2589,2109,1543,1310,1302,1008,992,309,0,0
"Pittsburg","Crawford County","Kansas",20394,20233,19243,17775,18770,20171,18678,19341,17571,18145,18052,14755,10112,6697,624,0,0
"Plains","Meade County","Kansas",1093,1146,1163,957,1044,857,780,718,619,383,361,333,0,62,0,0,0
"Plainville","Rooks County","Kansas",1889,1903,2029,2173,2458,2627,3104,2082,1232,1058,1004,1000,378,347,39,0,0
"Pleasanton","Linn County","Kansas",1180,1216,1387,1231,1303,1216,1098,1178,1227,1214,1291,1373,1097,1139,709,0,0
"Plevna","Reno County","Kansas",97,98,99,117,115,124,117,200,161,174,202,0,0,0,0,0,0
"Pomona","Franklin County","Kansas",807,832,923,835,868,541,489,453,485,501,485,523,547,466,259,0,0
"Portis","Osborne County","Kansas",101,103,123,129,172,178,232,286,349,340,390,304,0,0,43,0,0
"Potwin","Butler County","Kansas",436,449,457,448,563,497,635,465,487,427,415,249,0,0,0,0,0
"Powhattan","Brown County","Kansas",76,77,91,111,95,111,128,150,184,221,247,216,237,0,0,0,0
"Prairie View","Phillips County","Kansas",131,134,141,111,145,201,188,192,205,198,183,191,0,0,0,0,0
"Prairie Village","Johnson County","Kansas",21877,21447,22072,23186,24657,28378,25356,0,0,0,0,0,0,0,0,0,0
"Pratt","Pratt County","Kansas",6963,6835,6570,6687,6885,6736,8156,7523,6591,6322,5183,3302,1213,1418,0,0,0
"Prescott","Linn County","Kansas",260,264,280,301,319,222,278,283,277,238,291,255,298,241,151,0,0
"Preston","Pratt County","Kansas",162,158,164,177,227,239,278,307,328,383,401,278,0,0,0,0,0
"Pretty Prairie","Reno County","Kansas",681,680,615,601,655,561,525,484,452,429,432,327,0,0,0,0,0
"Princeton","Franklin County","Kansas",267,277,317,275,244,159,174,177,187,210,0,0,0,0,103,0,0
"Protection","Comanche County","Kansas",527,514,558,625,684,673,750,814,846,1072,1109,390,0,0,0,0,0
"Quenemo","Osage County","Kansas",373,388,468,369,413,429,434,391,557,564,733,556,682,643,122,0,0
"Quinter","Gove County","Kansas",960,918,961,945,951,930,776,741,481,570,383,450,0,0,0,0,0
"Radium","Stafford County","Kansas",25,25,40,47,47,55,64,64,85,0,0,0,0,0,0,0,0
"Ramona","Marion County","Kansas",181,187,94,106,116,121,132,190,236,240,303,265,0,0,0,0,0
"Randall","Jewell County","Kansas",64,65,90,96,154,195,201,240,281,262,304,325,268,239,0,0,0
"Randolph","Riley County","Kansas",169,163,175,129,131,106,35,391,369,408,401,455,372,305,262,0,0
"Ransom","Ness County","Kansas",289,294,338,386,448,416,387,405,403,431,285,204,0,0,0,0,0
"Rantoul","Franklin County","Kansas",182,184,241,200,212,163,157,197,164,224,317,0,0,0,0,0,0
"Raymond","Rice County","Kansas",78,79,95,125,132,133,143,0,0,0,0,0,0,137,87,0,0
"Reading","Lyon County","Kansas",228,231,247,264,244,247,249,289,302,341,358,289,304,0,120,0,0
"Redfield","Bourbon County","Kansas",143,146,140,143,185,138,133,173,194,233,269,232,0,162,0,0,0
"Republic","Republic County","Kansas",112,116,161,177,223,243,333,360,376,396,442,450,241,228,50,0,0
"Reserve","Brown County","Kansas",83,84,100,108,105,117,138,169,172,197,0,0,0,0,0,0,0
"Rexford","Thomas County","Kansas",231,232,157,171,204,231,245,304,244,375,237,0,0,0,0,0,0
"Richfield","Morton County","Kansas",42,43,48,50,81,82,122,105,96,106,62,53,61,164,0,0,0
"Richmond","Franklin County","Kansas",457,464,510,528,510,464,352,433,418,411,400,0,0,0,50,0,0
"Riley","Riley County","Kansas",994,939,886,804,779,668,575,414,392,431,364,343,0,0,93,0,0
"Robinson","Brown County","Kansas",231,234,216,268,324,278,317,381,413,457,500,492,493,0,210,0,0
"Roeland Park","Johnson County","Kansas",6840,6731,6817,7706,7962,9760,8949,0,0,0,0,0,0,0,0,0,0
"Rolla","Morton County","Kansas",429,442,482,387,417,400,464,433,284,437,0,0,0,0,0,0,0
"Rose Hill","Butler County","Kansas",3960,3931,3432,2399,1557,387,273,0,0,0,0,0,0,0,0,0,0
"Roseland","Cherokee County","Kansas",75,77,101,98,119,113,0,0,0,190,482,396,0,0,0,0,0
"Rossville","Shawnee County","Kansas",1139,1151,1014,1052,1045,934,797,577,601,761,664,672,555,420,323,0,0
"Rozel","Pawnee County","Kansas",154,156,182,187,219,236,207,233,203,220,0,0,0,0,0,0,0
"Rush Center","Rush County","Kansas",165,170,176,177,207,237,278,0,0,0,0,0,0,214,0,0,0
"Russell","Russell County","Kansas",4484,4506,4696,4781,5427,5371,6113,6483,4819,2352,1700,1692,1143,961,861,0,0
"Russell Springs","Logan County","Kansas",24,24,32,29,56,83,93,161,198,141,115,82,0,117,0,0,0
"Sabetha","Nemaha County","Kansas",2564,2571,2589,2341,2297,2376,2318,2173,2241,2332,2003,1768,1646,1368,849,0,0
"St. Francis","Cheyenne County","Kansas",1312,1329,1497,1495,1610,1725,1594,1892,1041,944,733,492,0,0,0,0,0
"St. George","Pottawatomie County","Kansas",773,639,434,397,309,241,259,251,203,216,211,0,0,0,206,118,78
"St. John","Stafford County","Kansas",1244,1295,1318,1357,1501,1477,1753,1735,1735,1552,1671,1785,869,865,56,0,0
"St. Marys","Pottawatomie County","Kansas",2664,2627,2198,1791,1598,1434,1509,1201,1132,1304,1321,1397,1390,1174,884,0,0
"St. Paul","Neosho County","Kansas",610,629,646,687,746,804,675,783,869,800,974,927,1047,1097,1306,791,0
"Salina","Saline County","Kansas",47867,47707,45679,42303,41843,37714,43202,26176,21073,20155,15085,9688,6074,6149,3111,918,0
"Satanta","Haskell County","Kansas",1117,1133,1239,1073,1117,1161,686,667,345,508,0,0,0,0,0,0,0
"Savonburg","Allen County","Kansas",104,109,91,93,113,109,131,155,198,230,258,257,0,0,0,0,0
"Sawyer","Pratt County","Kansas",127,124,124,183,213,164,192,223,239,276,263,0,0,0,0,0,0
"Scammon","Cherokee County","Kansas",461,482,496,466,501,457,429,561,737,1093,1694,2233,1549,748,0,0,0
"Scandia","Republic County","Kansas",359,372,436,421,480,567,643,611,614,608,547,579,598,653,573,0,0
"Schoenchen","Ellis County","Kansas",208,207,214,128,209,182,188,170,259,0,0,0,0,0,0,0,0
"Scott City","Scott County","Kansas",3927,3816,3855,3785,4154,4001,3555,3204,1848,1544,1112,918,212,229,0,0,0
"Scottsville","Mitchell County","Kansas",25,25,21,26,56,46,60,108,187,169,165,248,0,0,95,0,0
"Scranton","Osage County","Kansas",693,710,724,674,664,575,576,487,500,538,622,770,1099,1572,835,0,0
"Sedan","Chautauqua County","Kansas",1065,1124,1342,1306,1579,1555,1677,1640,1948,1776,1885,1211,1067,970,665,0,0
"Sedgwick","Harvey County","Kansas",1701,1695,1537,1438,1471,1083,1095,732,738,832,731,626,622,652,415,0,0
"Selden","Sheridan County","Kansas",218,219,201,248,266,271,347,438,401,399,280,297,0,0,0,0,0
"Seneca","Nemaha County","Kansas",2006,1991,2122,2027,2389,2182,2072,1911,2015,1864,1885,1806,1846,2032,1203,0,0
"Severance","Doniphan County","Kansas",94,94,108,98,134,128,146,197,266,312,350,383,424,377,375,0,0
"Severy","Greenwood County","Kansas",241,259,359,357,447,384,492,477,570,525,551,608,489,389,306,0,0
"Seward","Stafford County","Kansas",62,64,63,71,88,66,92,130,125,127,0,0,0,0,0,0,0
"Sharon","Barber County","Kansas",161,158,210,256,283,265,272,278,296,316,325,350,116,0,0,0,0
"Sharon Springs","Wallace County","Kansas",756,748,835,872,982,1012,966,994,760,792,815,440,180,178,0,0,0
"Shawnee","Johnson County","Kansas",64599,62209,47996,37993,29653,20946,9072,845,597,553,0,0,0,0,0,0,0
"Silver Lake","Shawnee County","Kansas",1426,1439,1358,1390,1350,811,392,331,362,336,260,260,259,256,268,159,0
"Simpson","Mitchell County","Kansas",85,86,114,107,123,131,154,234,235,273,295,211,0,0,0,0,0
"Smith Center","Smith County","Kansas",1641,1665,1931,2016,2240,2389,2379,2026,1686,1736,1567,1292,1142,767,254,0,0
"Smolan","Saline County","Kansas",215,215,218,195,169,175,0,0,0,0,0,0,0,0,0,0,0
"Soldier","Jackson County","Kansas",141,136,122,135,165,173,171,193,247,274,346,358,302,193,98,0,0
"Solomon","Dickinson County","Kansas",1061,1095,1072,939,1018,973,1008,834,872,1032,1071,949,817,839,618,0,0
"South Haven","Sumner County","Kansas",353,363,390,420,439,413,408,358,405,442,423,483,411,465,124,0,0
"South Hutchinson","Reno County","Kansas",2544,2457,2539,2444,2226,1879,1672,1045,915,669,639,387,225,321,0,0,0
"Spearville","Ford County","Kansas",806,773,813,716,693,738,602,610,603,703,629,576,157,0,156,0,0
"Speed","Phillips County","Kansas",36,37,44,64,41,58,75,70,111,139,0,0,0,0,0,0,0
"Spivey","Kingman County","Kansas",76,78,80,88,83,78,98,109,181,219,226,252,134,205,0,0,0
"Spring Hill","Johnson County","Kansas",5896,5437,2727,2191,2005,1186,909,619,489,566,555,605,580,573,502,0,0
"Stafford","Stafford County","Kansas",1002,1042,1161,1344,1425,1414,1862,2005,2011,1614,1752,1927,1068,640,0,0,0
"Stark","Neosho County","Kansas",70,72,106,79,143,124,96,157,160,197,189,191,0,0,0,0,0
"Sterling","Rice County","Kansas",2303,2328,2642,2115,2312,2312,2303,2243,2215,1868,2060,2133,2002,1641,1014,0,0
"Stockton","Rooks County","Kansas",1315,1329,1558,1507,1825,1818,2.07,1867,1418,1291,1324,1317,1030,880,411,0,0
"Strong City","Chase County","Kansas",461,485,584,617,675,545,659,680,848,805,944,762,1128,976,324,0,0
"Sublette","Haskell County","Kansas",1399,1453,1592,1378,1293,1208,1077,838,582,673,0,0,0,0,0,0,0
"Summerfield","Marshall County","Kansas",154,156,211,169,225,254,237,305,396,398,539,554,505,102,0,0,0
"Sun City","Barber County","Kansas",54,53,81,88,85,119,188,231,305,404,0,0,0,0,81,0,0
"Susank","Barton County","Kansas",34,34,57,61,52,59,87,100,0,0,0,0,0,0,0,0,0
"Sylvan Grove","Lincoln County","Kansas",268,279,324,321,376,403,400,506,540,530,450,464,319,0,25,0,0
"Sylvia","Reno County","Kansas",215,218,297,308,353,390,402,496,477,540,542,634,220,205,0,0,0
"Syracuse","Hamilton County","Kansas",1750,1812,1824,1606,1654,1720,1888,2075,1226,1383,1059,1126,460,324,0,0,0
"Tampa","Marion County","Kansas",108,112,144,113,113,154,145,216,222,275,262,256,0,0,0,0,0
"Tescott","Ottawa County","Kansas",318,319,339,317,331,393,396,412,402,382,377,421,0,0,0,0,0
"Thayer","Neosho County","Kansas",474,497,500,435,517,430,396,423,461,495,528,542,542,544,311,0,0
"Timken","Rush County","Kansas",74,76,83,87,99,123,147,138,170,0,0,0,0,0,0,0,0
"Tipton","Mitchell County","Kansas",207,210,243,267,321,315,252,246,248,294,230,0,0,0,0,0,0
"Tonganoxie","Leavenworth County","Kansas",5192,4996,2728,2347,1864,1717,1354,1.14,1114,1109,971,1018,848,673,426,0,0
"Topeka","Shawnee County","Kansas",127215,127473,122377,119883,118690,125011,119484,78791,67833,64120,50022,43684,33608,31007,15452,5790,759
"Toronto","Woodson County","Kansas",265,281,312,317,466,431,524,600,737,706,829,627,695,552,88,0,0
"Towanda","Butler County","Kansas",1427,1450,1338,1289,1332,1190,1031,417,374,424,718,275,0,156,53,0,0
"Tribune","Greeley County","Kansas",774,741,835,918,955,1013,1036,1010,607,436,243,158,62,90,0,0,0
"Troy","Doniphan County","Kansas",998,1010,1054,1073,1240,1047,1051,977,1049,1042,1013,940,947,730,694,639,131
"Turon","Reno County","Kansas",378,387,436,393,481,430,559,632,594,576,631,572,0,0,0,0,0
"Tyro","Montgomery County","Kansas",213,220,226,243,289,206,289,279,322,272,454,603,0,0,0,0,0
"Udall","Cowley County","Kansas",738,746,794,824,891,668,600,410,419,436,381,330,282,338,85,0,0
"Ulysses","Grant County","Kansas",6160,6161,5960,5474,4653,3779,3157,2243,824,1140,103,0,0,198,0,0,0
"Uniontown","Bourbon County","Kansas",267,272,288,290,371,286,211,232,277,298,300,256,293,344,136,0,0
"Utica","Ness County","Kansas",159,158,223,208,275,297,322,365,379,382,285,0,0,0,0,0,0
"Valley Center","Sedgwick County","Kansas",7057,6822,4883,3624,3300,2551,2570,854,700,896,486,381,343,167,71,0,0
"Valley Falls","Jefferson County","Kansas",1158,1192,1254,1253,1189,1169,1193,1.14,1241,1238,1218,1129,1078,1180,1016,0,0
"Vermillion","Marshall County","Kansas",110,112,107,113,191,191,265,283,300,288,294,366,362,0,122,0,0
"Victoria","Ellis County","Kansas",1225,1214,1208,1157,1328,1246,1170,988,884,637,600,0,0,0,0,0,0
"Vining","Clay/Washington County","Kansas",43,45,58,55,85,84,128,168,188,198,183,191,245,241,0,0,0
"Viola","Sedgwick County","Kansas",131,130,211,185,199,193,203,132,131,159,173,156,0,0,0,0,0
"Virgil","Greenwood County","Kansas",68,71,113,91,169,179,229,354,494,598,0,0,0,0,44,0,0
"WaKeeney","Trego County","Kansas",1797,1862,1924,2161,2388,2334,2808,2446,1852,1408,1003,883,394,489,418,0,0
"Wakefield","Clay County","Kansas",967,980,838,900,803,583,603,591,513,528,531,514,322,241,0,0,0
"Waldo","Russell County","Kansas",30,30,48,57,75,123,178,216,257,279,246,0,0,0,0,0,0
"Waldron","Harper County","Kansas",11,11,17,19,29,24,38,83,163,182,225,262,0,0,0,0,0
"Wallace","Wallace County","Kansas",58,57,67,75,86,112,110,111,102,0,0,0,0,220,173,0,0
"Walnut","Crawford County","Kansas",220,220,221,214,308,330,381,534,544,553,650,639,603,539,196,0,0
"Walton","Harvey County","Kansas",239,235,284,226,269,211,225,220,217,212,228,357,174,249,162,0,0
"Wamego","Pottawatomie County","Kansas",4578,4372,4246,3706,3159,2507,2363,1869,1767,1647,1585,1714,1618,1473,0,0,0
"Washington","Washington County","Kansas",1087,1131,1223,1304,1488,1584,1506,1527,1598,1370,1406,1547,1575,1613,675,0,0
"Waterville","Marshall County","Kansas",662,680,681,601,694,632,700,676,717,598,665,704,610,577,615,0,0
"Wathena","Doniphan County","Kansas",1352,1364,1348,1160,1418,1150,837,797,860,854,645,777,798,694,710,0,0
"Waverly","Coffey County","Kansas",568,592,589,618,671,510,381,487,566,593,619,751,586,548,0,0,0
"Webber","Jewell County","Kansas",25,25,37,39,53,49,58,96,104,126,0,0,0,0,0,0,0
"Weir","Cherokee County","Kansas",657,686,780,730,705,740,699,819,1038,1115,1945,2289,2977,2138,376,0,0
"Wellington","Sumner County","Kansas",7942,8172,8647,8411,8212,8072,8809,7747,7246,7405,7048,7034,4245,4391,2694,0,0
"Wellsville","Franklin County","Kansas",1822,1857,1606,1563,1612,1183,984,729,632,709,756,648,447,392,143,0,0
"West Mineral","Cherokee County","Kansas",179,185,243,226,229,232,262,349,486,491,938,1770,0,0,0,0,0
"Westmoreland","Pottawatomie County","Kansas",777,778,631,541,598,485,460,416,532,501,386,484,620,478,0,0,0
"Westphalia","Anderson County","Kansas",159,163,165,152,204,185,249,254,314,326,0,0,0,0,0,0,0
"Westwood","Johnson County","Kansas",1534,1506,1533,1772,1783,2383,2040,1581,0,0,0,0,0,0,0,0,0
"Westwood Hills","Johnson County","Kansas",364,359,378,383,437,414,495,431,0,0,0,0,0,0,0,0,0
"Wetmore","Nemaha County","Kansas",366,368,362,284,376,392,390,397,425,452,500,483,434,522,340,0,0
"Wheaton","Pottawatomie County","Kansas",100,95,92,106,90,106,114,134,155,170,0,0,0,0,0,0,0
"White City","Morris County","Kansas",588,618,518,533,534,458,459,540,516,619,652,506,532,391,158,0,0
"White Cloud","Doniphan County","Kansas",175,176,239,255,234,210,238,308,479,476,553,1119,713,699,825,843,251
"Whitewater","Butler County","Kansas",707,718,653,683,751,520,499,453,515,556,556,518,267,184,0,0,0
"Whiting","Jackson County","Kansas",188,187,206,213,270,256,233,267,343,351,433,426,384,381,221,0,0
"Wichita","Sedgwick County","Kansas",388413,382368,344284,304011,279838,276554,254698,168279,114966,111110,72217,52450,24671,23853,4911,0,0
"Willard","Shawnee County","Kansas",92,92,86,110,128,124,94,95,106,142,134,0,0,0,0,0,0
"Williamsburg","Franklin County","Kansas",387,397,351,261,362,286,255,297,365,367,404,399,0,502,419,0,0
"Willis","Brown County","Kansas",38,38,69,86,85,82,109,140,160,217,197,188,187,0,0,0,0
"Willowbrook","Reno County","Kansas",86,87,36,95,109,100,62,0,0,0,0,0,0,0,0,0,0
"Wilmore","Comanche County","Kansas",55,53,57,78,97,96,99,172,212,265,0,0,0,0,0,0,0
"Wilsey","Morris County","Kansas",148,153,191,149,179,169,224,251,348,330,337,0,0,0,0,0,0
"Wilson","Ellsworth County","Kansas",766,781,799,834,978,870,905,1039,1068,1038,1020,981,939,770,458,0,0
"Winchester","Jefferson County","Kansas",536,551,579,613,570,492,458,355,415,418,386,456,0,429,413,0,0
"Windom","McPherson County","Kansas",129,130,137,136,160,183,168,193,196,197,248,176,146,165,0,0,0
"Winfield","Cowley County","Kansas",12258,12301,12206,11931,10736,11405,11117,10264,9506,9398,7933,6700,5554,5184,2844,472,0
"Winona","Logan County","Kansas",164,162,228,194,258,293,393,382,317,324,0,0,0,0,0,0,0
"Woodbine","Dickinson County","Kansas",172,170,207,186,172,170,173,195,212,317,318,250,0,0,26,0,0
"Woodston","Rooks County","Kansas",136,136,116,121,157,211,332,296,286,287,314,299,0,0,0,0,0
"Yates Center","Woodson County","Kansas",1350,1417,1599,1815,1998,1967,2080,2178,2176,2013,2306,2024,1634,1305,350,0,0
"Zenda","Kingman County","Kansas",88,90,123,96,146,142,157,226,252,223,188,0,0,0,0,0,0
"Zurich","Rooks County","Kansas",99,99,126,151,185,189,244,186,0,0,0,0,0,0,0,0,0
