"SUMLEV","COUNTY","PLACE","COUSUB","NAME","STNAME","CENSUS2010POP","ESTIMATESBASE2010","POPESTIMATE2010","POPESTIMATE2011","POPESTIMATE2012","POPESTIMATE2013","POPESTIMATE2014"
40,0,0,0,"Massachusetts","Massachusetts",6547629,6547817,6564073,6612270,6655829,6708874,6745408
162,0,840,0,"Agawam Town city","Massachusetts",28438,28438,28450,28585,28634,28712,28772
162,0,1260,0,"Amesbury Town city","Massachusetts",16283,16283,16314,16441,16538,16679,16794
162,0,2690,0,"Attleboro city","Massachusetts",43593,43593,43600,43663,43793,43885,43970
162,0,3690,0,"Barnstable Town city","Massachusetts",45193,45189,45146,44831,44720,44604,44529
162,0,5595,0,"Beverly city","Massachusetts",39502,39502,39718,40070,40343,40784,40952
162,0,7000,0,"Boston city","Massachusetts",617594,617680,620598,630645,640839,649917,655884
162,0,7740,0,"Braintree Town city","Massachusetts",35744,35739,35816,36113,36473,36968,37362
162,0,9000,0,"Brockton city","Massachusetts",93810,93810,93838,94147,94045,94451,94779
162,0,11000,0,"Cambridge city","Massachusetts",105162,105201,104955,105809,106046,107732,109694
162,0,13205,0,"Chelsea city","Massachusetts",35177,35177,35332,36256,37079,37881,38861
162,0,13660,0,"Chicopee city","Massachusetts",55298,55298,55275,55551,55669,55714,55795
162,0,19370,0,"Easthampton Town city","Massachusetts",16053,16053,16047,16067,16095,16062,16036
162,0,21990,0,"Everett city","Massachusetts",41667,41667,41718,42136,42592,43110,44231
162,0,23000,0,"Fall River city","Massachusetts",88857,88857,88842,88738,88674,88718,88712
162,0,23875,0,"Fitchburg city","Massachusetts",40318,40318,40410,40365,40403,40440,40445
162,0,25172,0,"Franklin Town city","Massachusetts",31635,31635,31861,32218,32379,32663,32836
162,0,25485,0,"Gardner city","Massachusetts",20228,20228,20158,20198,20316,20349,20381
162,0,26150,0,"Gloucester city","Massachusetts",28789,28789,28859,29030,29222,29444,29626
162,0,27100,0,"Greenfield Town city","Massachusetts",17456,17456,17424,17584,17580,17416,17368
162,0,29405,0,"Haverhill city","Massachusetts",60879,60879,60969,61463,61768,62159,62488
162,0,30840,0,"Holyoke city","Massachusetts",39880,39880,39908,40102,40138,40110,40124
162,0,34550,0,"Lawrence city","Massachusetts",76377,76377,76521,76986,77353,77765,78197
162,0,35075,0,"Leominster city","Massachusetts",40759,40759,40765,40882,40896,41079,41150
162,0,37000,0,"Lowell city","Massachusetts",106519,106519,106659,107553,108564,109675,109945
162,0,37490,0,"Lynn city","Massachusetts",90329,90329,90492,90778,91275,91785,92137
162,0,37875,0,"Malden city","Massachusetts",59450,59464,59548,59940,60360,60788,60859
162,0,38715,0,"Marlborough city","Massachusetts",38499,38499,38543,38878,39258,39493,39612
162,0,39835,0,"Medford city","Massachusetts",56173,56253,56306,56676,57067,57385,57437
162,0,40115,0,"Melrose city","Massachusetts",26983,26983,27018,27240,27454,27810,27969
162,0,40710,0,"Methuen Town city","Massachusetts",47255,47255,47354,47712,48027,48609,49112
162,0,45000,0,"New Bedford city","Massachusetts",95072,95072,95024,94798,94811,94973,94845
162,0,45245,0,"Newburyport city","Massachusetts",17416,17416,17446,17556,17635,17796,17926
162,0,45560,0,"Newton city","Massachusetts",85146,85174,85403,85915,87249,87927,88287
162,0,46225,0,"North Adams city","Massachusetts",13708,13708,13784,13648,13609,13470,13354
162,0,46330,0,"Northampton city","Massachusetts",28549,28549,28634,28697,28686,28602,28554
162,0,52144,0,"Palmer Town city","Massachusetts",12140,12140,12139,12156,12162,12169,12174
162,0,52490,0,"Peabody city","Massachusetts",51251,51251,51365,51608,51856,52162,52376
162,0,53960,0,"Pittsfield city","Massachusetts",44737,44737,44701,44395,44307,44068,43697
162,0,55745,0,"Quincy city","Massachusetts",92271,92271,92422,92551,92872,93327,93397
162,0,56585,0,"Revere city","Massachusetts",51755,51733,51857,52755,53524,54063,54157
162,0,59105,0,"Salem city","Massachusetts",41340,41340,41836,42035,42269,42676,42824
162,0,62535,0,"Somerville city","Massachusetts",75754,75635,75757,76666,77723,78857,78901
162,0,63345,0,"Southbridge Town city","Massachusetts",16719,16719,16725,16741,16768,16803,16825
162,0,67000,0,"Springfield city","Massachusetts",153060,153195,153596,153798,153863,153931,153991
162,0,69170,0,"Taunton city","Massachusetts",55874,55874,55881,55902,55978,56051,56544
162,0,72600,0,"Waltham city","Massachusetts",60632,60632,60842,61377,62008,62424,63014
162,0,73440,0,"Watertown Town city","Massachusetts",31915,31915,31971,32210,32899,33130,34127
162,0,76030,0,"Westfield city","Massachusetts",41094,41094,41115,41390,41244,41531,41608
162,0,77890,0,"West Springfield Town city","Massachusetts",28391,28391,28352,28540,28608,28589,28627
162,0,78972,0,"Weymouth Town city","Massachusetts",53743,53743,53784,54171,55008,55482,55643
162,0,81005,0,"Winthrop Town city","Massachusetts",17497,17497,17532,17815,18062,18232,18352
162,0,81035,0,"Woburn city","Massachusetts",38120,38134,38273,38622,38870,39170,39272
162,0,82000,0,"Worcester city","Massachusetts",181045,181041,181811,182362,182367,183021,183016
50,1,0,0,"Barnstable County","Massachusetts",215888,215888,215903,215335,214845,214836,214914
157,1,3690,0,"Barnstable Town city","Massachusetts",45193,45189,45146,44831,44720,44604,44529
157,1,99990,0,"Balance of Barnstable County","Massachusetts",170695,170699,170757,170504,170125,170232,170385
61,1,0,3690,"Barnstable Town city","Massachusetts",45193,45189,45146,44831,44720,44604,44529
71,1,3690,3690,"Barnstable Town city","Massachusetts",45193,45189,45146,44831,44720,44604,44529
61,1,0,7175,"Bourne town","Massachusetts",19754,19754,19767,19789,19748,19738,19711
61,1,0,7980,"Brewster town","Massachusetts",9820,9820,9854,9831,9816,9804,9954
61,1,0,12995,"Chatham town","Massachusetts",6125,6125,6126,6115,6120,6135,6151
61,1,0,16775,"Dennis town","Massachusetts",14207,14207,14203,14144,14088,14060,14037
61,1,0,19295,"Eastham town","Massachusetts",4956,4956,4956,4940,4926,4927,4928
61,1,0,23105,"Falmouth town","Massachusetts",31531,31531,31540,31584,31549,31573,31631
61,1,0,29020,"Harwich town","Massachusetts",12243,12243,12251,12225,12190,12193,12188
61,1,0,39100,"Mashpee town","Massachusetts",14006,14006,14003,13977,13950,13994,14049
61,1,0,51440,"Orleans town","Massachusetts",5890,5890,5893,5873,5858,5859,5863
61,1,0,55500,"Provincetown town","Massachusetts",2942,2942,2947,2956,2955,2965,2980
61,1,0,59735,"Sandwich town","Massachusetts",20675,20675,20669,20615,20573,20577,20536
61,1,0,70605,"Truro town","Massachusetts",2003,2003,2003,2002,2000,2011,2011
61,1,0,74385,"Wellfleet town","Massachusetts",2750,2750,2751,2743,2743,2746,2754
61,1,0,82525,"Yarmouth town","Massachusetts",23793,23797,23794,23710,23609,23650,23592
50,3,0,0,"Berkshire County","Massachusetts",131219,131272,131310,130575,130230,129489,128715
157,3,46225,0,"North Adams city","Massachusetts",13708,13708,13784,13648,13609,13470,13354
157,3,53960,0,"Pittsfield city","Massachusetts",44737,44737,44701,44395,44307,44068,43697
157,3,99990,0,"Balance of Berkshire County","Massachusetts",72774,72827,72825,72532,72314,71951,71664
61,3,0,555,"Adams town","Massachusetts",8485,8485,8476,8420,8397,8344,8271
61,3,0,975,"Alford town","Massachusetts",494,494,494,495,493,491,490
61,3,0,4545,"Becket town","Massachusetts",1779,1779,1779,1779,1782,1780,1777
61,3,0,13345,"Cheshire town","Massachusetts",3235,3235,3233,3225,3223,3202,3181
61,3,0,14010,"Clarksburg town","Massachusetts",1702,1702,1701,1692,1691,1683,1672
61,3,0,16180,"Dalton town","Massachusetts",6756,6756,6758,6748,6751,6727,6693
61,3,0,21360,"Egremont town","Massachusetts",1225,1225,1226,1227,1228,1225,1217
61,3,0,24120,"Florida town","Massachusetts",752,752,752,751,750,745,738
61,3,0,26815,"Great Barrington town","Massachusetts",7104,7104,7095,7030,7038,7000,6945
61,3,0,28180,"Hancock town","Massachusetts",717,717,717,716,717,716,713
61,3,0,30315,"Hinsdale town","Massachusetts",2032,2032,2031,2019,2013,1998,1980
61,3,0,34340,"Lanesborough town","Massachusetts",3091,3091,3087,3069,3061,3039,3015
61,3,0,34655,"Lee town","Massachusetts",5943,5943,5947,5928,5937,5906,5861
61,3,0,34970,"Lenox town","Massachusetts",5025,5078,5075,5059,5055,5043,5004
61,3,0,42460,"Monterey town","Massachusetts",961,961,960,957,957,955,954
61,3,0,43300,"Mount Washington town","Massachusetts",167,167,167,166,166,165,164
61,3,0,44385,"New Ashford town","Massachusetts",228,228,228,227,227,226,224
61,3,0,45420,"New Marlborough town","Massachusetts",1509,1509,1508,1504,1503,1499,1492
61,3,0,46225,"North Adams city","Massachusetts",13708,13708,13784,13648,13609,13470,13354
71,3,46225,46225,"North Adams city","Massachusetts",13708,13708,13784,13648,13609,13470,13354
61,3,0,51580,"Otis town","Massachusetts",1612,1612,1610,1605,1603,1596,1585
61,3,0,53050,"Peru town","Massachusetts",847,847,849,853,853,847,846
61,3,0,53960,"Pittsfield city","Massachusetts",44737,44737,44701,44395,44307,44068,43697
71,3,53960,53960,"Pittsfield city","Massachusetts",44737,44737,44701,44395,44307,44068,43697
61,3,0,56795,"Richmond town","Massachusetts",1475,1475,1474,1465,1461,1451,1440
61,3,0,59665,"Sandisfield town","Massachusetts",915,915,921,921,926,924,919
61,3,0,60225,"Savoy town","Massachusetts",692,692,692,691,688,685,681
61,3,0,61065,"Sheffield town","Massachusetts",3257,3257,3255,3242,3237,3224,3208
61,3,0,67595,"Stockbridge town","Massachusetts",1947,1947,1946,1942,1966,1963,1950
61,3,0,71095,"Tyringham town","Massachusetts",327,327,327,325,324,325,324
61,3,0,73335,"Washington town","Massachusetts",538,538,538,534,535,537,536
61,3,0,77990,"West Stockbridge town","Massachusetts",1306,1306,1305,1299,1296,1291,1282
61,3,0,79985,"Williamstown town","Massachusetts",7754,7754,7774,7741,7532,7463,7605
61,3,0,80685,"Windsor town","Massachusetts",899,899,900,902,904,901,897
50,5,0,0,"Bristol County","Massachusetts",548285,548285,549076,549125,550765,552167,554194
157,5,2690,0,"Attleboro city","Massachusetts",43593,43593,43600,43663,43793,43885,43970
157,5,23000,0,"Fall River city","Massachusetts",88857,88857,88842,88738,88674,88718,88712
157,5,45000,0,"New Bedford city","Massachusetts",95072,95072,95024,94798,94811,94973,94845
157,5,69170,0,"Taunton city","Massachusetts",55874,55874,55881,55902,55978,56051,56544
157,5,99990,0,"Balance of Bristol County","Massachusetts",264889,264889,265729,266024,267509,268540,270123
61,5,0,520,"Acushnet town","Massachusetts",10303,10303,10303,10296,10311,10345,10410
61,5,0,2690,"Attleboro city","Massachusetts",43593,43593,43600,43663,43793,43885,43970
71,5,2690,2690,"Attleboro city","Massachusetts",43593,43593,43600,43663,43793,43885,43970
61,5,0,5280,"Berkley town","Massachusetts",6411,6411,6418,6455,6493,6511,6580
61,5,0,16425,"Dartmouth town","Massachusetts",34032,34032,34374,34292,34466,34281,34415
61,5,0,16950,"Dighton town","Massachusetts",7086,7086,7086,7089,7144,7211,7315
61,5,0,20100,"Easton town","Massachusetts",23112,23112,23335,23254,23635,23670,23907
61,5,0,22130,"Fairhaven town","Massachusetts",15873,15873,15883,15903,15965,16028,16034
61,5,0,23000,"Fall River city","Massachusetts",88857,88857,88842,88738,88674,88718,88712
71,5,23000,23000,"Fall River city","Massachusetts",88857,88857,88842,88738,88674,88718,88712
61,5,0,25240,"Freetown town","Massachusetts",8870,8870,8878,8893,8938,9026,9093
61,5,0,38225,"Mansfield town","Massachusetts",23184,23184,23193,23209,23385,23527,23595
61,5,0,45000,"New Bedford city","Massachusetts",95072,95072,95024,94798,94811,94973,94845
71,5,45000,45000,"New Bedford city","Massachusetts",95072,95072,95024,94798,94811,94973,94845
61,5,0,46575,"North Attleborough town","Massachusetts",28712,28712,28719,28709,28759,28809,28908
61,5,0,49970,"Norton town","Massachusetts",19031,19031,19154,19228,19308,19353,19396
61,5,0,56060,"Raynham town","Massachusetts",13383,13383,13390,13429,13484,13552,13691
61,5,0,56375,"Rehoboth town","Massachusetts",11608,11608,11625,11666,11729,11822,11926
61,5,0,60645,"Seekonk town","Massachusetts",13722,13722,13744,13854,13974,14354,14683
61,5,0,62430,"Somerset town","Massachusetts",18165,18165,18209,18242,18280,18295,18278
61,5,0,68750,"Swansea town","Massachusetts",15865,15865,15876,15928,16002,16067,16150
61,5,0,69170,"Taunton city","Massachusetts",55874,55874,55881,55902,55978,56051,56544
71,5,69170,69170,"Taunton city","Massachusetts",55874,55874,55881,55902,55978,56051,56544
61,5,0,77570,"Westport town","Massachusetts",15532,15532,15542,15577,15636,15689,15742
50,7,0,0,"Dukes County","Massachusetts",16535,16535,16553,16679,16796,17190,17356
61,7,0,1585,"Aquinnah town","Massachusetts",311,311,312,313,314,321,323
61,7,0,13800,"Chilmark town","Massachusetts",866,866,868,878,886,910,921
61,7,0,21150,"Edgartown town","Massachusetts",4067,4067,4073,4117,4156,4258,4308
61,7,0,26325,"Gosnold town","Massachusetts",75,75,75,75,76,77,77
61,7,0,50390,"Oak Bluffs town","Massachusetts",4527,4527,4529,4551,4572,4665,4698
61,7,0,69940,"Tisbury town","Massachusetts",3949,3949,3953,3981,4007,4096,4128
61,7,0,78235,"West Tisbury town","Massachusetts",2740,2740,2743,2764,2785,2863,2901
50,9,0,0,"Essex County","Massachusetts",743159,743175,745478,751550,756763,764093,769091
157,9,1260,0,"Amesbury Town city","Massachusetts",16283,16283,16314,16441,16538,16679,16794
157,9,5595,0,"Beverly city","Massachusetts",39502,39502,39718,40070,40343,40784,40952
157,9,26150,0,"Gloucester city","Massachusetts",28789,28789,28859,29030,29222,29444,29626
157,9,29405,0,"Haverhill city","Massachusetts",60879,60879,60969,61463,61768,62159,62488
157,9,34550,0,"Lawrence city","Massachusetts",76377,76377,76521,76986,77353,77765,78197
157,9,37490,0,"Lynn city","Massachusetts",90329,90329,90492,90778,91275,91785,92137
157,9,40710,0,"Methuen Town city","Massachusetts",47255,47255,47354,47712,48027,48609,49112
157,9,45245,0,"Newburyport city","Massachusetts",17416,17416,17446,17556,17635,17796,17926
157,9,52490,0,"Peabody city","Massachusetts",51251,51251,51365,51608,51856,52162,52376
157,9,59105,0,"Salem city","Massachusetts",41340,41340,41836,42035,42269,42676,42824
157,9,99990,0,"Balance of Essex County","Massachusetts",273738,273754,274604,277871,280477,284234,286659
61,9,0,1260,"Amesbury Town city","Massachusetts",16283,16283,16314,16441,16538,16679,16794
71,9,1260,1260,"Amesbury Town city","Massachusetts",16283,16283,16314,16441,16538,16679,16794
61,9,0,1465,"Andover town","Massachusetts",33201,33209,33287,33880,34192,34781,35085
61,9,0,5595,"Beverly city","Massachusetts",39502,39502,39718,40070,40343,40784,40952
71,9,5595,5595,"Beverly city","Massachusetts",39502,39502,39718,40070,40343,40784,40952
61,9,0,7420,"Boxford town","Massachusetts",7965,7965,7982,8042,8092,8163,8213
61,9,0,16250,"Danvers town","Massachusetts",26493,26493,26526,26928,27172,27317,27460
61,9,0,21850,"Essex town","Massachusetts",3504,3504,3514,3563,3586,3612,3637
61,9,0,25625,"Georgetown town","Massachusetts",8183,8183,8208,8302,8381,8473,8530
61,9,0,26150,"Gloucester city","Massachusetts",28789,28789,28859,29030,29222,29444,29626
71,9,26150,26150,"Gloucester city","Massachusetts",28789,28789,28859,29030,29222,29444,29626
61,9,0,27620,"Groveland town","Massachusetts",6459,6459,6491,6634,6798,7022,7059
61,9,0,27900,"Hamilton town","Massachusetts",7764,7764,7989,8036,8090,8132,8188
61,9,0,29405,"Haverhill city","Massachusetts",60879,60879,60969,61463,61768,62159,62488
71,9,29405,29405,"Haverhill city","Massachusetts",60879,60879,60969,61463,61768,62159,62488
61,9,0,32310,"Ipswich town","Massachusetts",13175,13175,13211,13439,13515,13599,13661
61,9,0,34550,"Lawrence city","Massachusetts",76377,76377,76521,76986,77353,77765,78197
71,9,34550,34550,"Lawrence city","Massachusetts",76377,76377,76521,76986,77353,77765,78197
61,9,0,37490,"Lynn city","Massachusetts",90329,90329,90492,90778,91275,91785,92137
71,9,37490,37490,"Lynn city","Massachusetts",90329,90329,90492,90778,91275,91785,92137
61,9,0,37560,"Lynnfield town","Massachusetts",11596,11596,11621,11728,11820,12410,12668
61,9,0,37995,"Manchester-by-the-Sea town","Massachusetts",5136,5136,5145,5203,5243,5293,5336
61,9,0,38400,"Marblehead town","Massachusetts",19808,19808,19844,20007,20168,20331,20454
61,9,0,40430,"Merrimac town","Massachusetts",6338,6338,6369,6429,6499,6619,6724
61,9,0,40710,"Methuen Town city","Massachusetts",47255,47255,47354,47712,48027,48609,49112
71,9,40710,40710,"Methuen Town city","Massachusetts",47255,47255,47354,47712,48027,48609,49112
61,9,0,41095,"Middleton town","Massachusetts",8987,8987,8984,9124,9265,9451,9578
61,9,0,43580,"Nahant town","Massachusetts",3410,3410,3417,3430,3441,3467,3479
61,9,0,45175,"Newbury town","Massachusetts",6666,6666,6682,6735,6781,6866,6926
61,9,0,45245,"Newburyport city","Massachusetts",17416,17416,17446,17556,17635,17796,17926
71,9,45245,45245,"Newburyport city","Massachusetts",17416,17416,17446,17556,17635,17796,17926
61,9,0,46365,"North Andover town","Massachusetts",28352,28352,28431,28690,28943,29228,29478
61,9,0,52490,"Peabody city","Massachusetts",51251,51251,51365,51608,51856,52162,52376
71,9,52490,52490,"Peabody city","Massachusetts",51251,51251,51365,51608,51856,52162,52376
61,9,0,57880,"Rockport town","Massachusetts",6952,6952,6970,7022,7079,7134,7175
61,9,0,58405,"Rowley town","Massachusetts",5856,5856,5871,5914,5972,6035,6202
61,9,0,59105,"Salem city","Massachusetts",41340,41340,41836,42035,42269,42676,42824
71,9,59105,59105,"Salem city","Massachusetts",41340,41340,41836,42035,42269,42676,42824
61,9,0,59245,"Salisbury town","Massachusetts",8283,8283,8303,8397,8481,8573,8706
61,9,0,60015,"Saugus town","Massachusetts",26628,26636,26721,27038,27359,27790,27921
61,9,0,68645,"Swampscott town","Massachusetts",13787,13787,13808,13868,13908,13970,14014
61,9,0,70150,"Topsfield town","Massachusetts",6085,6085,6097,6181,6288,6393,6505
61,9,0,74595,"Wenham town","Massachusetts",4875,4875,4884,4974,5038,5136,5165
61,9,0,77150,"West Newbury town","Massachusetts",4235,4235,4249,4307,4366,4439,4495
50,11,0,0,"Franklin County","Massachusetts",71372,71372,71317,71624,71544,71155,70862
157,11,27100,0,"Greenfield Town city","Massachusetts",17456,17456,17424,17584,17580,17416,17368
157,11,99990,0,"Balance of Franklin County","Massachusetts",53916,53916,53893,54040,53964,53739,53494
61,11,0,2095,"Ashfield town","Massachusetts",1737,1740,1739,1742,1740,1734,1731
61,11,0,5560,"Bernardston town","Massachusetts",2129,2129,2127,2136,2134,2124,2113
61,11,0,9595,"Buckland town","Massachusetts",1902,1899,1898,1903,1897,1886,1874
61,11,0,12505,"Charlemont town","Massachusetts",1266,1266,1265,1266,1264,1255,1246
61,11,0,14885,"Colrain town","Massachusetts",1671,1671,1670,1676,1671,1661,1656
61,11,0,15200,"Conway town","Massachusetts",1897,1897,1898,1908,1902,1899,1887
61,11,0,16670,"Deerfield town","Massachusetts",5125,5122,5123,5118,5109,5082,5054
61,11,0,21780,"Erving town","Massachusetts",1800,1800,1799,1806,1802,1798,1788
61,11,0,25730,"Gill town","Massachusetts",1500,1500,1502,1500,1503,1495,1496
61,11,0,27100,"Greenfield Town city","Massachusetts",17456,17456,17424,17584,17580,17416,17368
71,11,27100,27100,"Greenfield Town city","Massachusetts",17456,17456,17424,17584,17580,17416,17368
61,11,0,29475,"Hawley town","Massachusetts",337,337,338,336,335,334,331
61,11,0,29650,"Heath town","Massachusetts",706,706,705,707,708,704,700
61,11,0,35180,"Leverett town","Massachusetts",1851,1854,1855,1867,1865,1861,1856
61,11,0,35285,"Leyden town","Massachusetts",711,711,713,720,722,719,718
61,11,0,42040,"Monroe town","Massachusetts",121,121,121,121,121,121,120
61,11,0,42285,"Montague town","Massachusetts",8437,8437,8426,8445,8420,8379,8325
61,11,0,45490,"New Salem town","Massachusetts",990,990,989,995,1001,1000,1000
61,11,0,47835,"Northfield town","Massachusetts",3032,3032,3030,3040,3035,3024,3012
61,11,0,51265,"Orange town","Massachusetts",7839,7839,7833,7842,7814,7764,7713
61,11,0,58335,"Rowe town","Massachusetts",393,393,393,394,394,391,387
61,11,0,61135,"Shelburne town","Massachusetts",1893,1893,1893,1894,1898,1893,1883
61,11,0,61905,"Shutesbury town","Massachusetts",1771,1771,1770,1783,1779,1775,1770
61,11,0,68400,"Sunderland town","Massachusetts",3684,3684,3683,3699,3700,3692,3679
61,11,0,73265,"Warwick town","Massachusetts",780,780,779,781,778,774,769
61,11,0,74525,"Wendell town","Massachusetts",848,848,849,860,866,868,871
61,11,0,79110,"Whately town","Massachusetts",1496,1496,1495,1501,1506,1506,1515
50,13,0,0,"Hampden County","Massachusetts",463490,463625,464160,465963,466539,467414,468161
157,13,840,0,"Agawam Town city","Massachusetts",28438,28438,28450,28585,28634,28712,28772
157,13,13660,0,"Chicopee city","Massachusetts",55298,55298,55275,55551,55669,55714,55795
157,13,30840,0,"Holyoke city","Massachusetts",39880,39880,39908,40102,40138,40110,40124
157,13,52144,0,"Palmer Town city","Massachusetts",12140,12140,12139,12156,12162,12169,12174
157,13,67000,0,"Springfield city","Massachusetts",153060,153195,153596,153798,153863,153931,153991
157,13,76030,0,"Westfield city","Massachusetts",41094,41094,41115,41390,41244,41531,41608
157,13,77890,0,"West Springfield Town city","Massachusetts",28391,28391,28352,28540,28608,28589,28627
157,13,99990,0,"Balance of Hampden County","Massachusetts",105189,105189,105325,105841,106221,106658,107070
61,13,0,840,"Agawam Town city","Massachusetts",28438,28438,28450,28585,28634,28712,28772
71,13,840,840,"Agawam Town city","Massachusetts",28438,28438,28450,28585,28634,28712,28772
61,13,0,6085,"Blandford town","Massachusetts",1233,1233,1234,1240,1245,1251,1255
61,13,0,8470,"Brimfield town","Massachusetts",3609,3609,3617,3626,3662,3707,3723
61,13,0,13485,"Chester town","Massachusetts",1337,1337,1340,1349,1353,1359,1365
61,13,0,13660,"Chicopee city","Massachusetts",55298,55298,55275,55551,55669,55714,55795
71,13,13660,13660,"Chicopee city","Massachusetts",55298,55298,55275,55551,55669,55714,55795
61,13,0,19645,"East Longmeadow town","Massachusetts",15720,15720,15744,15842,15927,16006,16123
61,13,0,26675,"Granville town","Massachusetts",1566,1566,1572,1592,1607,1614,1620
61,13,0,28075,"Hampden town","Massachusetts",5139,5139,5141,5157,5165,5173,5195
61,13,0,30665,"Holland town","Massachusetts",2481,2481,2482,2488,2490,2496,2502
61,13,0,30840,"Holyoke city","Massachusetts",39880,39880,39908,40102,40138,40110,40124
71,13,30840,30840,"Holyoke city","Massachusetts",39880,39880,39908,40102,40138,40110,40124
61,13,0,36300,"Longmeadow town","Massachusetts",15784,15784,15806,15851,15860,15864,15882
61,13,0,37175,"Ludlow town","Massachusetts",21103,21103,21142,21256,21278,21358,21436
61,13,0,42145,"Monson town","Massachusetts",8560,8560,8566,8592,8683,8729,8754
61,13,0,42530,"Montgomery town","Massachusetts",838,838,841,851,858,860,860
61,13,0,52144,"Palmer Town city","Massachusetts",12140,12140,12139,12156,12162,12169,12174
71,13,52144,52144,"Palmer Town city","Massachusetts",12140,12140,12139,12156,12162,12169,12174
61,13,0,58650,"Russell town","Massachusetts",1775,1775,1778,1790,1788,1788,1787
61,13,0,65825,"Southwick town","Massachusetts",9502,9502,9510,9556,9588,9633,9689
61,13,0,67000,"Springfield city","Massachusetts",153060,153195,153596,153798,153863,153931,153991
71,13,67000,67000,"Springfield city","Massachusetts",153060,153195,153596,153798,153863,153931,153991
61,13,0,70045,"Tolland town","Massachusetts",485,485,485,487,489,490,492
61,13,0,72390,"Wales town","Massachusetts",1838,1838,1841,1852,1862,1875,1878
61,13,0,76030,"Westfield city","Massachusetts",41094,41094,41115,41390,41244,41531,41608
71,13,76030,76030,"Westfield city","Massachusetts",41094,41094,41115,41390,41244,41531,41608
61,13,0,77890,"West Springfield Town city","Massachusetts",28391,28391,28352,28540,28608,28589,28627
71,13,77890,77890,"West Springfield Town city","Massachusetts",28391,28391,28352,28540,28608,28589,28627
61,13,0,79740,"Wilbraham town","Massachusetts",14219,14219,14226,14312,14366,14455,14509
50,15,0,0,"Hampshire County","Massachusetts",158080,158080,159266,160112,160351,160970,160939
157,15,19370,0,"Easthampton Town city","Massachusetts",16053,16053,16047,16067,16095,16062,16036
157,15,46330,0,"Northampton city","Massachusetts",28549,28549,28634,28697,28686,28602,28554
157,15,99990,0,"Balance of Hampshire County","Massachusetts",113478,113478,114585,115348,115570,116306,116349
61,15,0,1325,"Amherst town","Massachusetts",37819,37819,38706,39056,39025,39786,39774
61,15,0,4825,"Belchertown town","Massachusetts",14649,14649,14651,14740,14787,14819,14846
61,15,0,13590,"Chesterfield town","Massachusetts",1222,1222,1226,1237,1242,1250,1248
61,15,0,16040,"Cummington town","Massachusetts",872,872,872,872,874,875,872
61,15,0,19370,"Easthampton Town city","Massachusetts",16053,16053,16047,16067,16095,16062,16036
71,15,19370,19370,"Easthampton Town city","Massachusetts",16053,16053,16047,16067,16095,16062,16036
61,15,0,26290,"Goshen town","Massachusetts",1054,1054,1054,1060,1064,1067,1069
61,15,0,26535,"Granby town","Massachusetts",6240,6240,6239,6272,6318,6326,6333
61,15,0,27690,"Hadley town","Massachusetts",5250,5250,5249,5269,5306,5295,5301
61,15,0,29265,"Hatfield town","Massachusetts",3279,3279,3276,3283,3290,3301,3290
61,15,0,31785,"Huntington town","Massachusetts",2180,2180,2180,2182,2186,2182,2179
61,15,0,40990,"Middlefield town","Massachusetts",521,521,521,526,529,531,528
61,15,0,46330,"Northampton city","Massachusetts",28549,28549,28634,28697,28686,28602,28554
71,15,46330,46330,"Northampton city","Massachusetts",28549,28549,28634,28697,28686,28602,28554
61,15,0,52560,"Pelham town","Massachusetts",1321,1321,1321,1326,1330,1329,1327
61,15,0,54030,"Plainfield town","Massachusetts",648,648,648,649,649,653,650
61,15,0,62745,"Southampton town","Massachusetts",5792,5792,5803,5898,5962,6014,6078
61,15,0,64145,"South Hadley town","Massachusetts",17514,17514,17720,17817,17827,17704,17691
61,15,0,72880,"Ware town","Massachusetts",9872,9872,9872,9902,9910,9905,9878
61,15,0,76380,"Westhampton town","Massachusetts",1607,1607,1607,1610,1612,1613,1634
61,15,0,79915,"Williamsburg town","Massachusetts",2482,2482,2482,2485,2488,2481,2472
61,15,0,82175,"Worthington town","Massachusetts",1156,1156,1158,1164,1171,1175,1179
50,17,0,0,"Middlesex County","Massachusetts",1503085,1503126,1506852,1523671,1540192,1558131,1570315
157,17,11000,0,"Cambridge city","Massachusetts",105162,105201,104955,105809,106046,107732,109694
157,17,21990,0,"Everett city","Massachusetts",41667,41667,41718,42136,42592,43110,44231
157,17,37000,0,"Lowell city","Massachusetts",106519,106519,106659,107553,108564,109675,109945
157,17,37875,0,"Malden city","Massachusetts",59450,59464,59548,59940,60360,60788,60859
157,17,38715,0,"Marlborough city","Massachusetts",38499,38499,38543,38878,39258,39493,39612
157,17,39835,0,"Medford city","Massachusetts",56173,56253,56306,56676,57067,57385,57437
157,17,40115,0,"Melrose city","Massachusetts",26983,26983,27018,27240,27454,27810,27969
157,17,45560,0,"Newton city","Massachusetts",85146,85174,85403,85915,87249,87927,88287
157,17,62535,0,"Somerville city","Massachusetts",75754,75635,75757,76666,77723,78857,78901
157,17,72600,0,"Waltham city","Massachusetts",60632,60632,60842,61377,62008,62424,63014
157,17,73440,0,"Watertown Town city","Massachusetts",31915,31915,31971,32210,32899,33130,34127
157,17,81035,0,"Woburn city","Massachusetts",38120,38134,38273,38622,38870,39170,39272
157,17,99990,0,"Balance of Middlesex County","Massachusetts",777065,777050,779859,790649,800102,810630,816967
61,17,0,380,"Acton town","Massachusetts",21924,21924,21972,22262,22642,22951,23237
61,17,0,1605,"Arlington town","Massachusetts",42844,42844,42907,43308,43752,44212,44461
61,17,0,1955,"Ashby town","Massachusetts",3074,3074,3079,3113,3156,3189,3208
61,17,0,2130,"Ashland town","Massachusetts",16593,16593,16625,16803,17004,17191,17312
61,17,0,3005,"Ayer town","Massachusetts",7427,7427,7458,7586,7710,7866,7952
61,17,0,4615,"Bedford town","Massachusetts",13320,13320,13341,13535,13794,14086,14205
61,17,0,5070,"Belmont town","Massachusetts",24729,24729,24757,24949,25229,25431,25496
61,17,0,5805,"Billerica town","Massachusetts",40243,40243,40384,41052,41484,42069,42264
61,17,0,7350,"Boxborough town","Massachusetts",4996,4996,5007,5057,5107,5143,5171
61,17,0,9840,"Burlington town","Massachusetts",24498,24498,24564,24928,25249,25507,25683
61,17,0,11000,"Cambridge city","Massachusetts",105162,105201,104955,105809,106046,107732,109694
71,17,11000,11000,"Cambridge city","Massachusetts",105162,105201,104955,105809,106046,107732,109694
61,17,0,11525,"Carlisle town","Massachusetts",4852,4852,4866,4917,4980,5037,5071
61,17,0,13135,"Chelmsford town","Massachusetts",33802,33802,33874,34227,34559,34831,34960
61,17,0,15060,"Concord town","Massachusetts",17668,17668,17736,18743,18907,19235,19535
61,17,0,17475,"Dracut town","Massachusetts",29457,29457,29540,29957,30349,30725,31079
61,17,0,17825,"Dunstable town","Massachusetts",3179,3179,3190,3250,3304,3350,3389
61,17,0,21990,"Everett city","Massachusetts",41667,41667,41718,42136,42592,43110,44231
71,17,21990,21990,"Everett city","Massachusetts",41667,41667,41718,42136,42592,43110,44231
61,17,0,24925,"Framingham town","Massachusetts",68318,68326,68602,69575,70011,70583,70746
61,17,0,27480,"Groton town","Massachusetts",10646,10646,10677,10905,11030,11142,11222
61,17,0,30700,"Holliston town","Massachusetts",13547,13547,13581,13842,14029,14202,14388
61,17,0,31085,"Hopkinton town","Massachusetts",14925,14925,14977,15251,15496,15940,16311
61,17,0,31540,"Hudson town","Massachusetts",19063,19063,19098,19291,19472,19662,19754
61,17,0,35215,"Lexington town","Massachusetts",31394,31394,31464,31898,32295,32817,33075
61,17,0,35425,"Lincoln town","Massachusetts",6362,6362,7040,7111,7183,7257,7289
61,17,0,35950,"Littleton town","Massachusetts",8924,8924,8943,9037,9141,9273,9396
61,17,0,37000,"Lowell city","Massachusetts",106519,106519,106659,107553,108564,109675,109945
71,17,37000,37000,"Lowell city","Massachusetts",106519,106519,106659,107553,108564,109675,109945
61,17,0,37875,"Malden city","Massachusetts",59450,59464,59548,59940,60360,60788,60859
71,17,37875,37875,"Malden city","Massachusetts",59450,59464,59548,59940,60360,60788,60859
61,17,0,38715,"Marlborough city","Massachusetts",38499,38499,38543,38878,39258,39493,39612
71,17,38715,38715,"Marlborough city","Massachusetts",38499,38499,38543,38878,39258,39493,39612
61,17,0,39625,"Maynard town","Massachusetts",10106,10110,10123,10209,10317,10410,10474
61,17,0,39835,"Medford city","Massachusetts",56173,56253,56306,56676,57067,57385,57437
71,17,39835,39835,"Medford city","Massachusetts",56173,56253,56306,56676,57067,57385,57437
61,17,0,40115,"Melrose city","Massachusetts",26983,26983,27018,27240,27454,27810,27969
71,17,40115,40115,"Melrose city","Massachusetts",26983,26983,27018,27240,27454,27810,27969
61,17,0,43895,"Natick town","Massachusetts",33006,33002,33057,33375,33820,35339,35523
61,17,0,45560,"Newton city","Massachusetts",85146,85174,85403,85915,87249,87927,88287
71,17,45560,45560,"Newton city","Massachusetts",85146,85174,85403,85915,87249,87927,88287
61,17,0,48955,"North Reading town","Massachusetts",14892,14892,14924,15094,15274,15411,15509
61,17,0,52805,"Pepperell town","Massachusetts",11497,11497,11525,11668,11803,11917,11975
61,17,0,56130,"Reading town","Massachusetts",24747,24733,24768,24984,25211,25433,25508
61,17,0,61380,"Sherborn town","Massachusetts",4119,4119,4124,4165,4200,4250,4279
61,17,0,61590,"Shirley town","Massachusetts",7211,7211,7299,7471,7581,7298,7372
61,17,0,62535,"Somerville city","Massachusetts",75754,75635,75757,76666,77723,78857,78901
71,17,62535,62535,"Somerville city","Massachusetts",75754,75635,75757,76666,77723,78857,78901
61,17,0,67665,"Stoneham town","Massachusetts",21437,21275,21304,21453,21633,21808,21886
61,17,0,68050,"Stow town","Massachusetts",6590,6586,6624,6744,6854,6932,7033
61,17,0,68260,"Sudbury town","Massachusetts",17659,17659,17693,17924,18146,18419,18766
61,17,0,69415,"Tewksbury town","Massachusetts",28961,28953,29062,29364,29878,30093,30260
61,17,0,70360,"Townsend town","Massachusetts",8926,8926,8965,9058,9173,9274,9404
61,17,0,71025,"Tyngsborough town","Massachusetts",11292,11292,11382,11776,11958,12086,12149
61,17,0,72215,"Wakefield town","Massachusetts",24932,25094,25147,25401,25631,26182,26774
61,17,0,72600,"Waltham city","Massachusetts",60632,60632,60842,61377,62008,62424,63014
71,17,72600,72600,"Waltham city","Massachusetts",60632,60632,60842,61377,62008,62424,63014
61,17,0,73440,"Watertown Town city","Massachusetts",31915,31915,31971,32210,32899,33130,34127
71,17,73440,73440,"Watertown Town city","Massachusetts",31915,31915,31971,32210,32899,33130,34127
61,17,0,73790,"Wayland town","Massachusetts",12994,12994,13017,13147,13299,13479,13541
61,17,0,76135,"Westford town","Massachusetts",21951,21951,22017,22438,22864,23322,23678
61,17,0,77255,"Weston town","Massachusetts",11261,11264,11361,11516,11719,11908,11992
61,17,0,80230,"Wilmington town","Massachusetts",22325,22325,22374,22667,22962,23204,23370
61,17,0,80510,"Winchester town","Massachusetts",21374,21374,21411,21598,21896,22166,22270
61,17,0,81035,"Woburn city","Massachusetts",38120,38134,38273,38622,38870,39170,39272
71,17,81035,81035,"Woburn city","Massachusetts",38120,38134,38273,38622,38870,39170,39272
50,19,0,0,"Nantucket County","Massachusetts",10172,10172,10154,10148,10342,10568,10856
61,19,0,43790,"Nantucket town","Massachusetts",10172,10172,10154,10148,10342,10568,10856
50,21,0,0,"Norfolk County","Massachusetts",670850,670743,672645,677943,682749,688709,692254
157,21,7740,0,"Braintree Town city","Massachusetts",35744,35739,35816,36113,36473,36968,37362
157,21,25172,0,"Franklin Town city","Massachusetts",31635,31635,31861,32218,32379,32663,32836
157,21,55745,0,"Quincy city","Massachusetts",92271,92271,92422,92551,92872,93327,93397
157,21,78972,0,"Weymouth Town city","Massachusetts",53743,53743,53784,54171,55008,55482,55643
157,21,99990,0,"Balance of Norfolk County","Massachusetts",457457,457355,458762,462890,466017,470269,473016
61,21,0,2935,"Avon town","Massachusetts",4356,4356,4363,4388,4417,4457,4464
61,21,0,4930,"Bellingham town","Massachusetts",16332,16336,16364,16434,16552,16700,16770
61,21,0,7740,"Braintree Town city","Massachusetts",35744,35739,35816,36113,36473,36968,37362
71,21,7740,7740,"Braintree Town city","Massachusetts",35744,35739,35816,36113,36473,36968,37362
61,21,0,9175,"Brookline town","Massachusetts",58732,58618,58676,58831,58932,59246,59334
61,21,0,11315,"Canton town","Massachusetts",21561,21572,21616,21780,21974,22246,22510
61,21,0,14640,"Cohasset town","Massachusetts",7542,7540,7547,8141,8205,8284,8334
61,21,0,16495,"Dedham town","Massachusetts",24729,24729,24811,24892,25065,25346,25473
61,21,0,17405,"Dover town","Massachusetts",5589,5592,5604,5673,5735,5805,5879
61,21,0,24820,"Foxborough town","Massachusetts",16865,16865,16899,16988,17116,17293,17376
61,21,0,25172,"Franklin Town city","Massachusetts",31635,31635,31861,32218,32379,32663,32836
71,21,25172,25172,"Franklin Town city","Massachusetts",31635,31635,31861,32218,32379,32663,32836
61,21,0,30455,"Holbrook town","Massachusetts",10791,10802,10819,10868,10930,10988,11026
61,21,0,39765,"Medfield town","Massachusetts",12024,12024,12048,12125,12234,12325,12394
61,21,0,39975,"Medway town","Massachusetts",12752,12758,12785,12836,12964,13057,13184
61,21,0,41515,"Millis town","Massachusetts",7891,7891,7901,7966,8008,8061,8099
61,21,0,41690,"Milton town","Massachusetts",27003,27003,27044,27114,27224,27345,27360
61,21,0,44105,"Needham town","Massachusetts",28886,28890,29073,29209,29405,29785,30205
61,21,0,46050,"Norfolk town","Massachusetts",11227,11227,11251,11416,11526,11616,11800
61,21,0,50250,"Norwood town","Massachusetts",28602,28604,28634,28712,28841,29007,29056
61,21,0,54100,"Plainville town","Massachusetts",8264,8264,8292,8394,8464,8826,8910
61,21,0,55745,"Quincy city","Massachusetts",92271,92271,92422,92551,92872,93327,93397
71,21,55745,55745,"Quincy city","Massachusetts",92271,92271,92422,92551,92872,93327,93397
61,21,0,55955,"Randolph town","Massachusetts",32112,32108,32429,32779,33272,33519,33629
61,21,0,60785,"Sharon town","Massachusetts",17612,17610,17637,17725,17849,18044,18121
61,21,0,67945,"Stoughton town","Massachusetts",26962,26955,27072,27731,27861,28183,28396
61,21,0,72495,"Walpole town","Massachusetts",24070,24069,24134,24396,24642,24776,24933
61,21,0,74175,"Wellesley town","Massachusetts",27982,27971,28148,28744,28866,29180,29362
61,21,0,78690,"Westwood town","Massachusetts",14618,14616,14640,14711,14795,14896,14979
61,21,0,78972,"Weymouth Town city","Massachusetts",53743,53743,53784,54171,55008,55482,55643
71,21,78972,78972,"Weymouth Town city","Massachusetts",53743,53743,53784,54171,55008,55482,55643
61,21,0,82315,"Wrentham town","Massachusetts",10955,10955,10975,11037,11140,11284,11422
50,23,0,0,"Plymouth County","Massachusetts",494919,494915,495856,498269,499076,503636,507022
157,23,9000,0,"Brockton city","Massachusetts",93810,93810,93838,94147,94045,94451,94779
157,23,99990,0,"Balance of Plymouth County","Massachusetts",401109,401105,402018,404122,405031,409185,412243
61,23,0,170,"Abington town","Massachusetts",15985,15988,16002,16036,16053,16137,16197
61,23,0,8085,"Bridgewater town","Massachusetts",26563,26567,26705,26834,26383,27360,27472
61,23,0,9000,"Brockton city","Massachusetts",93810,93810,93838,94147,94045,94451,94779
71,23,9000,9000,"Brockton city","Massachusetts",93810,93810,93838,94147,94045,94451,94779
61,23,0,11665,"Carver town","Massachusetts",11509,11509,11521,11526,11506,11554,11583
61,23,0,17895,"Duxbury town","Massachusetts",15059,15059,15079,15111,15160,15298,15384
61,23,0,18455,"East Bridgewater town","Massachusetts",13794,13790,13806,13899,13961,14092,14243
61,23,0,27795,"Halifax town","Massachusetts",7518,7518,7531,7568,7598,7675,7767
61,23,0,28285,"Hanover town","Massachusetts",13879,13879,13903,13937,14155,14280,14360
61,23,0,28495,"Hanson town","Massachusetts",10209,10209,10227,10268,10290,10334,10441
61,23,0,30210,"Hingham town","Massachusetts",22157,22157,22209,22311,22506,22765,22964
61,23,0,31645,"Hull town","Massachusetts",10293,10293,10300,10307,10305,10346,10365
61,23,0,33220,"Kingston town","Massachusetts",12629,12629,12639,12715,12771,12942,13154
61,23,0,33920,"Lakeville town","Massachusetts",10602,10602,10716,10776,10863,11148,11208
61,23,0,38540,"Marion town","Massachusetts",4907,4907,4915,4911,4895,4925,5048
61,23,0,38855,"Marshfield town","Massachusetts",25132,25132,25213,25357,25422,25525,25635
61,23,0,39450,"Mattapoisett town","Massachusetts",6045,6045,6055,6083,6114,6177,6221
61,23,0,40850,"Middleborough town","Massachusetts",23116,23116,23150,23254,23354,23769,24103
61,23,0,50145,"Norwell town","Massachusetts",10506,10506,10520,10574,10615,10706,10817
61,23,0,52630,"Pembroke town","Massachusetts",17837,17837,17867,17927,17959,18107,18197
61,23,0,54310,"Plymouth town","Massachusetts",56468,56468,56648,57152,57296,57666,58271
61,23,0,54415,"Plympton town","Massachusetts",2820,2820,2829,2836,2838,2856,2873
61,23,0,57600,"Rochester town","Massachusetts",5232,5232,5243,5303,5324,5384,5443
61,23,0,57775,"Rockland town","Massachusetts",17489,17480,17497,17547,17589,17669,17761
61,23,0,60330,"Scituate town","Massachusetts",18133,18135,18155,18177,18193,18318,18413
61,23,0,72985,"Wareham town","Massachusetts",21822,21822,21851,22209,22331,22424,22473
61,23,0,75260,"West Bridgewater town","Massachusetts",6916,6916,6925,6935,6939,7005,7060
61,23,0,79530,"Whitman town","Massachusetts",14489,14489,14512,14569,14611,14723,14790
50,25,0,0,"Suffolk County","Massachusetts",722023,722087,725319,737471,749504,760093,767254
157,25,7000,0,"Boston city","Massachusetts",617594,617680,620598,630645,640839,649917,655884
157,25,13205,0,"Chelsea city","Massachusetts",35177,35177,35332,36256,37079,37881,38861
157,25,56585,0,"Revere city","Massachusetts",51755,51733,51857,52755,53524,54063,54157
157,25,81005,0,"Winthrop Town city","Massachusetts",17497,17497,17532,17815,18062,18232,18352
61,25,0,7000,"Boston city","Massachusetts",617594,617680,620598,630645,640839,649917,655884
71,25,7000,7000,"Boston city","Massachusetts",617594,617680,620598,630645,640839,649917,655884
61,25,0,13205,"Chelsea city","Massachusetts",35177,35177,35332,36256,37079,37881,38861
71,25,13205,13205,"Chelsea city","Massachusetts",35177,35177,35332,36256,37079,37881,38861
61,25,0,56585,"Revere city","Massachusetts",51755,51733,51857,52755,53524,54063,54157
71,25,56585,56585,"Revere city","Massachusetts",51755,51733,51857,52755,53524,54063,54157
61,25,0,81005,"Winthrop Town city","Massachusetts",17497,17497,17532,17815,18062,18232,18352
71,25,81005,81005,"Winthrop Town city","Massachusetts",17497,17497,17532,17815,18062,18232,18352
50,27,0,0,"Worcester County","Massachusetts",798552,798542,800184,803805,806133,810423,813475
157,27,23875,0,"Fitchburg city","Massachusetts",40318,40318,40410,40365,40403,40440,40445
157,27,25485,0,"Gardner city","Massachusetts",20228,20228,20158,20198,20316,20349,20381
157,27,35075,0,"Leominster city","Massachusetts",40759,40759,40765,40882,40896,41079,41150
157,27,63345,0,"Southbridge Town city","Massachusetts",16719,16719,16725,16741,16768,16803,16825
157,27,82000,0,"Worcester city","Massachusetts",181045,181041,181811,182362,182367,183021,183016
157,27,99990,0,"Balance of Worcester County","Massachusetts",499483,499477,500315,503257,505383,508731,511658
61,27,0,1885,"Ashburnham town","Massachusetts",6081,6081,6088,6113,6138,6160,6181
61,27,0,2480,"Athol town","Massachusetts",11584,11577,11606,11613,11630,11634,11621
61,27,0,2760,"Auburn town","Massachusetts",16188,16188,16195,16236,16279,16333,16387
61,27,0,3740,"Barre town","Massachusetts",5398,5398,5400,5403,5411,5440,5463
61,27,0,5490,"Berlin town","Massachusetts",2866,2866,2867,2894,2902,2944,2978
61,27,0,6015,"Blackstone town","Massachusetts",9026,9026,9026,9039,9060,9084,9091
61,27,0,6365,"Bolton town","Massachusetts",4897,4897,4924,4978,5012,5076,5132
61,27,0,7525,"Boylston town","Massachusetts",4355,4355,4354,4356,4391,4434,4475
61,27,0,9105,"Brookfield town","Massachusetts",3390,3390,3391,3393,3398,3399,3399
61,27,0,12715,"Charlton town","Massachusetts",12981,12981,12996,13055,13123,13183,13312
61,27,0,14395,"Clinton town","Massachusetts",13606,13606,13622,13633,13671,13719,13749
61,27,0,17300,"Douglas town","Massachusetts",8471,8470,8473,8526,8567,8626,8681
61,27,0,17685,"Dudley town","Massachusetts",11390,11390,11476,11569,11581,11704,11818
61,27,0,18560,"East Brookfield town","Massachusetts",2183,2183,2184,2183,2185,2188,2186
61,27,0,23875,"Fitchburg city","Massachusetts",40318,40318,40410,40365,40403,40440,40445
71,27,23875,23875,"Fitchburg city","Massachusetts",40318,40318,40410,40365,40403,40440,40445
61,27,0,25485,"Gardner city","Massachusetts",20228,20228,20158,20198,20316,20349,20381
71,27,25485,25485,"Gardner city","Massachusetts",20228,20228,20158,20198,20316,20349,20381
61,27,0,26430,"Grafton town","Massachusetts",17765,17765,17782,17885,18041,18166,18371
61,27,0,28740,"Hardwick town","Massachusetts",2990,2990,2991,2995,2997,3002,3010
61,27,0,28950,"Harvard town","Massachusetts",6520,6520,6532,6540,6549,6568,6566
61,27,0,30560,"Holden town","Massachusetts",17346,17346,17365,17505,17638,17993,18476
61,27,0,30945,"Hopedale town","Massachusetts",5911,5911,5911,5921,5930,5953,5950
61,27,0,31435,"Hubbardston town","Massachusetts",4382,4382,4394,4404,4428,4465,4522
61,27,0,34165,"Lancaster town","Massachusetts",8055,8055,8066,7925,7956,8061,8111
61,27,0,34795,"Leicester town","Massachusetts",10970,10970,10984,11063,11174,11246,11270
61,27,0,35075,"Leominster city","Massachusetts",40759,40759,40765,40882,40896,41079,41150
71,27,35075,35075,"Leominster city","Massachusetts",40759,40759,40765,40882,40896,41079,41150
61,27,0,37420,"Lunenburg town","Massachusetts",10086,10086,10093,10838,10884,11041,11107
61,27,0,40255,"Mendon town","Massachusetts",5839,5839,5844,5860,5877,5906,5960
61,27,0,41165,"Milford town","Massachusetts",27999,27993,28023,28099,28183,28289,28439
61,27,0,41340,"Millbury town","Massachusetts",13261,13261,13262,13284,13322,13416,13460
61,27,0,41585,"Millville town","Massachusetts",3190,3190,3191,3191,3201,3215,3223
61,27,0,45105,"New Braintree town","Massachusetts",999,999,1002,1009,1017,1023,1022
61,27,0,46820,"Northborough town","Massachusetts",14155,14155,14388,14664,14642,14753,14834
61,27,0,46925,"Northbridge town","Massachusetts",15707,15707,15727,15884,16156,16310,16407
61,27,0,47135,"North Brookfield town","Massachusetts",4680,4680,4684,4699,4720,4743,4748
61,27,0,50670,"Oakham town","Massachusetts",1902,1902,1903,1906,1912,1918,1921
61,27,0,51825,"Oxford town","Massachusetts",13709,13709,13711,13735,13773,13812,13853
61,27,0,52420,"Paxton town","Massachusetts",4806,4806,4825,4860,4834,4847,4854
61,27,0,53120,"Petersham town","Massachusetts",1234,1234,1234,1239,1241,1245,1247
61,27,0,53225,"Phillipston town","Massachusetts",1682,1689,1690,1695,1702,1710,1715
61,27,0,55395,"Princeton town","Massachusetts",3413,3413,3417,3430,3435,3442,3443
61,27,0,58580,"Royalston town","Massachusetts",1258,1258,1258,1258,1264,1269,1269
61,27,0,58825,"Rutland town","Massachusetts",7973,7973,7995,8107,8184,8264,8349
61,27,0,61800,"Shrewsbury town","Massachusetts",35608,35608,35658,35897,36075,36333,36580
61,27,0,63165,"Southborough town","Massachusetts",9767,9767,9771,9816,9848,9900,9943
61,27,0,63345,"Southbridge Town city","Massachusetts",16719,16719,16725,16741,16768,16803,16825
71,27,63345,63345,"Southbridge Town city","Massachusetts",16719,16719,16725,16741,16768,16803,16825
61,27,0,66105,"Spencer town","Massachusetts",11688,11688,11689,11719,11745,11780,11805
61,27,0,67385,"Sterling town","Massachusetts",7808,7808,7811,7826,7856,7887,7938
61,27,0,68155,"Sturbridge town","Massachusetts",9268,9268,9279,9315,9347,9413,9463
61,27,0,68610,"Sutton town","Massachusetts",8963,8964,8970,9017,9075,9140,9202
61,27,0,69275,"Templeton town","Massachusetts",8013,8013,8031,8045,8078,8145,8155
61,27,0,71480,"Upton town","Massachusetts",7542,7542,7553,7603,7639,7671,7699
61,27,0,71620,"Uxbridge town","Massachusetts",13457,13457,13465,13522,13582,13702,13783
61,27,0,73090,"Warren town","Massachusetts",5135,5135,5137,5141,5147,5174,5178
61,27,0,73895,"Webster town","Massachusetts",16767,16767,16772,16788,16798,16836,16844
61,27,0,75015,"Westborough town","Massachusetts",18272,18272,18278,18406,18378,18609,18756
61,27,0,75155,"West Boylston town","Massachusetts",7669,7669,7718,7752,7852,7837,7871
61,27,0,75400,"West Brookfield town","Massachusetts",3701,3701,3705,3716,3741,3756,3763
61,27,0,77010,"Westminster town","Massachusetts",7277,7277,7282,7305,7343,7412,7463
61,27,0,80405,"Winchendon town","Massachusetts",10300,10300,10322,10402,10471,10555,10615
61,27,0,82000,"Worcester city","Massachusetts",181045,181041,181811,182362,182367,183021,183016
71,27,82000,82000,"Worcester city","Massachusetts",181045,181041,181811,182362,182367,183021,183016
