"Place",,"County","State",2015,2010,2000,1990,1980,1970,1960,1950,1940,1930,1920,1910,1900,1890,1880,1870,1860,1850,1840,1830,1820,1810,1800,1790
"Alton","town","Belknap County","New Hampshire",5320,5250,4502,3286,2440,1647,1241,1189,1209,1261,1221,1348,1500,1372,1476,1768,2018,1795,2002,1993,2058,1279,721,445
"Barnstead","town","Belknap County","New Hampshire",4608,4593,3886,3100,2292,1119,850,846,804,791,873,1081,1072,1264,1296,1543,1885,1848,1945,2047,1805,1477,1161,807
"Belmont","town","Belknap County","New Hampshire",7315,7356,6716,5796,4026,2493,1953,1611,1374,1299,1194,1390,1294,1142,1226,1165,1189,0,0,0,0,0,0,0
"Center Harbor","town","Belknap County","New Hampshire",1098,1096,996,996,808,540,511,451,355,382,422,420,422,479,521,446,484,543,584,577,486,349,263,0
"Gilford","town","Belknap County","New Hampshire",7167,7126,6803,5867,4841,3219,2043,1251,996,783,738,744,661,3585,2821,3361,2811,2432,2072,1872,1816,0,0,0
"Gilmanton","town","Belknap County","New Hampshire",3776,3777,3060,2609,1941,1010,736,754,708,676,814,968,1100,1211,1485,1642,2373,3282,3485,3816,3752,4338,3752,2613
"Laconia","town","Belknap County","New Hampshire",16227,15951,16411,15743,15575,14888,15288,14745,13484,12471,10897,10183,8042,6143,3790,2309,1806,0,0,0,0,0,0,0
"Meredith","town","Belknap County","New Hampshire",6368,6241,5943,4837,4646,2904,2434,2222,2192,1902,1680,1638,1713,1642,1800,1807,1944,3521,3344,2683,2416,1940,1609,881
"New Hampton","town","Belknap County","New Hampshire",2206,2165,1950,1606,1249,946,862,723,791,692,708,821,852,935,1059,1257,1596,1612,1812,1904,1500,1293,1095,652
"Sanbornton","town","Belknap County","New Hampshire",2975,2966,2581,2136,1679,1022,857,755,677,654,617,850,944,1027,1192,1236,2743,2695,2745,2866,3329,2884,2695,1587
"Tilton","town","Belknap County","New Hampshire",3581,3567,3477,3240,3387,2579,2137,2085,1738,1712,2014,1866,1926,1521,1232,1147,0,0,0,0,0,0,0,0
"Albany","town","Carroll County","New Hampshire",721,735,654,536,383,259,146,154,131,96,170,289,210,377,361,339,430,455,406,0,0,0,0,0
"Bartlett","town","Carroll County","New Hampshire",2760,2788,2705,2290,1566,1098,1013,1074,1154,1119,1059,1197,1013,1247,1044,629,735,761,0,0,0,0,0,0
"Brookfield","town","Carroll County","New Hampshire",688,712,604,518,385,198,145,159,142,166,186,247,296,349,428,416,510,552,553,679,690,657,504,0
"Chatham","town","Carroll County","New Hampshire",336,337,260,268,189,134,150,177,184,168,229,209,267,329,421,445,489,516,523,419,298,201,183,58
"Conway","town","Carroll County","New Hampshire",9948,10115,8604,7940,7158,4865,4298,4109,3651,3217,3102,3413,3154,2331,2094,1607,1624,1767,1811,1601,1365,1080,705,574
"Eaton","town","Carroll County","New Hampshire",389,393,375,362,256,221,151,221,196,210,237,380,365,514,629,657,780,1743,1710,1432,1071,535,381,253
"Effingham","town","Carroll County","New Hampshire",1521,1465,1273,941,599,360,329,341,377,352,393,558,600,720,865,904,1209,1252,1195,1911,1368,876,451,154
"Freedom","town","Carroll County","New Hampshire",1487,1489,1303,935,720,387,363,315,352,390,467,542,594,630,714,737,917,910,926,0,0,0,0,0
"Hale's location","town","Carroll County","New Hampshire",120,120,58,0,2,0,8,0,0,0,0,0,0,0,0,0,0,0,0,0,0,0,0,0
"Hart's Location","town","Carroll County","New Hampshire",41,41,37,36,27,7,7,11,17,29,35,85,38,187,70,26,0,0,0,0,0,0,0,0
"Jackson","town","Carroll County","New Hampshire",814,816,835,678,642,404,315,344,409,321,533,452,624,579,464,474,631,589,0,0,0,0,0,0
"Madison","town","Carroll County","New Hampshire",2518,2502,1984,1704,1051,572,429,486,512,535,482,507,529,554,586,646,826,0,0,0,0,0,0,0
"Moultonborough","town","Carroll County","New Hampshire",4014,4044,4484,2956,2206,1310,840,880,788,709,758,783,901,1034,1254,1299,1448,1748,1752,1422,1279,994,857,565
"Ossipee","town","Carroll County","New Hampshire",4247,4345,4211,3309,2465,1647,1409,1412,1498,1230,1122,1354,1479,1630,1782,1822,1997,2123,2170,1935,1988,1330,1143,339
"Sandwich","town","Carroll County","New Hampshire",1310,1326,1286,1066,905,666,620,615,742,731,1175,928,1077,1303,1701,1854,2227,2577,2625,2743,2368,2232,1413,905
"Tamworth","town","Carroll County","New Hampshire",2847,2856,2510,2165,1672,1054,1016,1025,1056,955,945,993,1050,1025,1274,1344,1078,1766,1716,1554,1442,1134,757,266
"Tuftonboro","town","Carroll County","New Hampshire",2347,2387,2148,1842,1500,910,678,697,586,505,311,612,663,767,923,949,1186,1305,1281,1375,1232,709,357,109
"Wakefield","town","Carroll County","New Hampshire",4967,5078,4252,3057,2237,1420,1223,1267,1158,1186,1335,1543,1645,1528,1392,1185,1478,1405,1596,1470,1518,1166,835,646
"Wolfeboro","town","Carroll County","New Hampshire",6210,6269,6083,4807,3968,3036,2689,2581,2636,2358,2178,2224,2390,3020,2222,1995,2300,2038,1918,1929,1794,1376,941,447
"Alstead","town","Cheshire County","New Hampshire",1915,1937,1944,1721,1461,1185,843,851,683,616,672,711,799,870,1037,1213,1318,1425,1454,1552,1611,1694,1666,1111
"Chesterfield","town","Cheshire County","New Hampshire",3555,3604,3542,3112,2561,1817,1405,970,591,704,601,770,981,1046,1173,1289,1434,1680,1765,2040,2110,1839,2161,1905
"Dublin","town","Cheshire County","New Hampshire",1550,1597,1476,1474,1303,837,684,675,621,506,408,571,620,582,456,930,1096,1088,1075,1218,1620,1184,1188,901
"Fitzwilliam","town","Cheshire County","New Hampshire",2339,2396,2141,2011,1795,1362,966,872,824,850,962,1148,987,1122,1187,1140,1294,1482,1366,1229,1167,1301,1240,1038
"Gilsum","town","Cheshire County","New Hampshire",802,813,777,745,652,570,528,578,491,506,439,470,590,643,663,590,676,668,656,412,601,513,484,298
"Harrisville","town","Cheshire County","New Hampshire",946,961,1075,981,860,584,459,519,509,512,559,623,791,748,870,0,0,0,0,0,0,0,0,0
"Hinsdale","town","Cheshire County","New Hampshire",3903,4046,4082,3936,3631,3276,2187,1950,1762,1757,1773,1673,1933,2258,1868,1342,1312,1963,1141,937,890,740,634,522
"Jaffrey","town","Cheshire County","New Hampshire",5300,5457,5476,5361,4349,3353,3154,2911,2879,2485,2303,1895,1801,1469,1267,1256,1453,1497,1411,1354,1339,1336,1341,1235
"Keene","town","Cheshire County","New Hampshire",23265,23409,22563,22430,21449,20467,17562,15638,13832,13794,11210,10068,9165,7446,6784,5971,4320,3392,2611,2574,1895,1646,1645,1314
"Marlborough","town","Cheshire County","New Hampshire",2064,2063,2009,1927,1846,1671,1612,1561,1431,1508,1380,1478,1524,1695,1286,1017,915,887,831,822,766,1142,1185,786
"Marlow","town","Cheshire County","New Hampshire",728,742,747,650,542,390,350,330,288,330,401,425,488,584,701,716,813,708,626,645,597,566,543,313
"Nelson","town","Cheshire County","New Hampshire",717,729,634,535,442,304,222,231,282,162,171,231,295,332,438,744,699,750,835,875,907,1076,977,721
"Richmond","town","Cheshire County","New Hampshire",1137,1155,1077,877,518,287,295,259,296,241,306,393,459,476,669,868,1015,1128,1165,1301,1391,1290,1390,1380
"Rindge","town","Cheshire County","New Hampshire",5853,6014,5451,4941,3375,2175,941,707,629,610,643,706,855,996,934,1107,1231,1274,1161,1269,1298,1226,1196,1143
"Roxbury","town","Cheshire County","New Hampshire",224,229,237,248,190,161,137,117,113,53,56,66,100,129,126,174,212,260,286,322,366,0,0,0
"Stoddard","town","Cheshire County","New Hampshire",1234,1232,928,622,482,242,146,200,218,113,213,257,367,400,553,667,944,1105,1006,1159,1203,1132,1148,701
"Sullivan","town","Cheshire County","New Hampshire",671,677,746,706,585,376,261,272,255,192,206,266,287,337,382,347,376,468,496,555,582,516,488,220
"Surry","town","Cheshire County","New Hampshire",723,732,673,667,656,507,362,291,236,198,200,213,250,270,326,318,389,556,481,539,570,564,569,448
"Swanzey","town","Cheshire County","New Hampshire",7203,7230,6800,6236,5183,4254,3626,2806,2262,2066,1593,1656,1570,1600,1661,1626,1798,2106,1755,1816,1716,1400,1271,1157
"Troy","town","Cheshire County","New Hampshire",2086,2145,1962,2097,2131,1713,1445,1360,1321,1267,1444,1331,1527,999,796,767,761,759,683,676,676,0,0,0
"Walpole","town","Cheshire County","New Hampshire",3767,3734,3594,3210,3188,2966,2825,2536,2400,2287,2553,2668,2693,2163,2018,1830,1868,2034,2015,1974,2020,1894,1743,1245
"Westmoreland","town","Cheshire County","New Hampshire",1714,1874,1747,1596,1452,998,921,789,755,745,615,758,875,830,1095,1256,1285,1678,1546,1647,2029,1937,2066,2018
"Winchester","town","Cheshire County","New Hampshire",4213,4341,4144,4038,3465,2869,2411,2388,2275,2183,2267,2282,2274,2584,2444,2097,2225,3296,2065,2051,1849,1478,1413,1209
"Atkinson and Gilmanton Academy grant","town","Coos County","New Hampshire",0,0,12,0,0,4,0,0,0,1,20,1,0,0,0,0,0,0,0,0,0,0,0,0
"Beans grant","town","Coos County","New Hampshire",0,0,0,0,0,0,0,0,0,0,0,0,0,0,0,0,0,0,0,0,0,0,0,0
"Beans purchase","town","Coos County","New Hampshire",0,0,4,0,0,0,0,0,0,25,0,0,0,0,0,0,0,0,0,0,0,0,0,0
"Berlin","town","Coos County","New Hampshire",9367,10051,10331,11824,13084,15256,17821,16615,19084,20018,16104,11780,8886,3729,1144,529,433,173,116,73,0,0,0,0
"Cambridge township","town","Coos County","New Hampshire",8,8,10,0,5,4,0,8,0,1,1,5,17,31,36,28,49,33,5,0,0,0,0,0
"Carroll","town","Coos County","New Hampshire",748,763,663,528,647,310,295,359,496,402,388,569,710,813,632,378,276,296,218,108,0,0,0,0
"Chandlers purchase","town","Coos County","New Hampshire",0,0,0,0,0,0,0,0,0,0,0,0,0,15,0,0,0,0,0,0,0,0,0,0
"Clarksville","town","Coos County","New Hampshire",249,265,294,232,262,166,179,171,225,215,410,271,307,325,328,269,249,187,88,0,0,0,0,0
"Colebrook","town","Coos County","New Hampshire",2188,2301,2321,2444,2459,2094,2389,2116,2096,1937,1811,1905,1876,1736,1580,1372,1118,908,743,542,469,325,160,29
"Columbia","town","Coos County","New Hampshire",737,757,750,661,673,467,457,495,483,524,601,619,690,605,762,752,798,762,620,442,249,142,109,26
"Crawfords purchase","town","Coos County","New Hampshire",0,0,0,0,0,0,0,0,0,0,0,0,10,28,28,0,0,0,0,0,0,0,0,0
"Cutts grant","town","Coos County","New Hampshire",0,0,0,0,0,0,0,0,0,0,0,0,0,0,0,0,0,0,0,0,0,0,0,0
"Dalton","town","Coos County","New Hampshire",913,979,927,827,672,425,567,557,642,580,460,475,592,596,570,773,666,751,664,532,347,235,62,14
"Dixs grant","town","Coos County","New Hampshire",1,1,0,0,0,0,0,0,0,0,0,33,0,0,0,0,0,0,0,0,0,0,0,0
"Dixville township","town","Coos County","New Hampshire",11,12,75,50,36,18,18,13,13,25,24,12,15,11,32,8,0,0,4,2,2,12,0,0
"Dummer","town","Coos County","New Hampshire",288,304,309,327,390,225,202,229,274,298,266,292,349,455,464,317,289,171,57,65,27,7,0,0
"Errol","town","Coos County","New Hampshire",273,291,298,292,313,199,220,224,235,293,241,211,305,178,161,178,178,138,104,82,26,38,0,0
"Ervings location","town","Coos County","New Hampshire",0,0,1,0,0,0,0,0,0,0,31,0,0,0,0,0,0,0,0,0,0,0,0,0
"Gorham","town","Coos County","New Hampshire",2657,2848,2895,3173,3322,2998,3039,2639,2597,2763,2734,2155,1797,1710,1383,1167,907,224,156,0,0,0,0,0
"Greens grant","town","Coos County","New Hampshire",1,1,0,0,0,0,2,0,3,4,5,4,13,30,8,71,14,0,0,0,0,0,0,0
"Hadleys purchase","town","Coos County","New Hampshire",0,0,0,0,0,0,0,0,0,0,0,0,0,0,0,0,0,0,0,0,0,0,0,0
"Jefferson","town","Coos County","New Hampshire",1051,1107,1006,965,803,714,600,728,763,771,960,1061,1080,1062,951,826,700,629,575,492,252,197,112,0
"Kilkenny township","town","Coos County","New Hampshire",0,0,0,0,0,0,0,0,0,0,2,0,47,0,0,0,0,0,0,27,24,28,18,0
"Lancaster","town","Coos County","New Hampshire",3351,3507,3280,3522,3401,3166,3138,3113,3095,2887,2819,3054,3190,3373,2721,2248,2020,1559,1316,1187,844,717,440,161
"Low and Burbanks grant","town","Coos County","New Hampshire",0,0,0,0,1,0,0,0,0,0,0,0,0,0,0,0,0,0,0,0,0,0,0,0
"Martins location","town","Coos County","New Hampshire",0,0,0,0,0,0,2,0,0,0,4,3,0,5,33,17,19,0,0,0,0,0,0,0
"Milan","town","Coos County","New Hampshire",1266,1337,1331,1295,1013,713,661,743,782,719,730,924,1135,1029,895,710,789,493,386,243,0,0,0,0
"Millsfield township","town","Coos County","New Hampshire",22,23,22,21,7,18,7,16,34,33,45,12,41,62,62,28,15,0,12,33,0,0,0,0
"Northumberland","town","Coos County","New Hampshire",2167,2288,2438,2492,2520,2493,2586,2779,2740,2360,2567,2184,1977,1356,1062,955,736,429,399,342,205,281,205,117
"Odell township","town","Coos County","New Hampshire",4,4,5,0,0,3,0,12,82,0,73,0,0,0,0,0,1,0,0,0,0,0,0,0
"Pinkhams grant","town","Coos County","New Hampshire",9,9,0,11,30,16,15,17,10,9,0,0,4,8,0,0,0,0,0,0,0,0,0,0
"Pittsburg","town","Coos County","New Hampshire",828,869,867,901,780,726,639,697,820,671,1311,624,687,609,581,400,413,425,315,0,0,0,0,0
"Randolph","town","Coos County","New Hampshire",293,310,339,371,274,169,140,158,114,82,67,137,137,137,203,138,118,113,115,143,0,0,0,0
"Sargents purchase","town","Coos County","New Hampshire",3,3,0,0,1,0,17,16,0,0,0,0,0,0,0,0,6,0,0,0,0,0,0,0
"Second College grant","town","Coos County","New Hampshire",0,0,0,0,2,0,6,0,0,0,0,0,0,13,18,11,0,0,0,0,0,0,0,0
"Shelburne","town","Coos County","New Hampshire",349,372,379,437,318,199,226,184,190,196,178,305,283,336,252,259,318,480,350,312,205,176,45,31
"Stark","town","Coos County","New Hampshire",518,556,516,518,470,343,327,373,352,329,339,448,733,703,690,464,426,418,349,0,0,0,0,0
"Stewartstown","town","Coos County","New Hampshire",964,1004,1012,1048,943,1008,918,970,1203,1148,1109,1128,1150,1002,958,909,771,747,630,129,363,186,99,0
"Stratford","town","Coos County","New Hampshire",698,746,942,927,989,980,1029,973,1049,918,794,844,968,1128,1016,886,716,552,441,443,335,339,281,146
"Success township","town","Coos County","New Hampshire",0,0,2,0,0,2,0,0,1,0,8,0,220,0,0,5,11,0,0,14,0,0,0,0
"Thompson and Meserves purchase","town","Coos County","New Hampshire",0,0,0,0,2,0,1,2,0,2,0,4,18,0,0,0,32,0,0,0,0,0,0,0
"Wentworth location","town","Coos County","New Hampshire",31,33,44,53,49,37,58,48,57,38,50,51,61,25,55,38,57,0,0,0,0,0,0,0
"Whitefield","town","Coos County","New Hampshire",2217,2306,2038,1909,1681,1538,1581,1677,1834,1693,1935,1635,2157,2041,1828,1196,1015,857,751,685,281,51,0,0
"Alexandria","town","Grafton County","New Hampshire",1623,1613,1329,1190,706,466,370,402,396,412,502,571,630,679,828,876,1253,1273,1284,1083,707,409,303,298
"Ashland","town","Grafton County","New Hampshire",2058,2076,1955,1915,1807,1599,1473,1599,1460,1375,1325,1412,1289,1193,960,885,0,0,0,0,0,0,0,0
"Bath","town","Grafton County","New Hampshire",1083,1077,893,784,761,607,604,706,686,785,838,978,1006,935,1032,1168,1366,1574,1591,1627,1498,1316,825,498
"Benton","town","Grafton County","New Hampshire",371,364,314,330,333,194,172,247,262,255,177,219,209,244,378,375,459,478,413,0,0,0,0,0
"Bethlehem","town","Grafton County","New Hampshire",2553,2526,2199,2033,1784,1142,898,882,935,872,866,1201,1261,1267,1400,998,896,950,779,665,467,422,171,0
"Bridgewater","town","Grafton County","New Hampshire",1085,1083,974,796,606,398,293,222,226,151,199,187,244,332,384,453,560,667,747,783,727,1104,664,281
"Bristol","town","Grafton County","New Hampshire",3073,3054,3033,2537,2198,1670,1470,1586,1632,1610,1428,1478,1600,1524,1352,1416,1124,1103,1153,799,675,0,0,0
"Campton","town","Grafton County","New Hampshire",3305,3333,2719,2377,1694,1171,1058,1149,1130,1184,1028,845,999,982,1163,1226,1320,1439,1513,1313,1047,873,635,395
"Canaan","town","Grafton County","New Hampshire",3891,3909,3319,3045,2456,1923,1507,1465,1377,1301,1236,1408,1444,1417,1762,1877,1762,1682,1576,1428,1198,1094,835,483
"Dorchester","town","Grafton County","New Hampshire",353,355,353,392,244,141,91,133,144,115,228,241,308,370,585,689,691,711,769,702,584,537,349,175
"Easton","town","Grafton County","New Hampshire",265,254,256,223,124,92,74,94,156,132,131,226,249,248,302,0,0,0,0,0,0,0,0,0
"Ellsworth","town","Grafton County","New Hampshire",83,83,87,74,53,13,3,24,26,28,30,46,107,150,209,193,302,320,300,234,213,142,47,0
"Enfield","town","Grafton County","New Hampshire",4550,4582,4618,3979,3175,2345,1867,1612,1693,1325,1577,1448,1845,1439,1680,1662,1876,1742,1514,1492,1370,1291,1121,724
"Franconia","town","Grafton County","New Hampshire",1117,1104,924,811,743,655,491,549,568,514,440,504,655,594,550,549,708,584,523,443,373,358,129,72
"Grafton","town","Grafton County","New Hampshire",1339,1340,1138,923,739,370,348,442,552,539,554,641,748,787,934,907,1150,1259,1201,1207,1094,931,682,403
"Groton","town","Grafton County","New Hampshire",595,593,456,318,255,120,99,105,182,202,199,319,346,464,566,583,778,776,870,669,686,549,391,373
"Hanover","town","Grafton County","New Hampshire",11401,11260,10850,9212,9119,8494,7329,6259,3425,3043,2264,2075,1884,1817,2147,2085,2308,2350,2613,2361,2222,2135,1912,1380
"Haverhill","town","Grafton County","New Hampshire",4650,4697,4416,4164,3445,3090,3127,3357,3487,3665,3406,3498,3414,2545,2455,2271,2291,2405,2675,2183,1609,1105,805,552
"Hebron","town","Grafton County","New Hampshire",614,602,459,386,349,234,153,130,151,197,184,213,214,245,329,382,475,565,508,538,572,563,281,0
"Holderness","town","Grafton County","New Hampshire",2097,2108,1930,1694,1586,1048,749,731,735,644,602,652,662,595,703,793,1765,1744,1528,1429,1160,835,531,329
"Landaff","town","Grafton County","New Hampshire",418,415,378,350,266,292,289,342,389,469,510,526,500,499,506,882,1012,948,957,951,769,650,461,292
"Lebanon","town","Grafton County","New Hampshire",13579,13151,12568,12183,11134,9725,9299,8495,7590,7073,6162,5718,4965,3763,3354,3094,2322,2136,1754,1868,1710,1808,1574,1180
"Lincoln","town","Grafton County","New Hampshire",1711,1662,1271,1229,1313,1341,1228,1415,1560,1548,1473,1278,541,110,65,71,71,57,76,50,32,100,41,22
"Lisbon","town","Grafton County","New Hampshire",1573,1595,1587,1664,1517,1480,1788,2009,2103,2324,2288,2460,2221,2060,1807,1844,1886,1881,1682,1485,0,0,0,0
"Littleton","town","Grafton County","New Hampshire",5912,5928,5845,5827,5558,5290,5003,4817,4571,4558,4239,4069,4066,3365,2936,2446,2292,2008,1778,1435,1096,873,381,96
"Livermore","town","Grafton County","New Hampshire",0,0,3,0,0,0,0,0,4,23,98,64,191,155,103,0,0,0,0,0,0,0,0,0
"Lyman","town","Grafton County","New Hampshire",532,533,487,388,281,213,201,241,363,299,310,374,426,543,654,658,743,1442,1496,1321,1270,948,534,202
"Lyme","town","Grafton County","New Hampshire",1680,1716,1679,1496,1289,1112,1026,924,965,830,891,1007,1080,1154,1313,1358,1572,1617,1785,1804,1824,1670,1318,816
"Monroe","town","Grafton County","New Hampshire",778,788,759,746,619,385,421,410,430,457,356,429,545,478,504,532,619,0,0,0,0,0,0,0
"Orange","town","Grafton County","New Hampshire",332,331,299,237,197,103,83,82,109,99,166,176,213,245,335,340,382,451,463,405,293,229,203,131
"Orford","town","Grafton County","New Hampshire",1245,1237,1091,1008,928,793,667,726,701,636,661,799,890,916,1050,1119,1255,1406,1707,1829,1568,1265,988,540
"Piermont","town","Grafton County","New Hampshire",780,790,709,624,507,462,477,511,535,475,577,592,637,709,752,792,949,948,1057,1042,1016,877,670,426
"Plymouth","town","Grafton County","New Hampshire",6695,6990,5892,5811,5094,4225,3210,3039,2533,2470,2353,2200,1972,1852,1719,1409,1407,1290,1282,1175,983,937,743,625
"Rumney","town","Grafton County","New Hampshire",1490,1480,1480,1446,1212,870,820,859,861,858,911,850,837,947,1056,1165,1103,1109,1110,993,864,765,624,411
"Sugar Hill","town","Grafton County","New Hampshire",566,563,563,464,397,336,0,0,0,0,0,0,0,0,0,0,0,0,0,0,0,0,0,0
"Thornton","town","Grafton County","New Hampshire",2491,2490,1843,1505,952,594,480,460,501,459,477,553,552,632,775,840,967,1011,1045,1049,857,794,535,385
"Warren","town","Grafton County","New Hampshire",893,904,873,820,650,539,548,581,709,651,600,701,799,875,786,960,1152,872,938,702,544,506,336,206
"Waterville Valley","town","Grafton County","New Hampshire",246,247,257,151,180,109,14,11,26,23,95,16,50,39,54,33,48,42,63,96,0,0,0,0
"Wentworth","town","Grafton County","New Hampshire",919,911,798,630,527,376,300,413,491,459,507,595,617,698,939,971,1055,1197,1119,924,807,645,488,241
"Woodstock","town","Grafton County","New Hampshire",1374,1374,1139,1167,1008,897,827,894,981,756,684,1083,628,341,367,405,476,418,472,0,0,0,0,0
"Amherst","town","Hillsborough County","New Hampshire",11261,11201,10769,9068,8243,4605,2051,1461,1174,1115,868,1060,1231,1053,1225,1353,1598,1613,1565,1657,1622,1554,1470,2369
"Antrim","town","Hillsborough County","New Hampshire",2658,2637,2449,2360,2208,2122,1121,1030,1127,1254,1052,1235,1366,1248,817,904,1123,1143,1225,1309,1330,1277,1059,528
"Bedford","town","Hillsborough County","New Hampshire",22204,21203,18274,12563,9481,5859,3636,2176,1561,1326,1118,1110,1148,1102,1204,1221,1172,1914,1549,1554,1375,1296,1182,898
"Bennington","town","Hillsborough County","New Hampshire",1472,1476,1401,1236,890,639,591,593,655,552,568,690,667,542,443,401,450,541,0,0,0,0,0,0
"Brookline","town","Hillsborough County","New Hampshire",5212,4991,4181,2410,1766,1167,795,671,561,511,546,501,505,548,698,741,756,718,652,627,592,538,454,338
"Deering","town","Hillsborough County","New Hampshire",1922,1912,1875,1707,1041,578,345,392,367,324,287,353,486,531,674,722,793,890,1124,1227,1415,1363,1244,928
"Francestown","town","Hillsborough County","New Hampshire",1571,1562,1480,1217,830,525,495,405,342,363,385,602,693,837,937,932,1082,1114,1308,1540,1479,1451,1355,982
"Goffstown","town","Hillsborough County","New Hampshire",17945,17651,16929,14621,11315,9284,7230,5638,4247,3839,2391,2579,2528,1981,1690,1656,1740,2270,2366,2218,2173,2000,1612,1275
"Greenfield","town","Hillsborough County","New Hampshire",1844,1749,1657,1519,972,1058,538,430,407,394,417,574,605,607,649,527,692,716,834,946,974,980,934,0
"Greenville","town","Hillsborough County","New Hampshire",2082,2105,2224,2231,1988,1587,1385,1280,1236,1319,1346,1374,1608,1255,1072,0,0,0,0,0,0,0,0,0
"Hancock","town","Hillsborough County","New Hampshire",1638,1654,1739,1604,1193,909,722,612,631,561,531,642,642,637,689,692,844,1012,1345,1316,1178,1184,1120,634
"Hillsborough","town","Hillsborough County","New Hampshire",5981,6011,4928,4498,3437,2775,2310,2179,2269,2160,2229,2168,2254,2120,1646,1595,1623,1685,1808,1792,1982,1592,1311,798
"Hollis","town","Hillsborough County","New Hampshire",7793,7684,7015,5705,4679,2616,1720,1196,996,879,775,935,910,1000,1077,1079,1317,1293,1333,1501,1543,1529,1557,1441
"Hudson","town","Hillsborough County","New Hampshire",24911,24467,22928,19530,14022,10638,5876,4183,3409,2702,1954,1344,1261,1092,1045,1066,1222,1312,1144,1282,0,0,0,0
"Litchfield","town","Hillsborough County","New Hampshire",8448,8271,7360,5516,4150,1420,721,427,341,286,213,255,243,252,291,345,352,447,481,505,465,382,372,357
"Lyndeborough","town","Hillsborough County","New Hampshire",1703,1683,1585,1294,1070,789,594,552,452,399,428,660,686,657,818,820,823,968,1033,1147,1168,1074,976,1280
"Manchester","town","Hillsborough County","New Hampshire",110229,109565,107006,99567,90936,87754,88282,82732,77685,76834,78384,70063,56987,44126,32630,23536,20107,13932,3235,877,761,615,557,362
"Mason","town","Hillsborough County","New Hampshire",1409,1382,1147,1212,792,518,349,288,249,254,278,325,459,629,645,1364,1559,1626,1275,1403,1313,1077,1179,922
"Merrimack","town","Hillsborough County","New Hampshire",25648,25494,25119,22156,15406,8595,2989,1908,1253,1084,1022,1039,1234,951,1042,1066,1119,1250,1113,1191,1162,1048,926,819
"Milford","town","Hillsborough County","New Hampshire",15284,15115,13535,11795,8685,6622,4863,4159,3927,4068,3783,3939,3739,3014,2308,2606,2223,2159,1455,1303,1243,1117,939,0
"Mont Vernon","town","Hillsborough County","New Hampshire",2472,2409,2034,1812,1444,906,585,405,340,302,308,413,453,479,517,601,725,722,720,763,729,762,680,0
"Nashua","town","Hillsborough County","New Hampshire",87970,86494,86605,79662,67865,55820,39096,34669,32927,31463,28379,26005,23898,19311,13397,10543,10065,5820,3600,0,0,0,0,0
"New Boston","town","Hillsborough County","New Hampshire",5491,5321,4138,3214,1928,1390,925,865,773,693,768,982,1002,1067,1144,1241,1369,1477,1570,1680,1686,1619,1491,1202
"New Ipswich","town","Hillsborough County","New Hampshire",5194,5099,4289,4014,2433,1803,1455,1147,940,838,869,927,911,969,1222,1380,1701,1877,1578,1673,1278,1895,1266,1241
"Pelham","town","Hillsborough County","New Hampshire",13303,12897,10914,9408,8090,5408,2605,1317,979,814,974,826,875,791,848,861,944,1071,1003,1078,1040,998,918,791
"Peterborough","town","Hillsborough County","New Hampshire",6438,6284,5883,5239,4895,3807,2963,2556,2470,2521,2615,2277,2527,2507,2206,2236,2265,2222,2163,1984,1500,1537,1333,861
"Sharon","town","Hillsborough County","New Hampshire",363,352,360,299,184,136,78,62,61,38,21,71,122,137,203,182,250,226,251,271,391,446,428,259
"Temple","town","Hillsborough County","New Hampshire",1389,1366,1297,1194,692,441,361,330,258,239,263,284,313,342,492,421,501,579,576,647,752,941,867,747
"Weare","town","Hillsborough County","New Hampshire",8913,8785,7776,6193,3232,1851,1420,1345,1367,1287,1173,1325,1553,1550,1829,2092,2310,2435,2375,2430,2781,2634,2517,1924
"Wilton","town","Hillsborough County","New Hampshire",3690,3677,3743,3122,2669,2276,2025,1952,1855,1724,1546,1490,1696,1850,1747,1974,1369,1161,1033,1041,1070,1017,1010,1105
"Windsor","town","Hillsborough County","New Hampshire",240,224,201,107,72,43,35,27,29,22,21,24,38,62,420,81,136,172,177,226,237,238,249,120
"Allenstown","town","Merrimack County","New Hampshire",4285,4322,4843,4649,4398,2732,1789,1540,1673,1549,1213,1457,1496,1475,1707,804,414,526,455,421,433,346,315,254
"Andover","town","Merrimack County","New Hampshire",2362,2371,2109,1883,1587,1138,955,1057,1108,1031,1121,1201,1179,1090,1204,1206,1243,1220,1169,1324,1642,1259,1133,645
"Boscawen","town","Merrimack County","New Hampshire",3952,3965,3672,3586,3435,3162,2181,1857,1663,1359,1260,1240,1455,1487,1381,1637,2274,2063,1965,2093,2113,1829,1414,1108
"Bow","town","Merrimack County","New Hampshire",7734,7519,7138,5500,4015,2479,1340,1062,942,780,568,676,617,725,734,745,909,1055,1001,1065,935,729,719,568
"Bradford","town","Merrimack County","New Hampshire",1661,1650,1454,1405,1115,679,508,606,661,587,580,695,805,810,950,1081,1180,1341,1331,1285,1318,1034,740,217
"Canterbury","town","Merrimack County","New Hampshire",2393,2352,1979,1687,1410,895,674,627,659,505,655,680,821,964,1033,1169,1522,1614,1643,1663,1696,1526,1114,1038
"Chichester","town","Merrimack County","New Hampshire",2591,2523,2236,1942,1492,1083,821,735,587,567,507,606,598,661,784,871,1041,997,1028,1084,1010,951,775,491
"Concord","town","Merrimack County","New Hampshire",42620,42695,40687,36006,30400,30022,28991,27988,27171,25228,22167,21497,19632,17004,13843,12241,10896,8576,4903,3727,2838,2393,2052,1747
"Danbury","town","Merrimack County","New Hampshire",1177,1164,1071,881,680,489,435,496,578,498,516,592,654,683,760,796,947,934,800,786,467,345,165,111
"Dunbarton","town","Merrimack County","New Hampshire",2792,2758,2226,1759,1174,825,632,533,495,572,405,513,551,524,708,778,901,915,950,1067,1450,1256,1222,917
"Epsom","town","Merrimack County","New Hampshire",4640,4566,4021,3591,2743,1469,1002,756,797,678,655,725,771,815,909,993,1216,1366,1205,1408,1336,1156,1034,799
"Franklin","town","Merrimack County","New Hampshire",8450,8477,8405,8304,7901,7292,6742,6552,6749,6576,6318,6132,5846,4085,3265,2301,1600,1251,1281,1370,0,0,0,0
"Henniker","town","Merrimack County","New Hampshire",4917,4836,4433,4151,3246,2348,1636,1675,1336,1266,1344,1395,1507,1385,1326,1288,1500,1688,1715,1725,1900,1608,1476,1127
"Hill","town","Merrimack County","New Hampshire",1095,1089,992,814,736,450,396,310,498,468,500,556,603,548,667,620,0,0,0,0,0,0,0,0
"Hooksett","town","Merrimack County","New Hampshire",14098,13451,11721,8767,7303,5564,3713,2792,2273,2132,1828,1528,1665,1893,1766,1330,1257,1503,1175,880,0,0,0,0
"Hopkinton","town","Merrimack County","New Hampshire",5610,5589,5399,4806,3861,3007,2225,1831,1587,1485,1438,1578,1652,1817,1836,1814,2178,2169,2454,2474,2437,2216,2015,1715
"Loudon","town","Merrimack County","New Hampshire",5432,5317,4481,4114,2454,1707,1194,1012,920,801,690,838,960,1000,1221,1282,1638,1552,1640,1642,1694,1472,1279,1084
"Newbury","town","Merrimack County","New Hampshire",2165,2072,1702,1347,961,509,342,320,506,333,362,402,424,487,590,601,698,738,816,0,0,0,0,0
"New London","town","Merrimack County","New Hampshire",4630,4397,4116,3180,2935,2236,1738,1484,1039,812,701,805,768,799,875,959,952,945,1019,913,924,692,617,311
"Northfield","town","Merrimack County","New Hampshire",4808,4829,4548,4263,3051,2193,1784,1561,1543,1336,1522,1474,1227,1115,918,833,1051,1332,1413,1169,1304,1057,925,606
"Pembroke","town","Merrimack County","New Hampshire",7121,7115,6897,6561,4861,4261,3514,3094,2769,2792,2563,3062,3183,3172,2797,2518,1313,1733,1336,1312,1256,1153,982,956
"Pittsfield","town","Merrimack County","New Hampshire",4074,4106,3931,3701,2889,2517,2419,2321,2183,2018,1914,2222,2129,2605,1974,1600,1838,1828,1719,1271,1178,1050,987,888
"Salisbury","town","Merrimack County","New Hampshire",1400,1382,1137,1061,781,589,415,423,368,350,390,478,604,655,795,897,1191,1228,1332,1379,2016,1913,1767,1372
"Sutton","town","Merrimack County","New Hampshire",1852,1837,1544,1457,1091,642,487,554,675,512,632,698,776,849,993,1155,1431,1387,1361,1424,1573,1328,878,520
"Warner","town","Merrimack County","New Hampshire",2870,2833,2760,2250,1963,1441,1004,1080,1113,1062,1051,1226,1358,1383,1537,1667,1970,2038,2159,2222,2246,1838,1569,863
"Webster","town","Merrimack County","New Hampshire",1891,1872,1579,1405,1095,680,457,386,351,360,334,445,496,564,647,689,0,0,0,0,0,0,0,0
"Wilmot","town","Merrimack County","New Hampshire",1374,1358,1144,935,725,516,391,370,466,495,536,614,653,840,1080,1072,1195,1272,1212,834,670,298,0,0
"Atkinson","town","Rockingham County","New Hampshire",6801,6751,6178,5188,4397,2291,1017,492,434,407,413,440,442,483,502,488,546,600,567,555,563,556,474,479
"Auburn","town","Rockingham County","New Hampshire",5292,4953,4682,4085,2883,2035,1292,1158,807,735,652,637,682,631,719,815,886,810,869,0,0,0,0,0
"Brentwood","town","Rockingham County","New Hampshire",4731,4486,3197,2590,2004,1468,1072,819,720,725,685,759,957,967,999,895,887,923,888,891,892,905,899,976
"Candia","town","Rockingham County","New Hampshire",3902,3909,3911,3557,2989,1997,1490,1243,965,812,780,993,1057,1108,1340,1456,1575,1482,1430,1362,1273,1290,1186,1040
"Chester","town","Rockingham County","New Hampshire",4925,4768,3792,2691,2006,1382,1053,807,702,653,652,818,861,958,1136,1153,1275,1301,1304,2039,2262,2030,2046,1902
"Danville","town","Rockingham County","New Hampshire",4450,4387,4023,2534,1318,924,605,508,457,406,463,517,615,666,613,548,629,614,538,0,0,0,0,0
"Deerfield","town","Rockingham County","New Hampshire",4407,4280,3678,3124,1979,1178,714,706,749,635,746,917,1162,1220,1569,1768,2066,2022,1953,2086,2133,1851,1878,1619
"Derry","town","Rockingham County","New Hampshire",33199,33109,34021,29603,18875,11712,6987,5826,5400,5131,5382,5123,3583,2604,2140,1809,1995,1850,2034,2178,0,0,0,0
"East Kingston","town","Rockingham County","New Hampshire",2404,2357,1784,1352,1135,838,574,449,424,347,384,413,496,461,576,553,598,532,551,442,443,442,392,358
"Epping","town","Rockingham County","New Hampshire",6835,6411,5476,5162,3460,2356,2006,1796,1618,1672,1276,1649,1641,1721,1536,1270,1414,1663,1234,1263,1158,1182,1121,1233
"Exeter","town","Rockingham County","New Hampshire",14567,14306,14058,12481,11024,8892,7243,5664,5398,4872,4604,4897,4922,4284,3569,3437,3309,3329,2925,2759,2114,1759,1727,1722
"Fremont","town","Rockingham County","New Hampshire",4583,4283,3510,2576,1333,993,783,698,634,571,519,622,749,726,624,527,579,509,0,0,0,0,0,0
"Greenland","town","Rockingham County","New Hampshire",3872,3549,3208,2768,2129,1784,1196,719,696,577,623,575,607,647,695,695,762,730,726,681,634,592,548,634
"Hampstead","town","Rockingham County","New Hampshire",8573,8523,8297,6732,3785,2401,1261,902,823,775,670,796,823,860,950,935,930,789,890,913,751,738,790,724
"Hampton","town","Rockingham County","New Hampshire",15281,15430,14937,12278,10493,8011,5379,2847,2137,1507,1251,1215,1209,1330,1184,1177,1230,1192,1320,1103,1098,990,875,853
"Hampton Falls","town","Rockingham County","New Hampshire",2291,2236,1880,1503,1372,1254,885,629,493,481,483,552,560,622,678,679,621,640,656,582,572,570,519,541
"Kensington","town","Rockingham County","New Hampshire",2130,2124,1893,1631,1322,1044,708,542,458,438,383,417,524,547,614,642,672,700,647,717,709,781,776,800
"Kingston","town","Rockingham County","New Hampshire",6119,6025,5862,5591,4111,2882,1672,1283,1002,1017,859,1015,1132,1120,1080,1054,1216,1192,1032,929,847,746,785,906
"Londonderry","town","Rockingham County","New Hampshire",25196,24129,23236,19781,13598,5346,2457,1640,1429,1373,1303,1533,1408,1220,1363,1405,1717,1731,1556,1469,3127,2766,2650,2622
"New Castle","town","Rockingham County","New Hampshire",975,968,1010,840,936,975,823,583,542,378,728,624,581,488,610,667,692,891,742,850,932,592,524,534
"Newfields","town","Rockingham County","New Hampshire",1695,1680,1551,888,817,843,737,469,417,376,470,503,647,855,829,808,786,516,0,0,0,0,0,0
"Newington","town","Rockingham County","New Hampshire",772,753,775,990,716,798,2499,494,418,381,398,296,390,401,433,414,475,472,543,549,541,508,481,542
"Newmarket","town","Rockingham County","New Hampshire",8908,8936,8027,7157,4290,3361,3153,2709,2640,2511,3181,3348,2892,2742,2368,1987,2034,1937,2746,2013,1083,1061,1027,1137
"Newton","town","Rockingham County","New Hampshire",4869,4603,4289,3473,3068,1920,1419,1173,900,848,872,962,924,1064,1606,856,850,685,541,510,477,454,450,530
"North Hampton","town","Rockingham County","New Hampshire",4410,4301,4259,3637,3425,3259,1910,1104,818,695,677,782,812,804,774,723,771,822,885,767,764,651,653,657
"Northwood","town","Rockingham County","New Hampshire",4272,4241,3640,3124,2175,1526,1034,966,873,872,891,1059,1304,1478,1345,1430,1502,1308,1182,1342,1260,1095,950,744
"Nottingham","town","Rockingham County","New Hampshire",4942,4785,3701,2939,1952,952,623,566,468,451,520,607,638,988,1095,1130,1297,1268,1193,1157,1126,1063,964,1068
"Plaistow","town","Rockingham County","New Hampshire",7605,7609,7747,7316,5609,4712,2915,2082,1414,1366,1368,1173,1027,1085,1062,879,861,748,626,591,492,424,459,521
"Portsmouth","town","Rockingham County","New Hampshire",21530,20779,20784,25925,26254,25717,25833,18830,14821,14495,13569,11269,10637,9827,9690,9211,9335,9738,7887,8082,7327,6934,5339,4720
"Raymond","town","Rockingham County","New Hampshire",10285,10138,9674,8713,5453,3003,1867,1428,1340,1165,1050,1203,1100,1131,1053,1121,1269,1256,989,1000,961,898,808,727
"Rye","town","Rockingham County","New Hampshire",5375,5298,5182,4612,4508,4083,3244,1982,1246,1081,1196,1014,1142,978,1111,993,1199,1295,1205,1172,1127,1020,890,865
"Salem","town","Rockingham County","New Hampshire",28898,28776,28112,25746,24124,20142,9210,4805,3267,2751,2318,2117,2041,1805,1809,1603,1670,1555,1408,1310,1311,1179,1077,1218
"Sandown","town","Rockingham County","New Hampshire",6283,5986,5143,4060,2057,741,366,315,292,229,280,380,400,475,500,496,553,566,525,553,527,504,501,561
"Seabrook","town","Rockingham County","New Hampshire",8779,8693,7934,6503,5917,3053,2209,1788,1782,1666,1537,1425,1497,1672,1745,1609,1549,1266,1392,1096,885,774,628,715
"South Hampton","town","Rockingham County","New Hampshire",809,814,844,740,660,558,443,314,294,261,230,279,297,370,383,448,549,472,462,487,416,427,387,448
"Stratham","town","Rockingham County","New Hampshire",7373,7255,6355,4955,2507,1512,1033,759,634,552,542,602,718,680,720,769,859,840,875,838,892,874,890,882
"Windham","town","Rockingham County","New Hampshire",14439,13592,10709,9000,5664,3008,1317,964,630,538,543,656,641,632,695,753,846,818,926,1006,889,742,751,663
"Barrington","town","Strafford County","New Hampshire",8842,8576,7475,6164,4404,1865,1036,1052,780,613,616,900,1208,1408,1497,1581,1963,1752,1845,1895,1610,3564,2773,2470
"Dover","town","Strafford County","New Hampshire",30880,29987,26884,25042,22377,20850,19131,15874,14990,13573,13029,13247,13207,12790,11087,9294,8502,8196,6458,5449,2871,2228,2062,1998
"Durham","town","Strafford County","New Hampshire",16645,14638,12664,11818,10652,8869,5504,4770,1533,1217,749,823,996,871,962,1298,1534,1497,1498,1606,1538,1449,1126,1247
"Farmington","town","Strafford County","New Hampshire",6832,6786,5774,5739,4630,3588,3287,3454,3095,2698,2461,2621,2265,3064,3044,2063,2275,1699,1380,1464,1716,1272,1029,0
"Lee","town","Strafford County","New Hampshire",4391,4330,4145,3729,2111,1481,931,575,481,376,475,479,545,606,715,776,871,862,906,1009,1224,1329,978,1029
"Madbury","town","Strafford County","New Hampshire",1807,1771,1509,1404,987,704,556,489,401,358,326,331,336,367,397,408,496,483,489,510,559,582,544,592
"Middleton","town","Strafford County","New Hampshire",1787,1783,1440,1183,734,430,349,255,236,176,174,291,300,207,355,476,530,476,483,562,482,439,431,617
"Milton","town","Strafford County","New Hampshire",4585,4598,3910,3691,2438,1859,1418,1510,1279,1206,1428,1542,1625,1640,1516,1598,1862,1629,1322,1273,1232,1005,0,0
"New Durham","town","Strafford County","New Hampshire",2658,2638,2220,1974,1183,583,474,463,433,448,462,523,625,579,772,973,1173,1049,1032,1162,1168,888,742,554
"Rochester","town","Strafford County","New Hampshire",30038,29752,28461,26630,21560,17938,15927,13776,12012,10209,9673,8868,8466,7396,5784,4103,3384,3006,2431,2155,2471,2118,2646,2857
"Rollinsford","town","Strafford County","New Hampshire",2527,2527,2648,2645,2319,2273,1935,1652,1463,1409,1701,1836,1701,2003,1712,1500,2069,1862,0,0,0,0,0,0
"Somersworth","town","Strafford County","New Hampshire",11759,11766,11477,11249,10350,9026,8529,6927,6136,5680,6688,6704,7023,6207,5586,4504,4787,4943,3283,3090,841,878,932,943
"Strafford","town","Strafford County","New Hampshire",4074,3991,3626,2965,1663,965,722,770,714,617,764,786,1040,1304,1531,1669,2047,1920,2021,2200,2144,0,0,0
"Acworth","town","Sullivan County","New Hampshire",887,891,836,776,590,459,371,418,477,471,436,536,594,717,982,1050,1180,1251,1450,1401,1479,1523,1376,704
"Charlestown","town","Sullivan County","New Hampshire",4993,5114,4749,4630,4417,3274,2576,2077,1756,1644,1505,1496,1473,1466,1587,1741,1758,1644,1722,1773,1702,1501,1364,1093
"Claremont","town","Sullivan County","New Hampshire",12984,13355,13151,13902,14557,14221,13563,12811,12144,12377,9524,7529,6498,5565,4704,4053,4026,3606,3217,2526,2290,2094,1889,1435
"Cornish","town","Sullivan County","New Hampshire",1621,1640,1661,1659,1390,1268,1106,989,790,855,844,1005,962,954,1156,1334,1520,1606,1726,1687,1701,1606,1268,982
"Croydon","town","Sullivan County","New Hampshire",747,764,661,627,457,396,312,349,312,269,230,324,372,512,608,652,755,861,956,1057,1060,864,984,537
"Goshen","town","Sullivan County","New Hampshire",807,810,741,742,549,395,351,356,352,255,283,329,345,384,511,507,576,659,779,772,687,563,383,0
"Grantham","town","Sullivan County","New Hampshire",2959,2985,2167,1247,704,366,332,359,367,302,495,286,374,424,540,608,648,784,1034,1079,1032,864,713,333
"Langdon","town","Sullivan County","New Hampshire",676,688,586,580,437,337,338,378,276,267,279,340,339,305,364,411,478,575,615,667,654,632,484,244
"Lempster","town","Sullivan County","New Hampshire",1148,1154,971,947,637,360,272,309,312,273,287,383,391,519,602,678,820,906,941,999,950,854,729,415
"Newport","town","Sullivan County","New Hampshire",6365,6507,6269,6110,6229,5899,5458,5131,5304,4659,4109,3765,3126,2623,2612,2163,2077,2020,1958,1913,1679,1427,1266,780
"Plainfield","town","Sullivan County","New Hampshire",2352,2364,2241,2056,1749,1323,1071,1011,970,858,853,987,1114,1173,1372,1589,1620,1392,1552,1581,1460,1463,1435,1024
"Springfield","town","Sullivan County","New Hampshire",1313,1311,945,788,532,310,283,324,364,270,349,422,439,540,732,781,1021,1270,1252,1202,967,614,570,210
"Sunapee","town","Sullivan County","New Hampshire",3401,3365,3055,2559,2312,1384,1164,1108,1071,1040,898,1071,946,900,895,808,778,787,795,637,603,447,355,267
"Unity","town","Sullivan County","New Hampshire",1603,1671,1530,1341,1092,709,708,653,669,501,522,504,572,653,814,844,887,961,1218,1258,1277,1044,902,538
"Washington","town","Sullivan County","New Hampshire",1111,1123,895,628,411,248,162,168,278,245,308,360,464,569,682,839,897,1053,1103,1135,992,820,819,545
