"Place","County","State",2014,2010,2000,1990,1980,1970,1960,1950,1940,1930,1920,1910,1900,1890,1880,1870,1860,1850,1840,1830,1820,1810,1800,1790
"Aberdeen Township","Monmouth County","New Jersey",18292,18210,17454,17038,17235,17680,7359,3888,2633,2496,1856,1472,1310,1692,2699,2839,2072,0,0,0,0,0,0,0
"Absecon","Atlantic County","New Jersey",8376,8411,7638,7298,6859,6094,4320,2355,2084,2158,702,781,530,501,507,0,0,0,0,0,0,0,0,0
"Alexandria Township","Hunterdon County","New Jersey",4893,4938,4698,3594,2798,2127,1629,1369,1186,1094,938,1045,1045,1250,1324,3341,4088,3811,3420,3042,2619,2271,0,1503
"Allamuchy Township","Warren County","New Jersey",4558,4323,3877,3484,2560,1138,973,736,686,684,556,642,588,759,648,0,0,0,0,0,0,0,0,0
"Allendale","Bergen County","New Jersey",6789,6505,6699,5900,5901,6240,4092,2409,2058,1730,1165,937,694,0,0,0,0,0,0,0,0,0,0,0
"Allenhurst","Monmouth County","New Jersey",489,496,718,759,912,1012,795,758,520,573,343,306,165,0,0,0,0,0,0,0,0,0,0,0
"Allentown","Monmouth County","New Jersey",1807,1828,1882,1828,1962,1603,1393,931,766,706,634,634,695,0,0,0,0,0,0,0,0,0,0,0
"Alloway Township","Salem County","New Jersey",3418,3467,2774,2795,2680,2550,2226,1792,1705,1575,1431,1533,1528,1675,1917,3062,2899,2530,2235,2136,2194,1921,0,0
"Alpha","Warren County","New Jersey",2312,2369,2482,2530,2644,2829,2406,2117,2301,2374,2140,0,0,0,0,0,0,0,0,0,0,0,0,0
"Alpine","Bergen County","New Jersey",1894,1849,2183,1716,1549,1344,921,644,626,521,350,377,0,0,0,0,0,0,0,0,0,0,0,0
"Andover","Sussex County","New Jersey",587,606,658,700,892,813,734,560,512,479,417,884,0,0,0,0,0,0,0,0,0,0,0,0
"Andover Township","Sussex County","New Jersey",6135,6319,6033,5438,4506,3040,2177,1052,591,496,473,521,987,1126,1150,1126,0,0,0,0,0,0,0,0
"Asbury Park","Monmouth County","New Jersey",15778,16116,16930,16799,17015,16533,17366,17094,14617,14981,12400,10150,4148,0,0,0,0,0,0,0,0,0,0,0
"Atlantic City","Atlantic County","New Jersey",39415,39558,40517,37986,40199,47859,59544,61657,64094,66198,50707,46150,27838,13055,5477,1043,687,0,0,0,0,0,0,0
"Atlantic Highlands","Monmouth County","New Jersey",4336,4385,4705,4629,4950,5102,4119,3083,2335,2000,1629,1645,1383,945,0,0,0,0,0,0,0,0,0,0
"Audubon","Camden County","New Jersey",8710,8819,9182,9205,9533,10802,10440,9531,8906,8904,4730,1343,0,0,0,0,0,0,0,0,0,0,0,0
"Audubon Park","Camden County","New Jersey",1009,1023,1102,1150,1274,1492,1713,1859,0,0,0,0,0,0,0,0,0,0,0,0,0,0,0,0
"Avalon","Cape May County","New Jersey",1297,1334,2143,1809,2162,1283,695,428,313,343,197,230,93,0,0,0,0,0,0,0,0,0,0,0
"Avon-by-the-Sea","Monmouth County","New Jersey",1795,1901,2244,2165,2337,2163,1707,1650,1211,1220,647,426,0,0,0,0,0,0,0,0,0,0,0,0
"Barnegat Light","Ocean County","New Jersey",580,574,764,675,619,554,287,227,225,144,69,70,0,0,0,0,0,0,0,0,0,0,0,0
"Barnegat Township","Ocean County","New Jersey",22303,20936,15270,12235,8702,1539,1270,1173,1045,1037,803,982,955,1063,1024,1923,1918,1759,0,0,0,0,0,0
"Barrington","Camden County","New Jersey",6826,6983,7084,6774,7418,8409,7943,2651,2329,2252,1333,0,0,0,0,0,0,0,0,0,0,0,0,0
"Bass River Township","Burlington County","New Jersey",1442,1443,1510,1580,1344,815,737,688,599,700,612,685,800,853,1006,807,0,0,0,0,0,0,0,0
"Bay Head","Ocean County","New Jersey",1001,968,1238,1226,1340,1083,824,808,499,429,273,281,247,0,0,0,0,0,0,0,0,0,0,0
"Bayonne","Hudson County","New Jersey",65975,63024,61842,61444,65047,72743,74215,77203,79198,88979,76754,55545,32722,19033,9372,3834,0,0,0,0,0,0,0,0
"Beach Haven","Ocean County","New Jersey",1180,1170,1278,1475,1714,1488,1041,1050,746,715,329,272,239,0,0,0,0,0,0,0,0,0,0,0
"Beachwood","Ocean County","New Jersey",11253,11045,10375,9324,7687,4390,2765,1251,650,394,40,0,0,0,0,0,0,0,0,0,0,0,0,0
"Bedminster Township","Somerset County","New Jersey",8213,8165,8302,7086,2469,2597,2322,1613,1606,1374,1088,2375,1925,1749,1812,1881,1996,1826,1589,1453,1393,1312,0,1197
"Belleville Township","Essex County","New Jersey",36396,35926,35928,34213,35367,37629,35005,32019,28167,26974,15660,9891,0,0,0,0,0,0,0,0,0,0,0,0
"Bellmawr","Camden County","New Jersey",11454,11583,11262,12603,13721,15618,11853,5213,1250,1123,0,0,0,0,0,0,0,0,0,0,0,0,0,0
"Belmar","Monmouth County","New Jersey",5719,5794,6045,5877,6771,5782,5190,4636,3435,3491,1987,1433,902,0,0,0,0,0,0,0,0,0,0,0
"Belvidere Town","Warren County","New Jersey",2616,2681,2771,2669,2475,2722,2636,2406,2060,2073,1793,1764,1784,1768,1773,1882,1530,1001,0,0,0,0,0,0
"Bergenfield","Bergen County","New Jersey",27406,26764,26247,24458,25568,29000,27203,17647,10275,8816,3667,1991,729,0,0,0,0,0,0,0,0,0,0,0
"Berkeley Heights Township","Union County","New Jersey",13542,13183,13407,11980,12549,13078,8721,3466,2194,1899,954,526,469,839,781,934,1308,0,0,0,0,0,0,0
"Berkeley Township","Ocean County","New Jersey",41950,41255,39991,37319,23151,7918,4272,1550,1127,811,576,597,694,786,683,0,0,0,0,0,0,0,0,0
"Berlin","Camden County","New Jersey",7546,7588,6149,5672,5786,4997,3578,2339,1753,1955,0,0,0,0,0,0,0,0,0,0,0,0,0,0
"Berlin Township","Camden County","New Jersey",5362,5357,5290,5466,5348,5692,3363,2013,1771,1537,2093,1611,0,0,0,0,0,0,0,0,0,0,0,0
"Bernards Township","Somerset County","New Jersey",26857,26652,24575,17199,12920,13305,9018,7487,4512,2293,4243,4608,3066,2558,2622,2369,2471,2267,2059,2062,2063,1876,0,2377
"Bernardsville","Somerset County","New Jersey",7756,7707,7345,6597,6715,6652,5515,3956,3405,3336,0,0,0,0,0,0,0,0,0,0,0,0,0,0
"Bethlehem Township","Hunterdon County","New Jersey",3913,3979,3820,3104,3045,1385,1090,857,791,735,798,980,1634,2308,2830,2211,1859,2746,2870,2032,2002,1738,0,1335
"Beverly","Burlington County","New Jersey",2554,2577,2661,2973,2919,3105,3400,3084,2691,2864,2562,2140,1950,1957,1759,1418,1220,0,0,0,0,0,0,0
"Blairstown Township","Warren County","New Jersey",5834,5967,5747,5331,4360,2189,1797,1571,1449,1416,1361,1718,1576,1662,1458,1379,1542,1405,0,0,0,0,0,0
"Bloomfield Township","Essex County","New Jersey",47929,47315,47683,45061,47792,52029,51867,49307,41623,38077,22019,15070,9668,0,0,0,0,0,0,0,0,0,0,0
"Bloomingdale","Passaic County","New Jersey",8178,7656,7610,7530,7867,7797,5293,3251,2606,2543,2193,0,0,0,0,0,0,0,0,0,0,0,0,0
"Bloomsbury","Hunterdon County","New Jersey",856,870,886,890,864,879,838,722,704,639,650,600,0,0,0,0,0,0,0,0,0,0,0,0
"Bogota","Bergen County","New Jersey",8332,8187,8249,7824,8344,8960,7965,7662,7346,7341,3906,1125,337,0,0,0,0,0,0,0,0,0,0,0
"Boonton Town","Morris County","New Jersey",8412,8347,8496,8343,8620,9261,7981,7163,6739,6866,5372,4930,3901,0,0,0,0,0,0,0,0,0,0,0
"Boonton Township","Morris County","New Jersey",4353,4263,4287,3566,3273,3070,1998,1155,817,623,684,428,809,3307,2682,3458,0,0,0,0,0,0,0,0
"Bordentown","Burlington County","New Jersey",3900,3924,3969,4341,4441,4490,4974,5497,4223,4405,4371,4250,4110,4232,4258,0,0,0,0,0,0,0,0,0
"Bordentown Township","Burlington County","New Jersey",11604,11367,8380,7683,7170,7303,5936,2033,1095,818,596,608,488,858,5334,6041,4027,0,0,0,0,0,0,0
"Bound Brook","Somerset County","New Jersey",11116,10402,10155,9487,9710,10450,10263,8374,7616,7372,5906,3970,2622,1462,934,556,0,0,0,0,0,0,0,0
"Bradley Beach","Monmouth County","New Jersey",4270,4298,4793,4475,4772,4163,4204,3911,3468,3306,2307,1807,982,0,0,0,0,0,0,0,0,0,0,0
"Branchburg Township","Somerset County","New Jersey",14552,14459,14566,10888,7846,5742,3741,1958,1231,1084,931,970,1012,1152,1316,1251,1186,1143,0,0,0,0,0,0
"Branchville","Sussex County","New Jersey",812,841,845,851,870,911,963,810,715,665,588,663,526,0,0,0,0,0,0,0,0,0,0,0
"Brick Township","Ocean County","New Jersey",75911,75072,76119,66473,53629,35057,16299,4319,1376,1172,2084,2177,2130,4065,2990,2724,1835,1558,0,0,0,0,0,0
"Bridgeton","Cumberland County","New Jersey",25347,25349,22771,18942,18795,20435,20966,18378,15992,15699,14323,14209,13913,11424,8722,6830,0,0,0,0,0,0,0,0
"Bridgewater Township","Somerset County","New Jersey",44903,44464,42940,32509,29175,30235,15789,8234,4934,3352,1934,1742,1601,1444,1912,2082,4948,4070,3983,3549,3147,2906,0,2578
"Brielle","Monmouth County","New Jersey",4759,4774,4893,4406,4068,3594,2619,1328,961,684,392,0,0,0,0,0,0,0,0,0,0,0,0,0
"Brigantine","Atlantic County","New Jersey",9336,9450,12594,11354,8318,6741,4201,1267,403,357,12,67,99,0,0,0,0,0,0,0,0,0,0,0
"Brooklawn","Camden County","New Jersey",1929,1955,2354,1805,2133,2870,2504,2262,1919,1753,0,0,0,0,0,0,0,0,0,0,0,0,0,0
"Buena","Atlantic County","New Jersey",4610,4603,3873,4441,3642,3283,3243,2640,0,0,0,0,0,0,0,0,0,0,0,0,0,0,0,0
"Buena Vista Township","Atlantic County","New Jersey",7586,7570,7436,7655,6959,4239,3915,2106,4067,4176,3647,2723,1646,1299,885,948,0,0,0,0,0,0,0,0
"Burlington","Burlington County","New Jersey",9799,9920,9736,9835,10246,12010,12687,12051,10905,10844,9049,8336,7392,7264,6090,5817,5174,4536,0,0,0,0,0,0
"Burlington Township","Burlington County","New Jersey",22673,22594,20294,12454,11527,10621,6291,3441,2520,2587,1520,1220,1061,958,1147,1025,876,863,3434,2670,2758,2419,2009,0
"Butler","Morris County","New Jersey",7690,7539,7420,7392,7616,7051,5414,4050,3351,3392,2886,2265,0,0,0,0,0,0,0,0,0,0,0,0
"Byram Township","Sussex County","New Jersey",8096,8350,8254,8048,7502,4592,1616,761,373,245,409,1055,1235,1380,1406,1332,1202,1340,1153,958,672,591,0,0
"Caldwell","Essex County","New Jersey",7898,7822,7584,7549,7624,8677,6942,6270,4932,5144,3993,2236,1357,0,0,0,0,0,0,0,0,0,0,0
"Califon","Hunterdon County","New Jersey",1087,1076,1055,1073,1023,970,777,623,572,534,513,0,0,0,0,0,0,0,0,0,0,0,0,0
"Camden","Camden County","New Jersey",77332,77344,79904,87492,84910,102551,117159,124555,117536,118700,116319,94538,75935,58313,41659,20045,14358,9479,3371,0,0,0,0,0
"Cape May","Cape May County","New Jersey",3535,3607,4034,4668,4853,4392,4477,3607,2583,2637,2999,2471,2257,2136,1699,1248,0,0,0,0,0,0,0,0
"Cape May Point","Cape May County","New Jersey",284,291,241,248,255,204,263,198,126,104,121,162,153,167,198,0,0,0,0,0,0,0,0,0
"Carlstadt","Bergen County","New Jersey",6248,6127,5917,5510,6166,6724,6042,5591,5644,5425,4472,3807,2574,1549,1060,0,0,0,0,0,0,0,0,0
"Carneys Point Township","Salem County","New Jersey",7929,8049,7684,8443,8396,7016,7595,6717,4805,3879,6259,744,775,2239,3361,3178,2901,2422,1854,1638,1861,1638,0,0
"Carteret","Middlesex County","New Jersey",24114,22844,20709,19025,20598,23137,20502,13030,11976,13339,11047,5786,0,0,0,0,0,0,0,0,0,0,0,0
"Cedar Grove Township","Essex County","New Jersey",12542,12411,12300,12053,12600,15582,14603,8022,5208,4793,3181,2409,0,0,0,0,0,0,0,0,0,0,0,0
"Chatham","Morris County","New Jersey",9022,8962,8460,8007,8537,9566,9517,7391,4888,3869,2421,1874,1361,780,738,0,0,0,0,0,0,0,0,0
"Chatham Township","Morris County","New Jersey",10615,10452,10086,9361,8883,8093,5931,2825,2026,1115,736,812,620,1432,4276,3715,2969,2469,2138,1874,1832,2019,0,0
"Cherry Hill Township","Camden County","New Jersey",71417,71045,69965,69348,68785,64395,31522,10358,5811,5734,2331,1706,1679,1457,1481,1625,1602,2577,0,0,0,0,0,0
"Chesilhurst","Camden County","New Jersey",1626,1634,1520,1526,1590,801,384,314,308,298,287,246,283,0,0,0,0,0,0,0,0,0,0,0
"Chester","Morris County","New Jersey",1674,1649,1635,1214,1433,1299,1074,754,650,0,0,0,0,0,0,0,0,0,0,0,0,0,0,0
"Chester Township","Morris County","New Jersey",7945,7838,7282,5958,5198,4265,2107,1297,874,1453,1195,1251,1409,1625,2337,1743,1585,1334,1321,1338,1212,1175,0,0
"Chesterfield Township","Burlington County","New Jersey",7693,7699,5955,5152,3867,3190,2519,2020,1766,1269,1133,1130,1143,1253,1525,1748,1628,1789,3438,2385,2087,1839,0,0
"Cinnaminson Township","Burlington County","New Jersey",16840,15569,14595,14583,16072,16962,8302,3144,2504,2277,1587,1266,1078,2891,2184,3112,2701,0,0,0,0,0,0,0
"City of Orange Township","Essex County","New Jersey",30934,30134,32868,29925,31136,32566,35789,38037,35717,35399,33268,29630,24141,18844,13207,9348,8877,0,0,0,0,0,0,0
"Clark Township","Union County","New Jersey",15460,14756,14597,14629,16699,18829,12195,4352,2083,1474,794,469,374,367,353,331,0,0,0,0,0,0,0,0
"Clayton","Gloucester County","New Jersey",8307,8179,7139,6155,6013,5193,4711,3023,2320,2351,1905,1926,1951,1807,1433,0,0,0,0,0,0,0,0,0
"Clementon","Camden County","New Jersey",4940,5000,4986,5601,5764,4492,3766,3191,2866,2605,3491,2794,0,0,0,0,0,0,0,0,0,0,0,0
"Cliffside Park","Bergen County","New Jersey",25503,23594,23007,20393,21464,18891,17642,17116,16892,15267,5709,3394,968,0,0,0,0,0,0,0,0,0,0,0
"Clifton","Passaic County","New Jersey",85927,84136,78672,71742,74388,82437,82084,64511,48827,46875,26470,11869,0,0,0,0,0,0,0,0,0,0,0,0
"Clinton Town","Hunterdon County","New Jersey",2684,2719,2632,2054,1910,1742,1158,1118,1066,932,950,836,816,0,0,0,0,0,0,0,0,0,0,0
"Clinton Township","Hunterdon County","New Jersey",13158,13478,12957,10816,7345,5119,3770,2926,2349,1856,1987,2108,2296,1975,2133,3134,2951,2369,0,0,0,0,0,0
"Closter","Bergen County","New Jersey",8592,8373,8383,8094,8164,8604,7767,3376,2603,2502,1840,1483,0,513,0,0,0,0,0,0,0,0,0,0
"Collingswood","Camden County","New Jersey",13962,13926,14326,15289,15838,17422,17370,15800,12685,12723,8714,4795,1633,539,0,0,0,0,0,0,0,0,0,0
"Colts Neck Township","Monmouth County","New Jersey",10065,10142,12331,8559,7888,5819,2177,1814,1177,1241,1074,1205,1410,1505,1743,1713,1692,1498,0,0,0,0,0,0
"Commercial Township","Cumberland County","New Jersey",5157,5178,5259,5026,4674,3667,3244,3238,2822,2873,2292,2604,2982,2344,2265,0,0,0,0,0,0,0,0,0
"Corbin City","Atlantic County","New Jersey",494,492,468,412,254,258,271,238,220,256,0,0,0,0,0,0,0,0,0,0,0,0,0,0
"Cranbury Township","Middlesex County","New Jersey",3931,3857,3227,2500,1927,2253,2001,1797,1342,1278,1083,1424,1428,1422,1599,0,0,0,0,0,0,0,0,0
"Cranford Township","Union County","New Jersey",23907,22625,22578,22633,24573,27391,26424,18602,12860,11126,6001,3641,2854,1717,1184,0,0,0,0,0,0,0,0,0
"Cresskill","Bergen County","New Jersey",8763,8573,7746,7558,7609,8298,7290,3534,2246,1924,942,550,486,527,333,0,0,0,0,0,0,0,0,0
"Deal","Monmouth County","New Jersey",737,750,1070,1179,1952,2401,1889,1064,917,800,420,273,70,0,0,0,0,0,0,0,0,0,0,0
"Deerfield Township","Cumberland County","New Jersey",3123,3119,2927,2933,2523,2464,2053,1758,1483,1513,3153,3311,3066,2614,1643,1518,1288,927,2621,2417,1903,1889,0,0
"Delanco Township","Burlington County","New Jersey",4546,4283,3237,3316,3730,4157,4011,2805,2383,2349,2794,2337,1804,1451,1369,1020,906,0,0,0,0,0,0,0
"Delaware Township","Hunterdon County","New Jersey",4530,4563,4478,4512,3816,3249,2485,2031,1756,1704,1705,1740,1953,3037,3092,2959,2838,2554,2305,0,0,0,0,0
"Delran Township","Burlington County","New Jersey",16775,16896,15536,13178,14811,10065,5327,2447,1926,2015,1475,1031,890,2267,1760,0,0,0,0,0,0,0,0,0
"Demarest","Bergen County","New Jersey",4973,4881,4845,4800,4963,5133,4231,1786,1165,1013,654,560,0,0,0,0,0,0,0,0,0,0,0,0
"Dennis Township","Cape May County","New Jersey",6319,6467,6492,5574,3989,2635,2327,1981,1877,1615,1639,1751,2778,1707,1812,1640,1558,1604,1350,1513,0,0,0,0
"Denville Township","Morris County","New Jersey",16829,16635,15824,13812,14380,14045,10632,6055,3117,2162,1205,0,0,0,0,0,0,0,0,0,0,0,0,0
"Deptford Township","Gloucester County","New Jersey",30483,30561,26763,24137,23473,24232,17878,7304,4738,4507,2224,2524,2114,1681,1520,2698,4213,3355,2570,3599,3281,2978,2510,0
"Dover Town","Morris County","New Jersey",18313,18157,18188,15115,14681,15039,13034,11174,10491,10031,9803,7468,5938,2958,2958,0,0,0,0,0,0,0,0,0
"Downe Township","Cumberland County","New Jersey",1552,1585,1631,1702,1803,1777,1870,1786,1546,1574,1322,1519,1833,1793,1687,3385,3114,2341,1920,1923,1749,1501,0,0
"Dumont","Bergen County","New Jersey",17863,17479,17503,17187,18334,20155,18882,13013,7556,5861,2537,1783,643,0,0,0,0,0,0,0,0,0,0,0
"Dunellen","Middlesex County","New Jersey",7417,7227,6823,6528,6593,7072,6840,6291,5360,5148,3394,1990,1239,1060,817,0,0,0,0,0,0,0,0,0
"Eagleswood Township","Ocean County","New Jersey",1617,1603,1441,1476,1009,823,766,623,551,483,420,550,563,791,592,0,0,0,0,0,0,0,0,0
"East Amwell Township","Hunterdon County","New Jersey",3958,4013,4455,4332,3468,2568,1981,1525,1218,1210,1102,1203,1327,1375,1696,1802,1865,0,0,0,0,0,0,0
"East Brunswick Township","Middlesex County","New Jersey",48474,47512,46756,43548,37711,34166,19965,5699,3706,2711,1857,1602,2423,2642,3272,2861,2436,0,0,0,0,0,0,0
"East Greenwich Township","Gloucester County","New Jersey",10292,9555,5430,5258,4142,3280,2722,2336,2121,2031,1483,1406,1323,1259,0,0,0,0,0,0,0,0,0,0
"East Hanover Township","Morris County","New Jersey",11289,11157,11393,9926,9319,7734,4379,2151,1579,946,0,0,0,0,0,0,0,0,0,0,0,0,0,0
"East Newark","Hudson County","New Jersey",2835,2406,2377,2157,1923,1922,1872,2173,2273,2686,3057,3163,2500,0,0,0,0,0,0,0,0,0,0,0
"East Orange","Essex County","New Jersey",65078,64270,69824,73552,77878,75471,77259,79340,68945,68020,50710,34371,21506,13282,0,0,0,0,0,0,0,0,0,0
"East Rutherford","Bergen County","New Jersey",9798,8913,8716,7902,7849,8536,7769,7438,7268,7080,5463,4275,2640,0,0,0,0,0,0,0,0,0,0,0
"East Windsor Township","Mercer County","New Jersey",27536,27190,24919,22353,21041,11736,2298,1284,845,922,733,941,894,881,916,1036,943,2596,1989,0,0,0,0,0
"Eastampton Township","Burlington County","New Jersey",6049,6069,6202,4962,3814,2284,1402,692,498,503,539,508,584,654,566,0,0,0,0,0,0,0,0,0
"Eatontown","Monmouth County","New Jersey",12257,12709,14008,13800,12703,14619,10334,3044,1758,1938,2682,2076,3021,2953,2642,0,0,0,0,0,0,0,0,0
"Edgewater","Bergen County","New Jersey",12343,11513,7677,5001,4628,4987,4113,3952,4028,4089,3530,2655,1006,0,0,0,0,0,0,0,0,0,0,0
"Edgewater Park Township","Burlington County","New Jersey",8806,8881,7864,8388,9273,7412,2866,1279,1171,1243,0,0,0,0,0,0,0,0,0,0,0,0,0,0
"Edison Township","Middlesex County","New Jersey",101970,99967,97687,88680,70193,67120,44799,16348,11470,10025,5419,2707,2801,3018,3789,3160,0,0,0,0,0,0,0,0
"Egg Harbor City","Atlantic County","New Jersey",4264,4243,4545,4583,4618,4304,4416,3838,3589,3478,2622,2181,1808,1439,1232,1311,789,0,0,0,0,0,0,0
"Egg Harbor Township","Atlantic County","New Jersey",43851,43323,30726,24544,19381,9882,5593,4991,3066,3024,1360,1110,1863,3027,3568,3585,3207,2689,2739,0,0,0,0,0
"Elizabeth","Union County","New Jersey",128705,124969,120568,110002,106201,112654,107698,112817,109912,114589,95783,73409,52130,37764,28229,20832,11567,5583,4184,3455,3515,2977,0,0
"Elk Township","Gloucester County","New Jersey",4234,4216,3514,3806,3187,2707,2635,2074,1656,1623,951,1022,997,0,0,0,0,0,0,0,0,0,0,0
"Elmer","Salem County","New Jersey",1355,1395,1384,1571,1569,1592,1505,1460,1344,1219,1115,1167,1140,842,345,0,0,0,0,0,0,0,0,0
"Elmwood Park","Bergen County","New Jersey",20374,19403,18925,17623,18377,20511,19344,15386,4937,4779,2441,0,0,0,0,0,0,0,0,0,0,0,0,0
"Elsinboro Township","Salem County","New Jersey",1009,1036,1092,1170,1290,1204,1220,674,663,405,374,419,445,524,570,700,749,655,526,503,505,517,0,0
"Emerson","Bergen County","New Jersey",7617,7401,7197,6930,7793,8428,6849,1744,1487,1394,973,767,0,0,0,0,0,0,0,0,0,0,0,0
"Englewood","Bergen County","New Jersey",27670,27147,26203,24850,23701,24985,26057,23145,18966,17805,11627,9924,6253,0,0,0,0,0,0,0,0,0,0,0
"Englewood Cliffs","Bergen County","New Jersey",5385,5281,5322,5634,5698,5938,2913,966,888,809,594,410,218,0,0,0,0,0,0,0,0,0,0,0
"Englishtown","Monmouth County","New Jersey",1962,1847,1764,1268,976,1048,1143,1004,815,797,641,468,410,444,0,0,0,0,0,0,0,0,0,0
"Essex Fells","Essex County","New Jersey",2095,2113,2162,2139,2363,2541,2174,1617,1466,1115,598,442,0,0,0,0,0,0,0,0,0,0,0,0
"Estell Manor","Atlantic County","New Jersey",1736,1735,1585,1404,848,539,496,381,406,423,0,0,0,0,0,0,0,0,0,0,0,0,0,0
"Evesham Township","Burlington County","New Jersey",45613,45538,42275,35309,21508,13477,4548,2121,1655,1694,1284,1408,1429,1501,1602,3351,3145,3067,5060,4239,3977,3445,3381,0
"Ewing Township","Mercer County","New Jersey",36546,35790,35707,34185,34842,32831,26628,16840,10146,6942,3475,1889,1333,3129,2412,2477,2079,1480,1017,0,0,0,0,0
"Fair Haven","Monmouth County","New Jersey",6048,6121,5937,5270,5679,6142,5678,3560,2491,2260,1295,0,0,0,0,0,0,0,0,0,0,0,0,0
"Fair Lawn","Bergen County","New Jersey",33549,32457,31637,30548,32229,37975,36421,23885,9107,5990,0,0,0,0,0,0,0,0,0,0,0,0,0,0
"Fairfield (Caldwell twp) Township","Essex County","New Jersey",7551,7466,7063,7615,7987,6884,3310,1906,1392,989,717,704,1619,3638,3167,2727,2688,2377,0,0,0,0,0,0
"Fairfield Township","Cumberland County","New Jersey",6481,6295,6283,5699,5693,4990,3916,2932,1977,1848,1514,1629,1911,1688,3215,3011,2448,2133,1935,1812,1869,2279,0,0
"Fairview","Bergen County","New Jersey",14317,13835,13255,10733,10519,10698,9399,8661,8770,9067,4882,2441,1003,0,0,0,0,0,0,0,0,0,0,0
"Fanwood","Union County","New Jersey",7657,7318,7174,7115,7767,8920,7963,3228,2310,1681,724,471,399,0,0,0,0,0,0,0,0,0,0,0
"Far Hills","Somerset County","New Jersey",926,919,859,657,677,780,702,600,574,560,0,0,0,0,0,0,0,0,0,0,0,0,0,0
"Farmingdale","Monmouth County","New Jersey",1298,1329,1587,1462,1348,1148,959,755,609,629,474,416,0,0,0,0,0,0,0,0,0,0,0,0
"Fieldsboro","Burlington County","New Jersey",530,540,522,579,597,615,583,589,537,493,530,480,459,0,0,0,0,0,0,0,0,0,0,0
"Flemington","Hunterdon County","New Jersey",4683,4581,4200,4047,4132,3917,3232,3058,2617,2729,2590,2693,2145,1977,1751,1412,1174,0,0,0,0,0,0,0
"Florence Township","Burlington County","New Jersey",12357,12109,10746,10266,9084,8560,8127,7455,7229,7824,7100,4731,1955,1922,1528,0,0,0,0,0,0,0,0,0
"Florham Park","Morris County","New Jersey",11829,11696,8857,8521,9359,8094,7222,2385,1609,1269,787,558,752,0,0,0,0,0,0,0,0,0,0,0
"Folsom","Atlantic County","New Jersey",1870,1885,1972,2181,1892,1767,482,292,229,219,217,232,0,0,0,0,0,0,0,0,0,0,0,0
"Fort Lee","Bergen County","New Jersey",37026,35345,35461,31997,32449,30631,21815,11648,9468,8759,5761,4472,0,1253,1424,0,0,0,0,0,0,0,0,0
"Frankford Township","Sussex County","New Jersey",5466,5565,5420,5114,4654,2777,2170,1530,1244,1074,936,1004,932,1459,1682,1776,1828,1941,2410,1996,2008,1637,0,0
"Franklin","Sussex County","New Jersey",4906,5045,5160,4977,4486,4236,3624,3864,4009,4176,4075,0,0,0,0,0,0,0,0,0,0,0,0,0
"Franklin Lakes","Bergen County","New Jersey",10837,10590,10422,9873,8769,7550,3316,2021,1203,893,0,0,0,0,0,0,0,0,0,0,0,0,0,0
"Franklin Township","Gloucester County","New Jersey",16702,16820,15466,14482,12396,8990,7451,5056,3464,3563,3448,2603,2252,2021,2480,2188,1778,2984,2077,1574,1137,0,0,0
"Franklin Township","Hunterdon County","New Jersey",3236,3195,2990,2851,2294,2154,1777,1255,1211,1100,980,1099,1258,1287,1338,1342,1552,1454,0,0,0,0,0,0
"Franklin Township","Somerset County","New Jersey",65938,62300,50903,42780,31358,30389,19858,9601,6299,6039,2955,2395,2398,2478,3818,3912,3599,3062,3878,3352,3071,2539,0,2068
"Franklin Township","Warren County","New Jersey",3112,3176,2768,2404,2341,1973,1729,1530,1540,1213,1457,1585,1280,1283,1529,1655,1902,1565,1348,0,0,0,0,0
"Fredon Township","Sussex County","New Jersey",3293,3437,2860,2763,2281,1372,804,584,478,412,269,457,0,0,0,0,0,0,0,0,0,0,0,0
"Freehold","Monmouth County","New Jersey",11973,12052,10976,10742,10020,10545,9140,7550,6952,6894,4768,3233,2934,2932,2432,0,0,0,0,0,0,0,0,0
"Freehold Township","Monmouth County","New Jersey",35812,36184,31537,24710,19202,13185,4779,3442,2459,1720,1498,2329,2234,2165,1870,4231,3811,2642,6303,5481,5146,4784,0,3785
"Frelinghuysen Township","Warren County","New Jersey",2188,2230,2083,1779,1435,1118,845,779,715,696,682,1074,797,879,1042,1113,1297,1277,0,0,0,0,0,0
"Frenchtown","Hunterdon County","New Jersey",1394,1373,1488,1528,1573,1459,1340,1305,1238,1189,1104,984,1020,1023,1039,912,0,0,0,0,0,0,0,0
"Galloway Township","Atlantic County","New Jersey",37583,37349,31209,23330,12176,8276,5634,4140,3457,3416,2115,1976,2469,2208,2337,2860,2735,2307,2208,296,1895,1648,0,0
"Garfield","Bergen County","New Jersey",31486,30487,29786,26727,26803,30797,29253,27550,28044,29739,19381,10213,3504,1028,0,0,0,0,0,0,0,0,0,0
"Garwood","Union County","New Jersey",4483,4226,4153,4227,4752,5260,5426,4622,3622,3344,2084,1118,0,0,0,0,0,0,0,0,0,0,0,0
"Gibbsboro","Camden County","New Jersey",2240,2274,2435,2383,2510,2634,2141,906,713,622,0,0,0,0,0,0,0,0,0,0,0,0,0,0
"Glassboro","Gloucester County","New Jersey",19007,18579,19068,15614,14574,12938,10253,5867,4925,4799,3073,2821,2677,2642,2088,0,0,0,0,0,0,0,0,0
"Glen Gardner","Hunterdon County","New Jersey",1676,1704,1902,1665,834,874,787,654,536,554,818,0,0,0,0,0,0,0,0,0,0,0,0,0
"Glen Ridge","Essex County","New Jersey",7681,7527,7271,7076,7855,8518,8322,7620,7331,7365,4620,3260,1960,0,0,0,0,0,0,0,0,0,0,0
"Glen Rock","Bergen County","New Jersey",11901,11601,11546,10883,11497,13011,12896,7145,5177,4369,2181,1055,613,0,0,0,0,0,0,0,0,0,0,0
"Gloucester City","Camden County","New Jersey",11317,11456,11484,12649,45156,14707,15511,14357,13692,13796,12162,9462,6840,6564,5347,3682,0,0,0,0,0,0,0,0
"Gloucester Township","Camden County","New Jersey",64029,64634,64350,53797,13121,26511,17591,7952,6198,5820,3097,2380,4018,3091,2527,2710,2320,2371,2837,2332,2059,1726,1398,0
"Green Brook Township","Somerset County","New Jersey",7252,7203,5654,4460,4640,4302,3622,1155,763,544,1116,886,654,4250,3217,0,0,0,0,0,0,0,0,0
"Green Township","Sussex County","New Jersey",3512,3601,3220,2709,2450,1343,854,596,540,539,454,888,627,636,727,868,1023,823,777,801,0,0,0,0
"Greenwich Township","Cumberland County","New Jersey",802,804,847,911,973,963,1086,966,929,979,966,1145,1283,1173,1245,1262,1265,1158,918,912,890,858,0,0
"Greenwich Township","Gloucester County","New Jersey",4842,4899,4879,5102,5406,5676,4065,3152,2563,2361,1751,874,2252,1900,2598,2342,2199,3067,2958,2657,2699,2859,2526,0
"Greenwich Township","Warren County","New Jersey",5572,5712,4365,1899,1738,1482,1397,1217,1125,1141,1050,904,909,825,2554,2587,2541,3726,2902,4486,2335,2528,0,0
"Guttenberg Town","Hudson County","New Jersey",11481,11176,10807,8268,7340,5754,5118,5566,6200,6535,6726,5647,3825,1947,1200,0,0,0,0,0,0,0,0,0
"Hackensack","Bergen County","New Jersey",44519,43010,42677,37049,36039,36008,30521,29219,26279,24568,17667,14050,9443,6004,4248,0,0,0,0,0,0,0,0,0
"Hackettstown Town","Warren County","New Jersey",9551,9724,10403,8120,8850,9472,5276,3894,3289,3038,2936,2715,2474,2417,2562,2202,1351,0,0,0,0,0,0,0
"Haddon Heights","Camden County","New Jersey",7375,7473,7547,7860,8361,9365,9260,7287,5555,5394,2950,1452,0,0,0,0,0,0,0,0,0,0,0,0
"Haddon Township","Camden County","New Jersey",14519,14707,14651,14837,15875,18192,17099,12379,9708,9198,2708,1465,2012,888,2551,1926,0,0,0,0,0,0,0,0
"Haddonfield","Camden County","New Jersey",11411,11593,11659,11628,12337,13118,13201,10495,9742,8857,5646,4142,2776,2502,1480,1075,0,944,0,0,0,0,0,0
"Hainesport Township","Burlington County","New Jersey",6092,6110,4126,3249,3236,2990,3271,1793,858,984,0,0,0,0,0,0,0,0,0,0,0,0,0,0
"Haledon","Passaic County","New Jersey",8471,8318,8252,6951,6607,6767,6161,6204,5303,4812,3435,2560,0,0,0,0,0,0,0,0,0,0,0,0
"Hamburg","Sussex County","New Jersey",3178,3277,3105,2566,1832,1820,1532,1305,1116,1160,0,0,0,0,0,0,0,0,0,0,0,0,0,0
"Hamilton Township","Atlantic County","New Jersey",26647,26503,20499,16012,9499,6445,6017,3774,3363,3193,2406,2271,1682,1512,1464,1271,1945,0,0,0,0,0,0,0
"Hamilton Township","Mercer County","New Jersey",89136,88464,87109,86553,82801,79609,65035,41156,30219,27121,14580,7899,4164,4163,3370,5417,3773,2807,0,1903,1710,1747,0,0
"Hammonton Town","Atlantic County","New Jersey",14765,14791,12604,12208,12298,11464,9854,8411,7668,7656,6417,5088,3481,3833,1776,1404,0,2015,0,0,0,0,0,0
"Hampton","Hunterdon County","New Jersey",1373,1401,1546,1515,1614,1386,1135,975,864,861,916,914,998,0,0,0,0,0,0,0,0,0,0,0
"Hampton Township","Sussex County","New Jersey",5035,5196,4943,4438,3916,2091,1174,668,611,581,592,671,775,866,895,1023,0,0,0,0,0,0,0,0
"Hanover Township","Morris County","New Jersey",14659,13712,12898,11538,11846,10700,9329,3756,2812,2516,8531,6228,5366,4481,4138,3623,3476,3614,3909,3718,3503,3843,0,0
"Harding Township","Morris County","New Jersey",3866,3838,3180,3640,3236,3249,2683,1970,1565,1206,0,0,0,0,0,0,0,0,0,0,0,0,0,0
"Hardwick Township","Warren County","New Jersey",1665,1696,1464,1235,947,548,370,370,367,331,352,405,400,503,583,638,792,727,0,0,0,0,0,0
"Hardyston Township","Sussex County","New Jersey",8023,8213,6171,5275,4553,3499,2206,1279,1034,946,1928,5210,3425,2542,2645,1668,1712,1344,2831,2588,2160,1702,0,0
"Harmony Township","Warren County","New Jersey",2565,2667,2729,2653,2592,2195,2039,1763,1465,1311,1444,1490,1080,1152,1359,1405,1382,1565,0,0,0,0,0,0
"Harrington Park","Bergen County","New Jersey",4781,4664,4740,4623,4532,4841,3581,1634,1389,1251,627,377,0,0,0,0,0,0,0,0,0,0,0,0
"Harrison Town","Hudson County","New Jersey",15376,13620,14424,13425,12242,11811,11743,13490,14171,15601,15721,14498,10596,8338,6898,4129,0,0,0,0,0,0,0,0
"Harrison Township","Gloucester County","New Jersey",12818,12417,8788,4715,3585,2661,2410,2225,1805,1827,1633,1682,1569,1545,2841,3038,2544,1984,0,0,0,0,0,0
"Harvey Cedars","Ocean County","New Jersey",344,337,359,362,363,314,134,106,74,53,65,33,39,0,0,0,0,0,0,0,0,0,0,0
"Hasbrouck Heights","Bergen County","New Jersey",12147,11842,11662,11488,12166,13651,13046,9181,6716,5658,2895,2155,1255,0,0,0,0,0,0,0,0,0,0,0
"Haworth","Bergen County","New Jersey",3448,3382,3390,3384,3509,3760,3215,1612,1419,1042,748,588,0,0,0,0,0,0,0,0,0,0,0,0
"Hawthorne","Passaic County","New Jersey",19048,18791,18218,17084,18200,19173,17735,14816,12610,11868,5135,3400,2096,0,0,0,0,0,0,0,0,0,0,0
"Hazlet Township","Monmouth County","New Jersey",20166,20334,21378,21976,23013,22239,15334,2763,1662,1568,1659,1583,1524,1368,3891,1077,2979,4198,0,0,0,0,0,0
"Helmetta","Middlesex County","New Jersey",2218,2178,1825,1211,955,955,779,580,667,801,687,661,447,0,0,0,0,0,0,0,0,0,0,0
"Hi-Nella","Camden County","New Jersey",858,870,1029,1045,1250,1195,474,237,203,160,0,0,0,0,0,0,0,0,0,0,0,0,0,0
"High Bridge","Hunterdon County","New Jersey",3588,3648,3776,3886,3435,2606,2148,1854,1781,1860,1795,1545,1377,0,0,0,0,0,0,0,0,0,0,0
"Highland Park","Middlesex County","New Jersey",14436,13982,13999,13279,13396,14385,11049,9721,9002,8691,4866,1517,0,0,0,0,0,0,0,0,0,0,0,0
"Highlands","Monmouth County","New Jersey",4926,5005,5097,4849,5187,3916,3536,2959,2076,1877,1731,1386,1228,0,0,0,0,0,0,0,0,0,0,0
"Hightstown","Mercer County","New Jersey",5567,5494,5216,5126,4581,5431,4317,3712,3486,3012,2674,1879,1749,1875,1355,1347,970,0,0,0,0,0,0,0
"Hillsborough Township","Somerset County","New Jersey",39544,38303,36634,28808,19061,11061,7584,3875,2645,2283,5124,2313,2439,2825,3248,3443,3493,3409,2863,2878,2885,2456,0,2201
"Hillsdale","Bergen County","New Jersey",10482,10219,10087,9750,10495,11768,8734,4127,3438,2959,1720,1072,891,0,0,0,0,0,0,0,0,0,0,0
"Hillside Township","Union County","New Jersey",21919,21404,21747,21044,21440,21636,22304,21007,18556,17601,5267,0,0,0,0,0,0,0,0,0,0,0,0,0
"Ho-Ho-Kus","Bergen County","New Jersey",4171,4078,4060,3935,4129,4348,3988,2254,1626,925,586,488,0,0,0,0,0,0,0,0,0,0,0,0
"Hoboken","Hudson County","New Jersey",53312,50005,38577,33397,42460,45380,48441,50676,50115,59261,68166,70324,59364,43648,30999,20297,9662,0,0,0,0,0,0,0
"Holland Township","Hunterdon County","New Jersey",5204,5291,5124,4892,4593,3587,2495,1341,1150,994,911,1699,1652,1704,1886,0,0,0,0,0,0,0,0,0
"Holmdel Township","Monmouth County","New Jersey",16694,16773,15781,11532,8447,6117,2959,1380,1201,1191,1100,1058,1190,1479,1575,1415,1334,0,0,0,0,0,0,0
"Hopatcong","Sussex County","New Jersey",14684,15147,15888,15586,15531,9052,3391,1173,660,534,179,146,75,0,0,0,0,0,0,0,0,0,0,0
"Hope Township","Warren County","New Jersey",1916,1952,1891,1719,1468,1140,833,681,646,553,948,1119,1144,1332,1569,1542,1789,1755,1903,0,0,0,0,0
"Hopewell","Mercer County","New Jersey",1919,1922,2035,1968,2001,2271,1928,1869,1678,1467,1339,1073,980,0,0,0,0,0,0,0,0,0,0,0
"Hopewell Township","Cumberland County","New Jersey",4506,4571,4434,4215,4365,3970,3586,2460,2048,1764,1844,1818,1807,1743,1764,1857,1757,1480,2220,1953,1952,1987,0,0
"Hopewell Township","Mercer County","New Jersey",18400,17304,16105,11590,10893,10030,7818,4731,3738,3907,3249,3171,3360,3750,4462,4276,3900,3698,3250,3154,2881,2565,0,2320
"Howell Township","Monmouth County","New Jersey",51897,51075,48903,38987,25065,21756,11153,6696,4039,3146,2549,2703,3103,3018,3374,3371,2574,4058,4699,4141,3354,2780,0,0
"Independence Township","Warren County","New Jersey",5541,5662,5603,3940,2829,2057,1509,1169,1046,964,933,867,805,904,1018,1766,1871,2621,2140,2126,1850,1224,0,0
"Interlaken","Monmouth County","New Jersey",817,820,900,910,1037,1182,1168,833,787,545,0,0,0,0,0,0,0,0,0,0,0,0,0,0
"Irvington Township","Essex County","New Jersey",54512,53926,60695,61018,61493,59743,59379,59201,55328,56733,25480,11877,5255,0,1677,0,0,0,0,0,0,0,0,0
"Island Heights","Ocean County","New Jersey",1693,1673,1751,1470,1575,1397,1150,795,392,453,194,313,316,271,34,0,0,0,0,0,0,0,0,0
"Jackson Township","Ocean County","New Jersey",56449,54856,42816,33233,25644,18276,5939,3513,2153,1719,1268,1325,1595,1717,1803,1755,1606,1333,0,0,0,0,0,0
"Jamesburg","Middlesex County","New Jersey",6021,5915,6025,5294,4114,4584,2853,2307,2128,2048,2052,1560,1063,887,681,0,0,0,0,0,0,0,0,0
"Jefferson Township","Morris County","New Jersey",21483,21314,19717,17825,16413,14122,6884,2744,1548,1254,1226,1303,1341,1611,1792,1430,1471,1358,1412,1551,1231,1281,0,0
"Jersey City","Hudson County","New Jersey",262146,247597,240055,228537,223532,260350,276101,299017,301173,316715,298103,267779,206433,163003,120722,82546,29226,6856,3072,0,0,0,0,0
"Keansburg","Monmouth County","New Jersey",9872,10105,10732,11069,10613,9720,6854,5559,2904,2190,1321,0,0,0,0,0,0,0,0,0,0,0,0,0
"Kearny Town","Hudson County","New Jersey",41837,40684,40513,34874,35735,37585,37472,39952,39467,40716,26724,18659,10896,0,0,0,0,0,0,0,0,0,0,0
"Kenilworth","Union County","New Jersey",8153,7914,7675,7574,8221,9165,8379,4922,2451,2243,1312,779,0,0,0,0,0,0,0,0,0,0,0,0
"Keyport","Monmouth County","New Jersey",7162,7240,7568,7586,7413,7205,6440,5888,5147,4940,4415,3554,3413,3411,0,0,0,0,0,0,0,0,0,0
"Kingwood Township","Hunterdon County","New Jersey",3806,3845,3782,3325,2772,2294,1841,1320,1253,1218,1160,1265,1304,1424,1694,1942,2148,1799,2947,2898,2786,2605,0,2446
"Kinnelon","Morris County","New Jersey",10381,10248,9365,8470,7770,7600,4431,1350,745,428,0,0,0,0,0,0,0,0,0,0,0,0,0,0
"Knowlton Township","Warren County","New Jersey",2996,3055,2977,2543,2074,1738,1442,1260,1084,1049,1073,1556,1210,1411,1476,1691,1557,1356,2310,2827,2701,2064,0,0
"Lacey Township","Ocean County","New Jersey",28211,27644,25346,22141,14161,4616,1940,966,752,692,504,602,718,711,814,0,0,0,0,0,0,0,0,0
"Lafayette Township","Sussex County","New Jersey",2462,2538,2300,1902,1614,1202,1100,836,803,735,634,683,717,742,781,884,919,928,0,0,0,0,0,0
"Lake Como","Monmouth County","New Jersey",1714,1759,1806,1482,1566,1490,1537,1294,955,886,0,0,0,0,0,0,0,0,0,0,0,0,0,0
"Lakehurst","Ocean County","New Jersey",2713,2654,2522,3078,2908,2641,2780,1518,827,947,0,0,0,0,0,0,0,0,0,0,0,0,0,0
"Lakewood Township","Ocean County","New Jersey",95177,92843,60352,45048,38464,25233,16020,10809,8502,7869,6110,5149,3094,0,0,0,0,0,0,0,0,0,0,0
"Lambertville","Hunterdon County","New Jersey",3856,3906,3868,3927,4044,4359,4269,4477,4447,4518,4660,4657,4637,4142,4183,3842,2699,1417,0,0,0,0,0,0
"Laurel Springs","Camden County","New Jersey",1880,1908,1970,2341,2249,2566,2028,1540,1344,1343,911,0,0,0,0,0,0,0,0,0,0,0,0,0
"Lavallette","Ocean County","New Jersey",1833,1875,2665,2299,2072,1509,832,567,315,287,117,42,21,0,0,0,0,0,0,0,0,0,0,0
"Lawnside","Camden County","New Jersey",2909,2945,2692,2841,3042,2757,2155,1566,1270,1379,0,0,0,0,0,0,0,0,0,0,0,0,0,0
"Lawrence Township","Cumberland County","New Jersey",3273,3290,2721,2433,2116,2329,2639,2044,1754,1770,1549,1746,1658,1729,0,0,0,0,0,0,0,0,0,0
"Lawrence Township","Mercer County","New Jersey",33130,33472,29159,25787,19724,19567,13665,8499,6522,6293,3686,2522,1555,1448,3174,2251,2024,1838,1556,1433,1354,0,0,0
"Lebanon","Hunterdon County","New Jersey",1388,1358,1065,1036,820,885,880,752,638,550,0,0,0,0,0,0,0,0,0,0,0,0,0,0
"Lebanon Township","Hunterdon County","New Jersey",6453,6588,5816,5679,5459,4235,2841,1971,1437,1269,1083,2179,2253,2337,2699,3561,2495,2128,3849,3436,2817,2409,0,0
"Leonia","Bergen County","New Jersey",9139,8937,8914,8365,8027,8847,8384,7378,5763,5350,2979,1486,804,0,0,0,0,0,0,0,0,0,0,0
"Liberty Township","Warren County","New Jersey",2869,2942,2765,2493,1730,1229,760,529,441,419,0,0,0,0,0,0,0,0,0,0,0,0,0,0
"Lincoln Park","Morris County","New Jersey",10482,10521,10930,10978,8806,9034,6048,3376,2186,1831,0,0,0,0,0,0,0,0,0,0,0,0,0,0
"Linden","Union County","New Jersey",41651,40499,39394,36701,37836,41409,39931,30644,24115,21206,8368,2598,402,936,737,0,0,0,0,0,0,0,0,0
"Lindenwold","Camden County","New Jersey",17417,17613,17414,18734,18196,12199,7335,3479,2552,2523,0,0,0,0,0,0,0,0,0,0,0,0,0,0
"Linwood","Atlantic County","New Jersey",7052,7092,7172,6866,6144,6159,3847,1925,1479,1514,638,602,495,536,0,0,0,0,0,0,0,0,0,0
"Little Egg Harbor Township","Ocean County","New Jersey",20396,20065,15945,13333,8483,2972,847,644,577,547,410,388,1856,0,0,0,0,0,0,0,0,0,0,0
"Little Falls Township","Passaic County","New Jersey",14516,14432,10855,11294,11496,11727,9730,6405,5368,5161,3310,3750,2908,1890,1024,1923,0,0,0,0,0,0,0,0
"Little Ferry","Bergen County","New Jersey",10866,10626,10800,9989,9399,9064,6175,4955,4545,4155,2715,2541,1240,781,58,0,0,0,0,0,0,0,0,0
"Little Silver","Monmouth County","New Jersey",5918,5950,6170,5721,5548,6010,5202,2595,1461,1109,0,0,0,0,0,0,0,0,0,0,0,0,0,0
"Livingston Township","Essex County","New Jersey",29931,29366,27391,26609,28040,30127,23124,9932,5972,3476,1126,1025,1412,1197,1401,1157,1323,1151,1081,1150,1056,0,0,0
"Loch Arbour village","Monmouth County","New Jersey",190,194,280,380,369,395,297,0,0,0,0,0,0,0,0,0,0,0,0,0,0,0,0,0
"Lodi","Bergen County","New Jersey",24654,24136,23971,22355,23956,25163,23502,15392,11552,11549,8175,4138,1917,998,0,0,0,0,0,0,0,0,0,0
"Logan Township","Gloucester County","New Jersey",5971,6042,6032,5147,3078,1840,1924,2222,1630,1860,1510,1523,1444,1523,1765,0,0,0,0,0,0,0,0,0
"Long Beach Township","Ocean County","New Jersey",3060,3051,3329,3407,3488,2910,1561,840,425,355,106,107,152,0,0,0,0,0,0,0,0,0,0,0
"Long Branch","Monmouth County","New Jersey",30522,30719,31340,28658,29819,31774,26228,23090,17408,18399,13521,13298,8872,7231,3833,0,0,0,0,0,0,0,0,0
"Long Hill Township","Morris County","New Jersey",8791,8702,8777,7826,7275,7393,5537,3429,2664,2149,2373,2165,2141,1821,1896,1624,0,0,0,0,0,0,0,0
"Longport","Atlantic County","New Jersey",880,895,1054,1224,1249,1225,1077,618,303,228,100,118,80,0,0,0,0,0,0,0,0,0,0,0
"Lopatcong Township","Warren County","New Jersey",8074,8014,5765,5052,4998,3144,2703,1737,1450,1269,1050,766,1962,1738,1591,1150,0,0,0,0,0,0,0,0
"Lower Alloways Creek Township","Salem County","New Jersey",1732,1770,1851,1858,1547,1400,1293,1307,1124,1063,1084,1252,1242,1308,1373,1483,1471,1423,1252,1223,1217,1182,0,0
"Lower Township","Cape May County","New Jersey",22262,22866,22945,20820,17105,10154,6332,2737,1693,1444,1096,1188,1141,1156,1977,1783,1865,1604,1133,999,1001,862,0,0
"Lumberton Township","Burlington County","New Jersey",12447,12559,10461,6705,5236,3945,2833,1325,1007,905,1571,1768,1624,1799,1689,1718,1830,0,0,0,0,0,0,0
"Lyndhurst Township","Bergen County","New Jersey",22079,20554,19383,18262,20326,22729,21867,19980,17454,17362,9515,4076,1590,0,0,0,0,0,0,0,0,0,0,0
"Madison","Morris County","New Jersey",16122,15845,16530,15850,15357,16710,15122,10417,7944,7481,5523,4658,3754,2469,1756,0,0,0,0,0,0,0,0,0
"Magnolia","Camden County","New Jersey",4288,4341,4409,4861,4881,5893,4199,1883,1552,1522,1245,0,0,0,0,0,0,0,0,0,0,0,0,0
"Mahwah Township","Bergen County","New Jersey",26500,25890,24062,17905,12127,10800,7376,4880,3908,3536,2081,1881,2610,0,0,0,0,0,0,0,0,0,0,0
"Manalapan Township","Monmouth County","New Jersey",39987,38872,33423,26716,18914,14049,3990,3137,1900,1464,1080,1375,1435,1558,2175,2286,2374,1910,0,0,0,0,0,0
"Manasquan","Monmouth County","New Jersey",5764,5897,6310,5369,5354,4971,4022,3178,2340,2320,1705,1582,1500,1506,0,0,0,0,0,0,0,0,0,0
"Manchester Township","Ocean County","New Jersey",43555,43070,38928,35976,27987,7550,3779,1758,918,1009,1034,1112,1033,1057,1057,1102,0,0,0,0,0,0,0,0
"Mannington Township","Salem County","New Jersey",1777,1806,1559,1693,1740,1913,2024,1686,1656,1584,1456,1606,1745,1870,2230,2351,2393,2187,2064,1726,1732,1664,0,0
"Mansfield Township","Burlington County","New Jersey",8563,8544,5090,3874,2523,2597,2084,1907,1642,1709,1517,1526,1518,1671,108,2880,2777,2953,2401,2083,1957,1810,0,0
"Mansfield Township","Warren County","New Jersey",7535,7725,6653,7154,5780,3546,2130,1497,1254,1139,1133,1238,1324,1362,1709,1997,1688,1615,3057,3310,2787,2068,0,0
"Mantoloking","Ocean County","New Jersey",258,296,423,334,433,319,160,72,58,37,37,0,0,0,0,0,0,0,0,0,0,0,0,0
"Mantua Township","Gloucester County","New Jersey",15150,15217,14217,10074,9193,9643,7991,3548,2433,2677,2002,1529,2101,1791,1718,1897,1742,0,0,0,0,0,0,0
"Manville","Somerset County","New Jersey",10388,10344,10343,10567,11278,13029,10995,8597,6065,5441,0,0,0,0,0,0,0,0,0,0,0,0,0,0
"Maple Shade Township","Burlington County","New Jersey",18979,19131,19079,19211,20525,16464,12947,6560,5535,5117,0,0,0,0,0,0,0,0,0,0,0,0,0,0
"Maplewood Township","Essex County","New Jersey",24657,23867,23868,21652,22950,24932,23977,25201,23139,21321,5283,2979,1630,1078,1733,2963,0,0,0,0,0,0,0,0
"Margate City","Atlantic County","New Jersey",6333,6354,8193,8431,9179,10576,9474,4715,3266,2913,249,129,69,0,0,0,0,0,0,0,0,0,0,0
"Marlboro Township","Monmouth County","New Jersey",41000,40191,36398,27974,17560,12273,8038,6359,5015,1992,1710,1754,1747,1913,2193,2231,2083,1564,0,0,0,0,0,0
"Matawan","Monmouth County","New Jersey",8718,8810,8910,9270,8837,9136,5097,3739,2758,2264,1910,1646,1511,1491,1437,0,0,0,0,0,0,0,0,0
"Maurice River Township","Cumberland County","New Jersey",7923,7976,6928,6648,4577,3743,3105,2834,2261,2319,2016,2124,2132,2279,2374,2500,2430,2245,2143,2724,2411,2085,0,0
"Maywood","Bergen County","New Jersey",9746,9555,9523,9473,9895,11087,11460,8667,4052,3398,1618,889,536,0,0,0,0,0,0,0,0,0,0,0
"Medford Lakes","Burlington County","New Jersey",4110,4146,4173,4462,17622,8292,4844,2836,2237,2021,1891,1903,1969,1864,1980,2189,2136,3022,0,0,0,0,0,0
"Medford Township","Burlington County","New Jersey",23357,23033,22253,20526,4958,4792,2876,461,137,0,0,0,0,0,0,0,0,0,0,0,0,0,0,0
"Mendham","Morris County","New Jersey",4999,4981,5097,4890,4899,3729,2371,1724,1343,1278,969,1129,0,0,0,0,0,0,0,0,0,0,0,0
"Mendham Township","Morris County","New Jersey",5882,5869,5400,4537,4488,3697,2256,1380,1079,1003,699,792,1600,1266,1526,1573,1660,1723,1378,1315,1326,1277,0,0
"Merchantville","Camden County","New Jersey",3777,3821,3801,4095,3972,4425,4075,4183,3679,3592,2749,1996,1608,1225,439,245,0,0,0,0,0,0,0,0
"Metuchen","Middlesex County","New Jersey",13826,13574,12840,12804,13762,16031,14041,9879,6557,5748,3334,2138,1786,770,0,0,0,0,0,0,0,0,0,0
"Middle Township","Cape May County","New Jersey",18883,18911,16405,14771,11373,8725,6718,4599,3889,3430,2760,2974,2191,2368,2575,2195,2155,1884,1624,1366,1157,1106,0,0
"Middlesex","Middlesex County","New Jersey",13888,13635,13717,13055,13480,15038,10520,5943,3763,3504,1852,0,0,0,0,0,0,0,0,0,0,0,0,0
"Middletown Township","Monmouth County","New Jersey",66017,66522,66327,68183,62574,54623,39675,16203,11018,9209,5917,6653,5479,5650,5059,4639,4112,3251,6063,5128,4369,3849,0,3225
"Midland Park","Bergen County","New Jersey",7305,7128,6947,7047,7381,8159,7543,5164,4525,3638,2243,2001,1348,0,0,0,0,0,0,0,0,0,0,0
"Milford","Hunterdon County","New Jersey",1211,1233,1195,1273,1368,1230,1114,1012,933,933,656,0,0,0,0,0,0,0,0,0,0,0,0,0
"Millburn Township","Essex County","New Jersey",20401,20149,19765,18630,19543,21089,18799,14560,11652,8602,4633,3720,2837,2437,1743,1675,1624,0,0,0,0,0,0,0
"Millstone","Somerset County","New Jersey",420,418,410,450,530,630,409,289,252,187,178,157,200,0,0,0,0,0,0,0,0,0,0,0
"Millstone Township","Monmouth County","New Jersey",10448,10566,8970,5069,3926,2535,2550,2100,1466,1428,1405,1461,1509,1782,2080,2087,2356,1676,0,0,0,0,0,0
"Milltown","Middlesex County","New Jersey",7032,6893,7000,6968,7136,6470,5435,3786,3515,2994,2573,1584,561,0,0,0,0,0,0,0,0,0,0,0
"Millville","Cumberland County","New Jersey",28497,28400,26847,25992,24815,21366,19096,16041,14806,14705,14691,12451,10583,10002,7660,6101,0,0,0,0,0,0,0,0
"Mine Hill Township","Morris County","New Jersey",3657,3651,3679,3333,3325,3557,3362,1951,1541,1422,0,0,0,0,0,0,0,0,0,0,0,0,0,0
"Monmouth Beach","Monmouth County","New Jersey",3256,3279,3595,3303,3318,2042,1363,806,584,457,410,485,0,0,0,0,0,0,0,0,0,0,0,0
"Monroe Township","Gloucester County","New Jersey",37379,36129,28967,26703,21639,14071,9396,5531,4310,4064,3292,3015,2402,1945,1858,0,0,0,0,0,0,0,0,0
"Monroe Township","Middlesex County","New Jersey",42810,39132,27999,22255,15858,9138,5831,4082,3034,2894,2625,2238,1899,2153,3017,3253,3132,3001,2453,0,0,0,0,0
"Montague Township","Sussex County","New Jersey",3770,3847,3412,2832,2066,1131,879,602,621,581,534,621,710,797,1022,932,983,1010,1026,990,964,661,0,0
"Montclair Township","Essex County","New Jersey",38142,37669,38977,37729,38321,44043,43129,43927,39807,42017,28810,21550,13962,0,0,0,0,0,0,0,0,0,0,0
"Montgomery Township","Somerset County","New Jersey",22746,22254,17481,9612,7360,6353,3851,3819,3360,2648,2082,1637,1243,1655,1928,2066,1975,1767,1482,2834,2495,2282,0,1875
"Montvale","Bergen County","New Jersey",8148,7844,7034,6946,7318,7327,3699,1856,1342,1243,779,522,416,0,0,0,0,0,0,0,0,0,0,0
"Montville Township","Morris County","New Jersey",21842,21528,20839,15600,14290,11846,6772,4159,3207,2467,1515,1944,1908,1333,1270,1403,0,0,0,0,0,0,0,0
"Moonachie","Bergen County","New Jersey",2783,2708,2754,2817,2706,2951,3052,1775,1554,1465,1194,638,0,0,0,0,0,0,0,0,0,0,0,0
"Moorestown Township","Burlington County","New Jersey",20594,20726,19017,16116,15596,15577,12497,9123,7749,7247,7273,5069,4420,3768,2855,2586,2227,3601,2603,2333,2253,1839,1464,0
"Morris Plains","Morris County","New Jersey",5733,5532,5236,19952,18486,19414,12092,7432,6107,5565,2607,3161,2571,1999,0,0,0,0,0,0,0,0,0,0
"Morris Township","Morris County","New Jersey",22573,22306,21796,5219,5305,5540,4703,2707,2018,1713,0,0,0,0,0,0,0,0,0,0,0,0,0,0
"Morristown Town","Morris County","New Jersey",19085,18411,18544,16189,16614,17662,17712,17124,15270,15197,12548,12507,11267,8156,5418,0,0,0,0,0,0,0,0,0
"Mount Arlington","Morris County","New Jersey",5211,5050,4663,3630,4251,3590,1246,639,456,306,213,277,275,0,0,0,0,0,0,0,0,0,0,0
"Mount Ephraim","Camden County","New Jersey",4632,4676,4495,4517,4863,5625,5447,4449,2282,2319,0,0,0,0,0,0,0,0,0,0,0,0,0,0
"Mount Holly Township","Burlington County","New Jersey",9490,9536,10728,10639,10818,12713,13271,8206,6892,6573,5901,5652,5168,5376,4630,4018,3322,3031,6813,5516,4833,4171,3559,0
"Mount Laurel Township","Burlington County","New Jersey",41743,41864,40221,30270,17614,11221,5249,2817,2189,1929,1667,1573,1644,1699,1739,0,0,0,0,0,0,0,0,0
"Mount Olive Township","Morris County","New Jersey",28921,28117,24193,21282,18748,10394,3807,2597,1526,1235,1008,1160,1221,1848,1982,0,0,0,0,0,0,0,0,0
"Mountain Lakes","Morris County","New Jersey",4262,4160,4256,3847,4153,4739,4037,2806,2205,2132,0,0,0,0,0,0,0,0,0,0,0,0,0,0
"Mountainside","Union County","New Jersey",6837,6685,6602,6657,7118,7520,6325,2046,1148,965,433,362,367,0,0,0,0,0,0,0,0,0,0,0
"Mullica Township","Atlantic County","New Jersey",6155,6147,5912,5896,5243,3391,2944,1804,1500,1425,1166,811,880,697,717,861,1600,918,1056,0,0,0,0,0
"National Park","Gloucester County","New Jersey",2995,3036,3205,3413,3552,3730,3380,2419,1977,1828,1000,325,0,0,0,0,0,0,0,0,0,0,0,0
"Neptune City","Monmouth County","New Jersey",4827,4869,5218,4997,5276,5502,4013,3073,2392,2258,539,488,1009,0,0,0,0,0,0,0,0,0,0,0
"Neptune Township","Monmouth County","New Jersey",27721,27935,27690,28148,28366,27863,21487,13613,10207,10625,6470,5551,7943,8333,4187,0,0,0,0,0,0,0,0,0
"Netcong","Morris County","New Jersey",3254,3232,2580,3311,3557,2858,2765,2284,2157,2097,1800,1532,941,0,0,0,0,0,0,0,0,0,0,0
"New Brunswick","Middlesex County","New Jersey",57080,55181,48573,41711,41442,41885,40139,38811,33180,34555,32779,23388,20006,18603,17166,15058,11256,0,0,0,0,0,0,0
"New Hanover Township","Burlington County","New Jersey",7258,7385,9744,9546,14258,27410,28528,18168,983,646,5604,948,1827,1962,2373,2536,2526,2245,3045,2859,2642,2536,0,0
"New Milford","Bergen County","New Jersey",16678,16341,16400,15990,16876,19149,18810,6006,3215,2556,3833,1141,0,0,0,0,0,0,0,0,0,0,0,0
"New Providence","Union County","New Jersey",12422,12171,11907,11439,12426,13796,10243,3380,2374,1918,1203,873,565,0,0,0,0,0,0,0,0,0,0,0
"Newark","Essex County","New Jersey",280579,277140,273546,275221,329248,381930,405220,438776,429760,442337,414524,347469,246070,181830,136508,105059,71941,38894,17290,10953,0,0,0,0
"Newfield","Gloucester County","New Jersey",1531,1553,1616,1592,1563,1487,1299,1010,889,880,0,0,0,0,0,0,0,0,0,0,0,0,0,0
"Newton Town","Sussex County","New Jersey",7878,7997,8244,7521,7748,7297,6563,5781,5533,5401,4125,4467,4376,3003,2513,2403,1824,0,0,0,0,0,0,0
"North Arlington","Bergen County","New Jersey",15723,15392,15181,13790,16587,18096,17477,15970,9904,8263,1767,437,290,0,0,0,0,0,0,0,0,0,0,0
"North Bergen Township","Hudson County","New Jersey",62602,60773,58092,48414,47019,47751,42387,41560,39714,40714,23344,15662,9213,5715,4268,3032,6335,3578,0,0,0,0,0,0
"North Brunswick Township","Middlesex County","New Jersey",42488,40742,36287,31287,22220,16691,10099,6450,4562,3622,1399,990,847,1238,1251,1124,1145,10019,5866,5274,4275,3980,0,2312
"North Caldwell","Essex County","New Jersey",6783,6183,7375,6706,5832,6733,4163,1781,1572,1492,466,595,297,0,0,0,0,0,0,0,0,0,0,0
"North Haledon","Passaic County","New Jersey",8512,8417,7920,7987,8177,7614,6026,3550,2761,2157,887,749,0,0,0,0,0,0,0,0,0,0,0,0
"North Hanover Township","Burlington County","New Jersey",7647,7678,7347,9994,9050,9858,2796,1155,731,675,651,696,0,0,0,0,0,0,0,0,0,0,0,0
"North Plainfield","Somerset County","New Jersey",22029,21936,21103,18820,19108,21796,16993,12766,10586,9760,6916,6117,5009,0,0,0,0,0,0,0,0,0,0,0
"North Wildwood","Cape May County","New Jersey",3934,4041,4935,5017,4714,3914,3598,3158,1921,2049,807,833,161,161,0,0,0,0,0,0,0,0,0,0
"Northfield","Atlantic County","New Jersey",8604,8624,7725,7305,7795,8646,5849,3498,2848,2804,1127,866,0,0,0,0,0,0,0,0,0,0,0,0
"Northvale","Bergen County","New Jersey",4771,4640,4460,4563,5046,5177,2892,1455,1159,1144,827,588,0,0,0,0,0,0,0,0,0,0,0,0
"Norwood","Bergen County","New Jersey",5826,5711,5751,4858,4413,4398,2852,1792,1512,1358,820,564,0,0,0,0,0,0,0,0,0,0,0,0
"Nutley Township","Essex County","New Jersey",28700,28370,27362,27099,28998,31913,29513,26992,21954,20572,9421,6009,0,0,0,0,0,0,0,0,0,0,0,0
"Oakland","Bergen County","New Jersey",13046,12754,12466,11997,13443,14420,9446,1817,932,735,497,568,0,0,0,0,0,0,0,0,0,0,0,0
"Oaklyn","Camden County","New Jersey",3984,4038,4188,4430,4223,4626,4778,4889,3869,3843,1148,653,0,0,0,0,0,0,0,0,0,0,0,0
"Ocean City","Cape May County","New Jersey",11374,11701,15378,15512,13949,10575,7618,6040,4672,5525,2512,1950,1307,452,0,0,0,0,0,0,0,0,0,0
"Ocean Gate","Ocean County","New Jersey",2031,2011,2076,2078,1385,1081,706,452,242,174,69,0,0,0,0,0,0,0,0,0,0,0,0,0
"Ocean Township","Ocean County","New Jersey",8658,8332,6450,5416,3731,2222,921,520,427,387,286,397,436,482,484,0,0,0,0,0,0,0,0,0
"Ocean Township","Monmouth County","New Jersey",27200,27291,26959,25058,23570,18643,11622,6734,4200,2892,1581,1377,4251,2978,2194,6189,4346,3768,0,0,0,0,0,0
"Oceanport","Monmouth County","New Jersey",5838,5832,5807,6146,5888,7503,4937,7588,3159,1872,0,0,0,0,0,0,0,0,0,0,0,0,0,0
"Ogdensburg","Sussex County","New Jersey",2310,2410,2638,2722,2737,2222,1212,1169,1165,1138,939,0,0,0,0,0,0,0,0,0,0,0,0,0
"Old Bridge Township","Middlesex County","New Jersey",67010,65375,60456,56475,51515,48715,22772,7366,3803,2566,1808,1621,1671,1520,1662,1634,0,0,0,0,0,0,0,0
"Old Tappan","Bergen County","New Jersey",5943,5750,5482,4254,4168,3917,2330,828,609,600,404,305,269,0,0,0,0,0,0,0,0,0,0,0
"Oldmans Township","Salem County","New Jersey",1849,1773,1798,1683,1847,2088,2913,1657,1722,1431,1328,1364,1382,1432,0,0,0,0,0,0,0,0,0,0
"Oradell","Bergen County","New Jersey",8161,7978,8047,8024,8658,8903,7487,3665,2802,2360,1286,1005,746,0,0,0,0,0,0,0,0,0,0,0
"Oxford Township","Warren County","New Jersey",2467,2514,2307,1790,1659,1742,1657,1489,1548,1723,2035,3444,3095,4002,4594,2952,2350,1718,2855,3665,3089,2470,0,0
"Palisades Park","Bergen County","New Jersey",20471,19622,17073,14536,13732,13351,11943,9635,8141,7065,2633,1411,644,0,0,0,0,0,0,0,0,0,0,0
"Palmyra","Burlington County","New Jersey",7333,7398,7091,7056,7085,6969,7036,5802,5178,4968,3834,2801,2300,1903,571,0,0,0,0,0,0,0,0,0
"Paramus","Bergen County","New Jersey",26832,26342,25737,25067,26474,28381,23238,6268,3688,2649,0,0,0,0,0,0,0,0,0,0,0,0,0,0
"Park Ridge","Bergen County","New Jersey",8841,8645,8708,8102,8515,8709,6389,3189,2519,2229,1481,1401,870,0,0,0,0,0,0,0,0,0,0,0
"Parsippany-Troy Hills Township","Morris County","New Jersey",53679,53238,50649,48478,49868,55112,25557,15290,10976,6631,0,0,0,0,0,0,0,0,0,0,0,0,0,0
"Passaic","Passaic County","New Jersey",71509,69781,67861,58041,52463,55124,53963,57702,61394,62959,63841,54773,27777,13028,6532,0,0,0,0,0,0,0,0,0
"Paterson","Passaic County","New Jersey",146753,146199,149222,140891,137970,144824,143663,139336,139656,138513,135875,125600,105171,78347,51031,33579,19586,11334,7596,0,0,0,0,0
"Paulsboro","Gloucester County","New Jersey",5992,6097,6160,6577,6944,8084,8121,7842,7011,7121,4352,2121,0,0,0,0,0,0,0,0,0,0,0,0
"Peapack and Gladstone","Somerset County","New Jersey",2594,2582,2433,2111,2038,1924,1804,1450,1354,1273,1226,0,0,0,0,0,0,0,0,0,0,0,0,0
"Pemberton","Burlington County","New Jersey",1386,1409,1210,1367,1198,1344,1250,1194,906,783,800,797,771,834,799,797,0,0,0,0,0,0,0,0
"Pemberton Township","Burlington County","New Jersey",27822,27912,28691,31342,29720,19754,13726,4751,2386,1929,1444,1679,1493,1805,2086,1946,2672,2866,0,0,0,0,0,0
"Pennington","Mercer County","New Jersey",2584,2585,2696,2537,2109,2151,2063,1682,1492,1335,965,722,733,588,723,0,0,0,0,0,0,0,0,0
"Penns Grove","Salem County","New Jersey",5007,5147,4886,5228,5760,5727,6176,6669,6488,5895,6060,2118,1826,0,0,0,0,0,0,0,0,0,0,0
"Pennsauken Township","Camden County","New Jersey",35561,35885,35737,34738,33775,36394,33771,22767,17745,16915,6474,4169,3145,0,0,0,0,0,0,0,0,0,0,0
"Pennsville Township","Salem County","New Jersey",13005,13409,13194,13794,13848,13296,10417,7376,5113,2933,2149,1544,1424,1289,1334,1472,1506,1429,1219,993,1158,1163,0,0
"Pequannock Township","Morris County","New Jersey",15567,15540,13888,12844,13776,14350,10553,5254,2856,2104,2291,1921,3250,2862,2239,1534,5438,4126,5190,4355,3820,3853,0,0
"Perth Amboy","Middlesex County","New Jersey",52328,50814,47303,41967,38951,38798,38007,41330,41242,43516,41707,32121,17699,9512,4808,2861,2302,1865,0,0,0,0,0,0
"Phillipsburg Town","Warren County","New Jersey",14570,14950,15166,15757,16647,17849,18502,18919,18314,19255,16923,13903,10052,8644,7181,5932,0,0,0,0,0,0,0,0
"Pilesgrove Township","Salem County","New Jersey",3967,4016,3923,3250,2810,2706,2519,1942,1614,1815,1770,1786,1744,1796,3407,3385,3399,2962,2477,2150,2012,1756,0,0
"Pine Beach","Ocean County","New Jersey",2165,2127,1950,1954,1796,1395,985,495,163,72,0,0,0,0,0,0,0,0,0,0,0,0,0,0
"Pine Hill","Camden County","New Jersey",10464,10233,10880,9854,8684,5132,3939,2546,1537,1392,0,0,0,0,0,0,0,0,0,0,0,0,0,0
"Pine Valley","Camden County","New Jersey",12,12,20,19,23,23,20,39,27,40,0,0,0,0,0,0,0,0,0,0,0,0,0,0
"Piscataway Township","Middlesex County","New Jersey",58982,56044,50482,47089,42223,36418,19890,10180,7243,5865,5385,3523,2628,2226,3242,2757,3186,2975,2828,2664,2648,2475,2261,0
"Pitman","Gloucester County","New Jersey",8895,9011,9331,9365,9744,10257,8644,6960,5507,5411,3385,1950,0,0,0,0,0,0,0,0,0,0,0,0
"Pittsgrove Township","Salem County","New Jersey",9169,9393,8893,8121,6954,4618,3785,2808,2157,2091,1842,2394,2092,1914,1778,1667,1233,1151,2390,2216,2040,1991,0,0
"Plainfield","Union County","New Jersey",50955,49808,47829,46567,45555,46862,45330,42366,37469,34422,27760,20550,15369,11267,8125,5095,0,0,0,0,0,0,0,0
"Plainsboro Township","Middlesex County","New Jersey",23429,22999,20215,14213,5605,1648,1171,1112,925,1018,460,0,0,0,0,0,0,0,0,0,0,0,0,0
"Pleasantville","Atlantic County","New Jersey",20467,20249,19012,16027,13435,14007,15172,11938,11050,11580,5887,4390,2182,0,0,0,0,0,0,0,0,0,0,0
"Plumsted Township","Ocean County","New Jersey",8584,8421,7275,6005,4674,4113,3281,2093,1580,1215,1276,1123,1204,1327,1561,1566,2003,1613,0,0,0,0,0,0
"Pohatcong Township","Warren County","New Jersey",3259,3339,3416,3591,3856,3924,3543,2540,2029,1974,1559,3202,2215,1483,0,0,0,0,0,0,0,0,0,0
"Point Pleasant","Ocean County","New Jersey",18665,18392,19306,18177,17747,15968,10182,4009,2082,2058,0,0,0,0,0,0,0,0,0,0,0,0,0,0
"Point Pleasant Beach","Ocean County","New Jersey",4640,4665,5314,5112,5415,4882,3873,2900,2059,1844,1575,1003,746,0,0,0,0,0,0,0,0,0,0,0
"Pompton Lakes","Passaic County","New Jersey",11166,11097,10640,10539,10660,11397,9445,4654,3189,3104,2008,1060,847,0,0,0,0,0,0,0,0,0,0,0
"Port Republic","Atlantic County","New Jersey",1121,1115,1037,992,837,586,561,423,402,373,340,405,0,0,0,0,0,0,0,0,0,0,0,0
"Princeton","Mercer County","New Jersey",30108,12307,14203,12016,12035,12311,11890,12230,7719,6992,5917,5136,3899,3422,3209,2798,0,0,0,0,0,0,0,0
"Prospect Park","Passaic County","New Jersey",5931,5865,5779,5053,5142,5176,5201,5242,5714,5909,4292,2719,0,0,0,0,0,0,0,0,0,0,0,0
"Quinton Township","Salem County","New Jersey",2621,2666,2786,2511,2887,2567,2440,1821,1313,1166,956,1091,1280,1307,1390,0,0,0,0,0,0,0,0,0
"Rahway","Union County","New Jersey",28528,27346,26500,25325,26723,29114,27699,21290,17498,16011,11042,9337,7935,7105,6455,6258,7130,0,0,0,0,0,0,0
"Ramsey","Bergen County","New Jersey",14800,14473,14351,13228,12899,12571,9527,4670,3566,3258,2090,1667,0,0,0,0,0,0,0,0,0,0,0,0
"Randolph Township","Morris County","New Jersey",25964,25734,24847,19974,17828,13296,7295,4293,2160,2165,2509,2307,2246,7972,7700,5111,3173,2632,1801,1443,1252,1271,0,0
"Raritan","Somerset County","New Jersey",8098,6881,6338,5798,6128,6691,6137,5131,4839,4751,4457,3672,3244,2556,2046,0,0,0,0,0,0,0,0,0
"Raritan Township","Hunterdon County","New Jersey",22061,22185,19809,15616,8292,6934,4545,2814,2158,1823,1677,1310,1892,1821,2437,2242,2270,3070,2510,0,0,0,0,0
"Readington Township","Hunterdon County","New Jersey",16040,16126,15803,13400,10855,7688,6147,4080,2905,2811,2525,2569,2670,2813,3103,3070,3076,2836,2373,2102,1964,1797,0,0
"Red Bank","Monmouth County","New Jersey",12445,12206,11844,10636,12031,12847,12482,12743,10974,11622,9251,7398,5428,4145,2684,2086,0,0,0,0,0,0,0,0
"Ridgefield","Bergen County","New Jersey",11289,11032,10830,9996,10294,11308,10788,8312,5271,4671,1560,966,584,0,0,0,0,0,0,0,0,0,0,0
"Ridgefield Park village","Bergen County","New Jersey",12996,12729,12873,12454,12738,13990,12701,11993,11277,10764,8575,4512,1987,0,0,0,0,0,0,0,0,0,0,0
"Ridgewood village","Bergen County","New Jersey",25496,24958,24936,24152,25208,27547,25391,17481,14948,12188,7580,5416,2685,1047,0,0,0,0,0,0,0,0,0,0
"Ringwood","Passaic County","New Jersey",12377,12228,12396,12623,12625,10393,4182,1752,977,1038,1025,0,0,0,0,0,0,0,0,0,0,0,0,0
"River Edge","Bergen County","New Jersey",11579,11340,10946,10603,11111,12850,13264,9204,3287,2210,1077,736,561,0,0,0,0,0,0,0,0,0,0,0
"River Vale Township","Bergen County","New Jersey",10021,9659,9449,9410,9489,8883,5616,1699,1112,871,583,450,0,0,0,0,0,0,0,0,0,0,0,0
"Riverdale","Morris County","New Jersey",4046,3559,2498,2370,2530,2729,2596,1352,1110,1052,0,0,0,0,0,0,0,0,0,0,0,0,0,0
"Riverside Township","Burlington County","New Jersey",8019,8079,7911,7974,7941,8591,8474,7199,7072,7061,6018,4011,2581,0,0,0,0,0,0,0,0,0,0,0
"Riverton","Burlington County","New Jersey",2758,2779,2759,2775,3068,3412,3324,2761,2354,2483,2341,1788,1332,1075,586,0,0,0,0,0,0,0,0,0
"Robbinsville Township","Mercer County","New Jersey",14112,13642,10275,5815,3487,3311,2156,1843,1365,1347,1161,1090,1157,1126,1281,1294,1279,0,0,0,0,0,0,0
"Rochelle Park Township","Bergen County","New Jersey",5781,5530,5528,5587,5603,6380,6119,4483,2511,1768,2203,1480,1298,0,0,0,0,0,0,0,0,0,0,0
"Rockaway","Morris County","New Jersey",6483,6438,6473,6243,6852,6383,5413,3812,3514,3132,2655,1902,1483,0,0,0,0,0,0,0,0,0,0,0
"Rockaway Township","Morris County","New Jersey",24441,24156,22930,19572,19850,18955,10356,4418,2423,3178,3506,4835,4528,6033,7366,6445,3551,3139,0,0,0,0,0,0
"Rockleigh","Bergen County","New Jersey",537,531,391,270,192,308,430,110,79,86,0,0,0,0,0,0,0,0,0,0,0,0,0,0
"Rocky Hill","Somerset County","New Jersey",685,682,662,693,717,917,528,537,404,512,305,502,354,0,0,0,0,0,0,0,0,0,0,0
"Roosevelt","Monmouth County","New Jersey",872,882,933,884,835,814,764,720,698,0,0,0,0,0,0,0,0,0,0,0,0,0,0,0
"Roseland","Essex County","New Jersey",5826,5819,5298,4847,5330,4453,2804,2019,1556,1058,609,486,0,0,0,0,0,0,0,0,0,0,0,0
"Roselle","Union County","New Jersey",21551,21085,21274,20314,20641,22585,21032,17681,13597,13021,5737,2725,1652,0,0,0,0,0,0,0,0,0,0,0
"Roselle Park","Union County","New Jersey",13595,13297,13281,12805,13377,14277,12546,11537,9661,8969,5438,3138,0,0,0,0,0,0,0,0,0,0,0,0
"Roxbury Township","Morris County","New Jersey",23524,23324,23883,20429,18878,15754,9983,5707,4455,3879,2976,2414,2185,2739,2139,3320,2865,2269,2231,2262,1792,1563,0,0
"Rumson","Monmouth County","New Jersey",6978,7122,7137,6701,7623,7421,6405,4044,2926,2073,1658,1449,0,0,0,0,0,0,0,0,0,0,0,0
"Runnemede","Camden County","New Jersey",8376,8468,8533,9042,9461,10475,8396,4217,2835,2436,0,0,0,0,0,0,0,0,0,0,0,0,0,0
"Rutherford","Bergen County","New Jersey",18464,18061,18110,17790,19068,20802,20473,17411,15466,14915,9497,7045,4411,2293,0,0,0,0,0,0,0,0,0,0
"Saddle Brook Township","Bergen County","New Jersey",13984,13659,13155,13296,14084,15975,13834,7955,3169,2424,2845,3047,1954,1169,1355,1168,1007,823,828,3399,2291,2171,0,0
"Saddle River","Bergen County","New Jersey",3210,3152,3201,2950,2763,2437,1776,1003,816,657,506,483,415,0,0,0,0,0,0,0,0,0,0,0
"Salem","Salem County","New Jersey",4971,5146,5857,6883,6959,7648,8941,9050,8618,8047,7435,6614,5811,5516,5056,4555,3865,3052,2007,1570,1303,929,0,0
"Sandyston Township","Sussex County","New Jersey",1914,1998,1825,1732,1485,1303,1019,829,651,610,727,855,939,1084,1195,1230,1480,1327,1209,1097,858,703,0,0
"Sayreville","Middlesex County","New Jersey",45262,42704,40377,34986,29969,32508,22553,10338,8186,8658,7181,5783,0,0,0,0,0,0,0,0,0,0,0,0
"Scotch Plains Township","Union County","New Jersey",24086,23510,22732,21160,20774,22279,18491,9069,4993,4186,2343,1616,1200,1305,1167,0,0,0,0,0,0,0,0,0
"Sea Bright","Monmouth County","New Jersey",1348,1412,1818,1693,1812,1339,1138,999,779,899,856,1220,1198,0,0,0,0,0,0,0,0,0,0,0
"Sea Girt","Monmouth County","New Jersey",1814,1828,2148,2099,2650,2207,1798,1178,599,386,110,0,0,0,0,0,0,0,0,0,0,0,0,0
"Sea Isle City","Cape May County","New Jersey",2083,2114,2835,2692,2644,1712,1393,993,773,850,564,551,340,766,0,0,0,0,0,0,0,0,0,0
"Seaside Heights","Ocean County","New Jersey",2914,2887,3155,2366,1802,1248,954,862,549,399,154,0,0,0,0,0,0,0,0,0,0,0,0,0
"Seaside Park","Ocean County","New Jersey",1579,1579,2263,1871,1795,1432,1054,987,653,571,179,101,73,0,0,0,0,0,0,0,0,0,0,0
"Secaucus Town","Hudson County","New Jersey",18416,16264,15931,14061,13719,13228,12154,9750,9754,8950,5423,4740,1626,0,0,0,0,0,0,0,0,0,0,0
"Shamong Township","Burlington County","New Jersey",6432,6490,6462,5765,4537,1318,774,712,505,475,414,483,910,958,1097,1149,1008,0,0,0,0,0,0,0
"Shiloh","Cumberland County","New Jersey",509,516,534,408,604,573,554,427,387,401,0,0,0,0,0,0,0,0,0,0,0,0,0,0
"Ship Bottom","Ocean County","New Jersey",1148,1156,1384,1352,1427,1079,717,533,396,277,0,0,0,0,0,0,0,0,0,0,0,0,0,0
"Shrewsbury","Monmouth County","New Jersey",4125,3809,3590,3096,2962,3315,3222,1613,1058,857,0,0,0,0,0,0,0,0,0,0,0,0,0,0
"Shrewsbury Township","Monmouth County","New Jersey",1119,1141,1098,1098,995,1164,1204,1388,1347,1052,1944,3238,3842,4222,6526,3354,4132,3182,5917,4700,4284,3773,0,4673
"Somerdale","Camden County","New Jersey",5339,5151,5192,5440,5900,6510,4839,1417,1170,1151,0,0,0,0,0,0,0,0,0,0,0,0,0,0
"Somers Point","Atlantic County","New Jersey",10756,10795,11614,11216,10330,7919,4504,2480,1992,2073,843,604,308,191,0,0,0,0,0,0,0,0,0,0
"Somerville","Somerset County","New Jersey",12153,12098,12423,11632,11973,13652,12458,11571,8720,8255,6718,5060,4843,3861,3105,2236,0,0,0,0,0,0,0,0
"South Amboy","Middlesex County","New Jersey",8853,8631,7913,7863,8322,9338,8422,8422,7802,8476,7897,7007,6349,4330,0,0,0,0,0,0,0,0,0,0
"South Bound Brook","Somerset County","New Jersey",4587,4563,4492,4185,4331,4525,3626,2905,1928,1763,1302,1024,883,801,671,0,0,0,0,0,0,0,0,0
"South Brunswick Township","Middlesex County","New Jersey",45163,43417,37734,25792,17127,14058,10278,4001,3129,2758,2206,2443,2337,2403,2803,3779,3816,3368,2797,2557,2489,2332,0,1817
"South Hackensack Township","Bergen County","New Jersey",2470,2378,2249,2106,2229,2412,1841,1503,1241,1294,987,693,448,0,0,0,0,0,0,0,0,0,0,0
"South Harrison Township","Gloucester County","New Jersey",3226,3162,2417,1919,1486,1226,974,868,686,680,583,694,706,971,0,0,0,0,0,0,0,0,0,0
"South Orange Village Township","Essex County","New Jersey",16362,16198,16964,16390,15864,16971,16175,15230,13742,13630,7274,6014,4608,3106,2178,0,0,0,0,0,0,0,0,0
"South Plainfield","Middlesex County","New Jersey",23960,23385,21810,20489,20521,21142,17879,8008,5379,5047,0,0,0,0,0,0,0,0,0,0,0,0,0,0
"South River","Middlesex County","New Jersey",16334,16008,15322,13692,14361,15428,13397,11308,10714,10759,6596,4772,2792,1796,0,0,0,0,0,0,0,0,0,0
"South Toms River","Ocean County","New Jersey",3762,3684,3634,3869,3954,3981,1603,492,445,405,0,0,0,0,0,0,0,0,0,0,0,0,0,0
"Southampton Township","Burlington County","New Jersey",10362,10464,10388,10202,8808,4982,3166,2341,1813,1637,1641,1778,1904,1849,2269,2374,2558,3545,0,0,0,0,0,0
"Sparta Township","Sussex County","New Jersey",19333,19722,18080,15157,13333,10819,6717,3021,1729,1316,1017,1579,2070,1724,2274,2032,2062,1919,0,0,0,0,0,0
"Spotswood","Middlesex County","New Jersey",8447,8257,7880,7983,7840,7891,5788,2325,1201,921,704,623,0,0,0,0,0,0,0,0,0,0,0,0
"Spring Lake","Monmouth County","New Jersey",2992,2993,3567,3499,4215,3896,2922,2008,1650,1745,1009,853,526,0,0,0,0,0,0,0,0,0,0,0
"Spring Lake Heights","Monmouth County","New Jersey",4664,4713,5227,5341,5424,4602,3309,1798,1076,1221,0,0,0,0,0,0,0,0,0,0,0,0,0,0
"Springfield Township","Union County","New Jersey",17193,15817,14429,13420,13955,15740,14467,7214,4148,3725,1715,1246,1073,959,844,770,1020,0,0,0,0,0,0,0
"Springfield Township","Burlington County","New Jersey",3387,3414,3227,3028,2691,2244,1956,1562,1299,1326,1223,1278,1382,1670,1886,1761,1810,1827,1632,1534,1568,1500,0,0
"Stafford Township","Ocean County","New Jersey",26809,26535,22532,13325,10385,3684,1930,1347,1253,1039,830,934,1009,1095,1068,1514,1436,1384,2149,2059,1428,1239,0,883
"Stanhope","Sussex County","New Jersey",3494,3610,3584,3393,3638,3040,1814,1351,1100,1089,1031,1031,0,0,0,0,0,0,0,0,0,0,0,0
"Stillwater Township","Sussex County","New Jersey",3975,4099,4267,4253,3887,2158,1339,816,679,706,671,796,1108,1296,1502,1632,1816,1742,1476,1381,0,0,0,0
"Stockton","Hunterdon County","New Jersey",529,538,560,629,643,619,520,488,478,556,519,605,590,0,0,0,0,0,0,0,0,0,0,0
"Stone Harbor","Cape May County","New Jersey",844,866,1128,1025,1187,1089,834,670,383,363,159,0,0,0,0,0,0,0,0,0,0,0,0,0
"Stow Creek Township","Cumberland County","New Jersey",1430,1431,1429,1437,1365,1050,1010,957,720,796,844,880,934,972,1107,1122,1267,1093,846,791,884,1039,0,0
"Stratford","Camden County","New Jersey",6944,7040,7271,7614,8005,9801,4308,1356,980,958,0,0,0,0,0,0,0,0,0,0,0,0,0,0
"Summit","Union County","New Jersey",22071,21457,21131,19757,21071,23620,23677,17929,16165,14556,10174,7500,5302,0,0,0,0,0,0,0,0,0,0,0
"Surf City","Ocean County","New Jersey",1216,1205,1442,1375,1571,1129,419,291,129,76,43,40,9,0,0,0,0,0,0,0,0,0,0,0
"Sussex","Sussex County","New Jersey",2078,2130,2145,2201,2418,2038,1656,1541,1478,1415,1318,1212,1306,993,370,0,0,0,0,0,0,0,0,0
"Swedesboro","Gloucester County","New Jersey",2623,2584,2055,2024,2031,2287,2449,2459,2268,2123,1838,1477,0,0,0,0,0,0,0,0,0,0,0,0
"Tabernacle Township","Burlington County","New Jersey",6954,6949,7170,7360,6236,2103,1621,1034,490,460,431,487,0,0,0,0,0,0,0,0,0,0,0,0
"Tavistock","Camden County","New Jersey",5,5,24,35,9,12,10,15,13,20,0,0,0,0,0,0,0,0,0,0,0,0,0,0
"Teaneck Township","Bergen County","New Jersey",40587,39776,39260,37825,39007,42355,42085,33772,25275,16513,4192,2082,768,0,0,0,0,0,0,0,0,0,0,0
"Tenafly","Bergen County","New Jersey",14816,14488,13806,13326,13552,14827,14264,9651,7413,5669,3585,2756,1746,1046,1019,0,0,0,0,0,0,0,0,0
"Teterboro","Bergen County","New Jersey",71,67,18,22,19,19,22,28,40,26,24,0,0,0,0,0,0,0,0,0,0,0,0,0
"Tewksbury Township","Hunterdon County","New Jersey",5925,5993,5541,4803,4094,2959,1908,1439,1200,1119,1279,1742,1883,2034,2108,2327,2333,2301,1944,1659,1490,1308,0,0
"Tinton Falls","Monmouth County","New Jersey",17898,17892,15053,12361,7740,8395,7313,3783,0,0,0,0,0,0,0,0,0,0,0,0,0,0,0,0
"Toms River Township","Ocean County","New Jersey",91250,91239,89706,76371,64455,43751,17414,7707,5165,3970,2198,2452,2618,2609,2439,3044,2378,2385,0,0,0,0,0,0
"Totowa","Passaic County","New Jersey",10937,10804,9892,10177,11448,11580,10897,6045,5130,4600,1864,1130,562,0,0,0,0,0,0,0,0,0,0,0
"Trenton","Mercer County","New Jersey",84034,84913,85403,88675,92124,104786,114167,128009,124697,123356,119289,96815,73307,57458,29910,22874,17228,6461,4035,3925,3942,3002,0,0
"Tuckerton","Ocean County","New Jersey",3396,3347,3517,3048,2472,1926,1536,1332,1320,1429,1106,1268,0,0,0,0,0,0,0,0,0,0,0,0
"Union Beach","Monmouth County","New Jersey",5700,6245,6649,6156,6354,6472,5862,3636,2076,1893,0,0,0,0,0,0,0,0,0,0,0,0,0,0
"Union City","Hudson County","New Jersey",68668,66455,67088,58012,55593,57305,52180,55537,56173,58659,60725,56426,15187,10643,5849,4640,0,0,0,0,0,0,0,0
"Union Township","Hunterdon County","New Jersey",5765,5908,6160,5078,3971,2351,1717,1557,1303,1152,834,930,918,1134,1167,1051,1217,0,0,0,0,0,0,0
"Union Township","Union County","New Jersey",57832,56642,54405,50024,50184,53077,51499,38004,24730,16472,3962,3419,4315,2846,2418,2314,1812,0,0,0,0,0,0,0
"Upper Deerfield Township","Cumberland County","New Jersey",7618,7660,7556,6927,6810,6648,6040,5203,2020,2051,0,0,0,0,0,0,0,0,0,0,0,0,0,0
"Upper Freehold Township","Monmouth County","New Jersey",6889,6902,4282,3277,2750,2551,2363,2193,1839,1867,1737,2053,2112,2861,3236,3640,2283,0,0,0,0,0,0,0
"Upper Pittsgrove Township","Salem County","New Jersey",3452,3505,3468,3140,3139,2884,2715,2204,1925,1899,1724,1754,1725,1923,2073,2087,2042,1656,0,0,0,0,0,0
"Upper Saddle River","Bergen County","New Jersey",8356,8208,7741,7198,7958,7949,3570,706,510,347,251,273,326,0,0,0,0,0,0,0,0,0,0,0
"Upper Township","Cape May County","New Jersey",12113,12373,12115,10681,6713,3413,2539,1922,1675,1657,1272,1483,1351,1381,1702,1483,1552,1341,1217,1067,2107,1664,0,0
"Ventnor City","Atlantic County","New Jersey",10597,10650,12910,11005,11704,10385,8688,8158,7905,6674,2193,491,0,0,0,0,0,0,0,0,0,0,0,0
"Vernon Township","Sussex County","New Jersey",22799,23943,24686,21211,16302,6059,2155,1548,1407,1279,1433,1675,1738,1756,1811,1979,2190,2619,2395,2380,2096,1708,0,0
"Verona Township","Essex County","New Jersey",13701,13332,13533,13597,14166,15067,13782,10921,8957,7161,3039,1675,0,0,0,0,0,0,0,0,0,0,0,0
"Victory Gardens","Morris County","New Jersey",1531,1520,1546,1314,1043,1027,1085,0,0,0,0,0,0,0,0,0,0,0,0,0,0,0,0,0
"Vineland","Cumberland County","New Jersey",61171,60724,56271,54780,53753,47399,37685,29573,24439,21603,16834,11717,4370,3822,2519,0,0,0,0,0,0,0,0,0
"Voorhees Township","Camden County","New Jersey",29023,29131,28126,24559,12919,6214,3784,1823,1450,1405,1305,1174,969,0,0,0,0,0,0,0,0,0,0,0
"Waldwick","Bergen County","New Jersey",9947,9625,9622,9757,10802,12313,10495,3963,2475,1728,1296,970,0,0,0,0,0,0,0,0,0,0,0,0
"Wall Township","Monmouth County","New Jersey",26032,26164,25261,20244,18952,16498,11929,7386,4383,3540,3324,3817,3212,3269,3829,2671,2283,0,0,0,0,0,0,0
"Wallington","Bergen County","New Jersey",11626,11335,11583,10828,10741,10284,9261,8910,8981,9063,5715,3448,1812,0,0,0,0,0,0,0,0,0,0,0
"Walpack Township","Sussex County","New Jersey",15,16,41,67,150,384,248,204,207,178,258,286,371,436,575,647,851,783,728,600,822,591,0,0
"Wanaque","Passaic County","New Jersey",11447,11116,10266,9711,10025,8636,7126,4222,3143,3119,2916,0,0,0,0,0,0,0,0,0,0,0,0,0
"Wantage Township","Sussex County","New Jersey",11154,11358,10387,9487,7268,4329,3308,2543,2376,2075,1898,2077,2217,2419,3361,3636,3682,3934,3908,4034,3307,2969,0,0
"Warren Township","Somerset County","New Jersey",15948,15311,14259,10830,9805,8592,5386,3316,2139,1399,1083,1036,1008,1045,1204,2705,2388,2148,1601,1561,1452,1354,0,0
"Washington","Warren County","New Jersey",6466,6461,6712,6474,6429,5943,5723,4802,4643,4410,3341,3567,3580,2834,2142,1880,0,0,0,0,0,0,0,0
"Washington Township","Bergen County","New Jersey",9308,9102,8938,9245,9550,10577,6654,1208,491,402,194,100,782,0,0,0,0,0,0,0,0,0,0,0
"Washington Township","Gloucester County","New Jersey",47841,48559,47114,41960,27878,15741,4923,2496,2048,2068,1460,1396,1252,1155,1366,0,0,0,0,0,0,0,0,0
"Washington Township","Burlington County","New Jersey",673,687,621,805,808,673,541,566,518,478,500,597,617,310,389,609,1723,2010,1630,1315,1225,1273,0,0
"Washington Township","Morris County","New Jersey",18706,18533,17592,15592,11402,6962,3330,2147,1870,1615,1779,1900,2220,2367,2681,2484,2504,2502,2451,2188,1876,1793,0,0
"Washington Township","Warren County","New Jersey",6482,6651,6248,5367,4243,3585,3055,1765,1320,1007,1002,1023,1249,1304,1452,2160,2634,1567,0,0,0,0,0,0
"Watchung","Somerset County","New Jersey",5863,5801,5613,5110,5290,4750,3312,1818,1158,906,0,0,0,0,0,0,0,0,0,0,0,0,0,0
"Waterford Township","Camden County","New Jersey",10732,10649,10494,10940,8126,4073,3809,2997,2750,2421,1917,1484,2161,2421,2149,2071,1955,1638,3467,3088,2447,2105,1629,0
"Wayne Township","Passaic County","New Jersey",55049,54717,54069,47025,46474,49141,29353,11822,6868,4469,2302,2281,1195,2004,1757,1521,1355,1162,0,0,0,0,0,0
"Weehawken Township","Hudson County","New Jersey",13870,12554,13501,12385,13168,13383,13504,14830,14363,14807,14485,11228,5325,1943,1102,597,280,0,0,0,0,0,0,0
"Wenonah","Gloucester County","New Jersey",2250,2278,2317,2331,2303,2364,2100,1511,1311,1245,918,645,498,383,166,0,0,0,0,0,0,0,0,0
"West Amwell Township","Hunterdon County","New Jersey",2800,3840,2383,2251,2299,2142,1683,1213,975,788,735,866,839,866,1039,1030,1089,,0,0,0,0,0,0
"West Caldwell Township","Essex County","New Jersey",11030,10759,11233,10422,11407,11913,8314,4666,3458,2911,1085,494,0,0,0,0,0,0,0,0,0,0,0,0
"West Cape May","Cape May County","New Jersey",1015,1024,1095,1026,1091,1005,1030,897,934,1048,967,844,696,757,0,0,0,0,0,0,0,0,0,0
"West Deptford Township","Gloucester County","New Jersey",21382,21677,19368,19380,18002,13928,11152,5446,4336,3956,1781,2057,1951,1588,1399,0,0,0,0,0,0,0,0,0
"West Long Branch","Monmouth County","New Jersey",8352,8097,8258,7690,7380,6845,5337,2739,2030,1686,966,879,0,0,0,0,0,0,0,0,0,0,0,0
"West Milford Township","Passaic County","New Jersey",26632,25850,26410,25430,22750,17304,8157,3650,2501,1901,1763,1967,2112,2486,2591,2660,2402,2624,2108,0,0,0,0,0
"West New York Town","Hudson County","New Jersey",52597,49708,45768,38125,39194,40627,35547,37683,39439,37107,29926,13560,5267,0,0,0,0,0,0,0,0,0,0,0
"West Orange Township","Essex County","New Jersey",46995,46207,44943,39103,39510,43715,39895,28605,25662,24327,15573,10980,6889,0,0,0,0,0,0,0,0,0,0,0
"West Wildwood","Cape May County","New Jersey",579,603,448,453,360,235,207,237,146,178,0,0,0,0,0,0,0,0,0,0,0,0,0,0
"West Windsor Township","Mercer County","New Jersey",28465,27165,21907,16021,8542,6431,4016,2519,2160,1711,1389,1342,1279,1329,1396,1428,1497,1596,1536,0,0,0,0,0
"Westampton Township","Burlington County","New Jersey",8741,8813,7217,6004,3383,2680,1114,716,573,491,478,564,567,688,715,1369,1313,1507,0,0,0,0,0,0
"Westfield Town","Union County","New Jersey",30890,30316,29644,28870,30447,33720,31447,21243,18458,15801,9063,6420,0,0,0,0,0,0,0,0,0,0,0,0
"Westville","Gloucester County","New Jersey",4224,4288,4500,4573,4786,5170,4951,4731,3585,3462,2380,0,0,0,0,0,0,0,0,0,0,0,0,0
"Westwood","Bergen County","New Jersey",11149,10908,10999,10446,10714,11105,9046,6766,5388,4861,2597,1870,828,0,0,0,0,0,0,0,0,0,0,0
"Weymouth Township","Atlantic County","New Jersey",2711,2715,2257,1957,1260,998,788,750,675,685,1166,899,972,538,741,810,823,1032,1158,1270,787,1029,0,0
"Wharton","Morris County","New Jersey",6612,6522,6298,5405,5485,5535,5006,3853,3854,3683,2877,2983,2069,0,0,0,0,0,0,0,0,0,0,0
"White Township","Warren County","New Jersey",4769,4882,4245,3603,2748,2326,1832,1536,1335,1200,1161,0,0,0,0,0,0,0,0,0,0,0,0,0
"Wildwood","Cape May County","New Jersey",5185,5325,5436,4484,4913,4110,4690,5475,5150,5330,2790,2799,150,0,0,0,0,0,0,0,0,0,0,0
"Wildwood Crest","Cape May County","New Jersey",3198,3270,3980,3631,4149,3483,3011,1772,661,738,161,103,0,0,0,0,0,0,0,0,0,0,0,0
"Willingboro Township","Burlington County","New Jersey",31804,31629,33008,36291,39912,43386,11861,852,642,613,601,562,673,739,743,750,643,1596,0,0,0,0,0,0
"Winfield Township","Union County","New Jersey",1502,1471,1514,1576,1785,2184,2458,2719,0,0,0,0,0,0,0,0,0,0,0,0,0,0,0,0
"Winslow Township","Camden County","New Jersey",38895,39499,34611,30087,20034,11202,9142,5102,4866,4744,3379,2919,2392,2408,2158,2050,1800,1540,0,0,0,0,0,0
"Wood-Ridge","Bergen County","New Jersey",8450,7626,7644,7506,7929,8311,7964,6283,5739,5159,1923,1043,582,575,348,0,0,0,0,0,0,0,0,0
"Woodbine","Cape May County","New Jersey",2439,2472,2716,2678,2809,2625,2823,2417,2111,2164,1406,2399,0,0,0,0,0,0,0,0,0,0,0,0
"Woodbridge Township","Middlesex County","New Jersey",100824,99585,97203,93086,90074,98944,78846,35758,27191,25266,13423,8948,7631,4665,4099,3717,3987,5141,4821,3969,4226,4247,0,3520
"Woodbury","Gloucester County","New Jersey",10016,10174,10307,10904,10353,12408,12453,10931,8306,8172,5801,4642,4087,3911,2298,1965,1534,0,0,0,0,0,0,0
"Woodbury Heights","Gloucester County","New Jersey",3008,3055,2988,3392,3460,3621,1723,1373,1137,997,481,0,0,0,0,0,0,0,0,0,0,0,0,0
"Woodcliff Lake","Bergen County","New Jersey",5870,5730,5745,5303,5644,5506,2742,1420,1037,871,587,470,329,0,0,0,0,0,0,0,0,0,0,0
"Woodland Park","Passaic County","New Jersey",12403,11819,10987,10982,11293,11692,7602,3931,3306,3101,1858,0,0,0,0,0,0,0,0,0,0,0,0,0
"Woodland Township","Burlington County","New Jersey",1795,1788,1170,2063,2285,2032,1904,1524,1374,970,548,475,398,327,325,389,0,0,0,0,0,0,0,0
"Woodlynne","Camden County","New Jersey",2938,2978,2796,2547,2578,3101,3128,2776,2861,2878,1515,500,0,0,0,0,0,0,0,0,0,0,0,0
"Woodstown","Salem County","New Jersey",3454,3505,3136,3154,3250,3137,2942,2345,2027,1832,1589,1613,1371,1516,490,0,0,0,0,0,0,0,0,0
"Woolwich Township","Gloucester County","New Jersey",11783,10200,3032,1459,1129,1147,1235,1343,1193,1196,973,1136,2291,2035,1974,3760,3478,3265,3676,3033,3113,3063,2768,0
"Wrightstown","Burlington County","New Jersey",795,802,748,3843,3031,2719,4846,1199,241,176,270,0,0,0,0,0,0,0,0,0,0,0,0,0
"Wyckoff Township","Bergen County","New Jersey",17039,16696,16508,15372,15500,16039,11205,5590,3847,3001,1671,1954,0,0,0,0,0,0,0,0,0,0,0,0
