"NAME","County","STATE",2014,2010,2000,1990,1980,1970,1960,1950,1940,1930,1920,1910,1900,1890,1880,1870,1860,1850,1840,1830,1820,1810,1800,1790
"Adams village","Jefferson County","New York",1839,1775,1624,1753,1701,1951,1914,1762,1594,1613,1557,1458,1292,1360,1250,1352,1268,600,0,0,0,0,0,0
"Addison village","Steuben County","New York",1730,1763,1797,1842,2028,2104,2185,1920,1617,1538,1699,2004,2080,2166,1596,0,0,0,0,0,0,0,0,0
"Afton village","Chenango County","New York",818,822,836,838,982,1064,956,875,806,812,782,729,722,683,734,457,270,0,0,0,0,0,0,0
"Airmont village","Rockland County","New York",8878,8628,7799,0,0,0,0,0,0,0,0,0,0,0,0,0,0,0,0,0,0,0,0,0
"Akron village","Erie County","New York",2855,2868,3085,2906,2971,2863,2841,2481,2263,2188,1960,1677,1585,1492,1036,444,462,0,0,0,0,0,0,0
"Albany city","Albany County","New York",98566,97856,95658,101082,101727,115781,129726,134995,130577,127412,113344,100253,94151,94923,90758,69422,62367,50763,33721,24209,12630,10762,5289,3498
"Albion village","Orleans County","New York",6007,6056,7438,5863,4897,5122,5182,4850,4660,4878,4683,5016,4477,4586,0,3322,2970,2251,0,0,0,0,0,0
"Alden village","Erie County","New York",2599,2605,2666,2457,2488,2651,2042,1252,954,846,755,828,607,533,521,0,285,150,0,0,0,0,0,0
"Alexander village","Genesee County","New York",500,509,481,445,483,474,335,304,265,212,194,212,230,0,305,0,345,0,0,0,0,0,0,0
"Alexandria Bay village","Jefferson County","New York",1101,1078,1088,1194,1265,1440,1583,1688,1748,1952,1649,1899,1511,1123,587,0,120,0,0,0,0,0,0,0
"Alfred village","Allegany County","New York",4028,4174,3954,4559,4967,3804,2807,2053,694,639,598,759,756,786,513,0,177,0,0,0,0,0,0,0
"Allegany village","Cattaraugus County","New York",1767,1816,1883,1980,2078,2050,2064,1738,1436,1411,1350,1286,0,0,1049,746,350,50,0,0,0,0,0,0
"Almond village","Allegany/Steuben County","New York",451,466,461,458,568,658,696,659,533,438,0,0,0,0,0,0,0,0,0,0,0,0,0,0
"Altamont village","Albany County","New York",1725,1720,1737,1519,1292,1561,1365,1127,890,858,797,674,689,0,0,0,0,0,0,0,0,0,0,0
"Altmar village","Oswego County","New York",393,407,351,336,347,448,277,299,304,378,315,363,416,551,753,0,0,0,0,0,0,0,0,0
"Ames village","Montgomery County","New York",143,145,173,166,224,198,162,193,180,170,0,0,0,0,148,150,0,0,0,0,0,0,0,0
"Amityville village","Suffolk County","New York",9522,9523,9441,9286,9076,9794,8318,6164,5058,4437,3265,2517,2038,2293,1063,500,204,0,0,0,0,0,0,0
"Amsterdam city","Montgomery County","New York",18135,18620,18355,20714,21872,25524,28772,32240,33329,34817,33524,31267,20929,17336,9466,5426,2044,2000,1700,0,0,0,0,0
"Andover village","Allegany County","New York",1017,1042,1073,1125,1120,1214,1247,1351,1290,1241,1132,1136,954,0,794,0,374,500,150,0,0,0,0,0
"Angelica village","Allegany County","New York",845,869,903,963,982,948,898,928,928,838,972,1056,978,953,705,991,846,1200,900,0,0,0,0,0
"Angola village","Erie County","New York",2120,2127,2266,2231,2292,2676,2499,1936,1663,1543,1367,898,712,650,508,600,225,0,0,0,0,0,0,0
"Antwerp village","Jefferson County","New York",700,686,716,739,749,872,881,846,817,868,1012,974,929,912,731,773,621,250,300,0,0,0,0,0
"Arcade village","Wyoming County","New York",2003,2071,2026,2081,2052,1972,1930,1818,1683,1643,1609,1294,887,0,762,573,637,300,300,0,0,0,0,0
"Ardsley village","Westchester County","New York",4555,4452,4269,4272,4183,4470,3991,1744,1423,1135,730,537,404,0,0,0,0,0,0,0,0,0,0,0
"Argyle village","Washington County","New York",297,306,289,295,320,392,355,351,226,245,198,231,264,158,316,351,375,0,500,0,0,0,0,0
"Arkport village","Steuben County","New York",829,844,832,770,811,984,837,701,618,575,463,0,0,0,0,0,250,0,175,0,0,0,0,0
"Asharoken village","Suffolk County","New York",654,654,625,807,635,540,253,116,48,98,0,0,0,0,0,0,0,0,0,0,0,0,0,0
"Athens village","Greene County","New York",1620,1668,1695,1708,1738,1718,1754,1545,1655,1618,1844,1956,2171,2024,2106,1793,1747,1400,1300,1000,0,1000,0,0
"Atlantic Beach village","Nassau County","New York",1910,1891,1986,1933,1775,1640,0,0,0,0,0,0,0,0,0,0,0,0,0,0,0,0,0,0
"Attica village","Wyoming County","New York",2493,2547,2597,2630,2659,2911,2758,2676,2379,2212,2015,1869,1785,1994,1935,1333,1098,600,800,0,0,0,0,0
"Auburn city","Cayuga County","New York",27019,27687,28574,31258,32548,34599,35249,36722,35753,36652,36192,34668,30345,25858,21924,17225,10986,9548,5626,4486,2333,500,0,0
"Aurora village","Cayuga County","New York",773,724,720,687,926,1072,834,711,372,389,416,493,499,555,444,450,459,600,500,0,0,0,0,0
"Avoca village","Steuben County","New York",930,946,1008,1033,1144,1153,1086,951,1006,940,1019,1057,1006,953,547,492,301,300,200,0,0,0,0,0
"Avon village","Livingston County","New York",3318,3394,2977,2995,3006,3260,2772,2412,2339,2403,2585,2053,1601,1653,1617,900,879,500,600,0,0,0,0,0
"Babylon village","Suffolk County","New York",12172,12166,12615,12249,12388,12897,11062,6015,4742,4342,2523,2600,2157,0,2142,1225,470,300,250,0,0,0,0,0
"Bainbridge village","Chenango County","New York",1337,1355,1365,1550,1603,1674,1712,1505,1450,1324,1259,1159,1092,1049,781,681,320,0,500,0,0,0,0,0
"Baldwinsville village","Onondaga County","New York",7681,7378,7053,6591,6446,6298,5985,4495,3840,3845,3685,3099,2992,3040,2121,2130,1675,1200,1000,0,0,0,0,0
"Ballston Spa village","Saratoga County","New York",5393,5409,5556,4937,4711,4968,4991,4937,4434,4591,4103,4138,3923,3527,3011,2970,2285,2000,1500,0,0,500,0,0
"Barker village","Niagara County","New York",516,533,577,569,535,567,528,523,452,410,431,441,0,0,0,0,0,0,0,0,0,0,0,0
"Barneveld village","Oneida County","New York",283,284,332,272,396,423,363,331,296,313,269,289,298,284,289,294,0,0,0,0,0,0,0,0
"Batavia city","Genesee County","New York",15077,15465,16256,16310,16703,17338,18210,17799,17267,17375,13541,11613,9180,7221,4845,3890,2868,3000,2000,1671,0,100,0,0
"Bath village","Steuben County","New York",5687,5786,5641,5801,6042,6053,6166,5416,4696,4015,3720,3884,4994,3261,3183,1465,2012,2500,1400,1000,0,453,0,0
"Baxter Estates village","Nassau County","New York",1012,999,1006,961,911,1026,932,862,760,0,0,0,0,0,0,0,0,0,0,0,0,0,0,0
"Bayville village","Nassau County","New York",6748,6669,7135,7193,7034,6147,3962,1981,1516,1042,0,0,0,0,0,0,0,0,0,0,0,0,0,0
"Beacon city","Dutchess County","New York",14238,15541,13808,13243,12937,13255,13922,14012,12572,11933,10996,0,0,0,0,0,0,0,0,0,0,0,0,0
"Bellerose village","Nassau County","New York",1201,1193,1173,1101,1187,1136,1083,1134,1317,1202,0,0,0,0,0,0,0,0,0,0,0,0,0,0
"Belle Terre village","Suffolk County","New York",795,792,832,839,826,678,295,120,89,0,0,0,0,0,0,0,0,0,0,0,0,0,0,0
"Bellport village","Suffolk County","New York",2083,2084,2363,2572,2809,3046,2461,1449,650,633,614,419,0,0,297,0,0,0,0,0,0,0,0,0
"Belmont village","Allegany County","New York",947,969,952,1006,1024,1102,1146,1211,1146,1085,1021,1094,1190,950,804,795,0,0,0,0,0,0,0,0
"Bemus Point village","Chautauqua County","New York",360,364,340,383,444,487,443,424,290,280,227,0,0,0,0,0,0,0,0,0,0,0,0,0
"Bergen village","Genesee County","New York",1150,1176,1240,1103,976,1018,964,786,658,724,576,637,624,623,675,0,150,250,0,0,0,0,0,0
"Binghamton city","Broome County","New York",46299,47376,47380,53008,55860,64123,75941,80674,78309,76662,66800,48443,39647,35005,17317,12692,8325,6000,2800,1203,0,0,0,0
"Black River village","Jefferson County","New York",1361,1348,1285,1349,1384,1307,1237,1062,897,928,937,916,949,0,195,181,250,0,0,0,0,0,0,0
"Blasdell village","Erie County","New York",2590,2553,2718,2900,3288,3910,3909,3127,2322,2015,1401,849,415,0,0,0,0,0,0,0,0,0,0,0
"Bloomfield village","Ontario County","New York",1335,1361,1267,0,0,0,0,0,0,0,0,0,0,0,0,0,0,0,0,0,0,0,0,0
"Bloomingburg village","Sullivan County","New York",420,420,353,316,338,323,303,263,197,215,0,0,0,0,0,0,0,0,0,0,0,0,0,0
"Bolivar village","Allegany County","New York",1015,1047,1173,1261,1345,1379,1405,1490,1344,1725,1146,1318,1208,0,0,0,157,100,0,0,0,0,0,0
"Boonville village","Oneida County","New York",2053,2072,2138,2220,2344,2488,2403,2329,2076,2090,1914,1794,1745,1613,1677,1418,1240,700,600,0,0,0,0,0
"Brewster village","Putnam County","New York",2347,2390,2162,1566,1650,1638,1714,1810,1863,1664,859,1296,1192,0,0,0,176,0,0,0,0,0,0,0
"Briarcliff Manor village","Westchester County","New York",7991,7867,7696,7070,7115,6521,5105,2494,1830,1794,1027,950,0,0,0,0,0,0,0,0,0,0,0,0
"Bridgewater village","Oneida County","New York",458,470,579,537,578,601,373,309,238,228,232,245,269,0,224,230,306,0,350,0,0,0,0,0
"Brightwaters village","Suffolk County","New York",3101,3103,3248,3265,3286,3808,3193,2336,1562,1061,250,0,0,0,0,0,0,0,0,0,0,0,0,0
"Broadalbin village","Fulton County","New York",1309,1327,1411,1397,1415,1452,1438,1400,1399,1341,0,0,0,708,0,0,0,0,0,0,0,0,0,0
"Brockport village","Monroe County","New York",8377,8366,8103,8749,9776,7878,5256,4748,3590,3611,2980,3579,3398,3742,4039,2817,2143,1500,1249,792,0,0,0,0
"Brocton village","Chautauqua County","New York",1445,1486,1547,1387,1416,1370,1416,1380,1293,1301,1383,1181,900,812,288,329,0,0,0,0,0,0,0,0
"Bronxville village","Westchester County","New York",6418,6323,6543,6028,6267,6674,6744,6778,6888,6387,3055,1863,579,0,395,0,0,0,0,0,0,0,0,0
"Brookville village","Nassau County","New York",3547,3465,2126,3716,3290,3212,1468,337,204,0,0,0,0,0,0,0,0,0,0,0,0,0,0,0
"Brownville village","Jefferson County","New York",1150,1119,1022,1138,1099,1187,1082,1013,907,842,976,854,767,666,409,450,621,900,1000,0,0,400,0,0
"Brushton village","Franklin County","New York",465,474,479,522,577,547,553,516,487,470,0,0,0,598,328,0,0,0,0,0,0,0,0,0
"Buchanan village","Westchester County","New York",2262,2230,2189,1970,2041,2110,2019,1820,1600,1346,0,0,0,0,0,0,0,0,0,0,0,0,0,0
"Buffalo city","Erie County","New York",258703,261310,292648,328123,357870,462768,532759,580132,575901,573076,506775,423715,352387,255664,155134,117714,81129,42261,18213,8658,2095,1538,0,0
"Burdett village","Schuyler County","New York",330,340,357,372,410,454,420,432,408,310,380,382,409,0,0,0,360,0,0,0,0,0,0,0
"Burke village","Franklin County","New York",213,211,213,209,226,237,273,316,344,325,0,0,0,0,0,0,0,0,0,0,0,0,0,0
"Caledonia village","Livingston County","New York",2145,2201,2327,2262,2188,2327,1917,1683,1226,1487,1170,1290,1073,0,0,597,623,500,450,0,0,0,0,0
"Cambridge village","Washington County","New York",1835,1870,1925,1906,1820,1769,1748,1692,1572,1762,1559,1528,1578,1598,1482,1530,500,0,700,0,0,0,0,0
"Camden village","Oneida County","New York",2208,2231,2330,2552,2667,2936,2694,2407,2021,1912,1941,2170,2370,1902,1589,1703,862,0,700,0,0,0,0,0
"Camillus village","Onondaga County","New York",1235,1213,1249,1150,1298,1534,1416,1225,1133,1036,808,763,567,487,477,598,552,0,500,0,0,0,0,0
"Canajoharie village","Montgomery County","New York",2173,2229,2257,2278,2412,2686,2681,2761,2577,2519,2415,2273,2101,2089,2013,1822,1500,2000,1146,0,0,0,0,0
"Canandaigua city","Ontario County","New York",10488,10545,11264,10725,10419,10488,9370,8332,8321,7541,7299,7217,6151,5868,5726,4862,4822,3200,2790,1830,0,450,0,0
"Canaseraga village","Allegany County","New York",529,550,594,684,700,750,730,693,698,620,651,754,685,659,791,0,0,0,0,0,0,0,0,0
"Canastota village","Madison County","New York",4705,4804,4425,4673,4773,5033,4896,4458,4150,4235,3995,3247,3030,2774,1569,1492,1081,900,800,0,0,0,0,0
"Candor village","Tioga County","New York",822,851,855,869,917,939,956,802,661,669,699,737,0,0,0,0,350,300,300,0,0,0,0,0
"Canisteo village","Steuben County","New York",2224,2270,2336,2421,2679,2772,2731,2625,2550,2548,2201,2259,2077,2071,1907,0,300,0,0,0,0,0,0,0
"Canton village","St. Lawrence County","New York",6601,6314,5882,6379,7055,6398,5046,4379,3018,2822,2522,2701,2757,2580,2049,1681,1560,1000,800,0,0,0,0,0
"Cape Vincent village","Jefferson County","New York",746,726,760,683,785,820,770,812,931,898,913,1155,1310,1324,1361,1269,1026,0,500,0,0,0,0,0
"Carthage village","Jefferson County","New York",3655,3747,3721,4344,3643,3889,4216,4420,4207,4460,4320,3563,2895,2278,1912,0,1500,700,600,0,0,0,0,0
"Cassadaga village","Chautauqua County","New York",616,634,676,768,821,905,820,676,514,480,0,0,0,0,0,225,151,0,0,0,0,0,0,0
"Castile village","Wyoming County","New York",989,1015,1051,1078,1135,1330,1146,1072,902,900,1013,1040,1088,1146,965,712,0,0,0,0,0,0,0,0
"Castleton-on-Hudson village","Rensselaer County","New York",1462,1473,1619,1491,1627,1730,1752,1751,1515,1506,1595,1396,1214,1127,912,580,0,0,0,0,0,0,0,0
"Castorland village","Lewis County","New York",352,351,306,292,277,327,321,308,309,315,0,0,0,0,0,0,0,0,0,0,0,0,0,0
"Cato village","Cayuga County","New York",526,532,601,581,475,601,476,431,412,403,404,374,350,0,313,0,0,0,0,0,0,0,0,0
"Catskill village","Greene County","New York",3898,4081,4392,4690,4718,5317,5825,5392,5429,5082,4728,5296,5484,4920,4320,3701,0,0,0,0,0,0,0,0
"Cattaraugus village","Cattaraugus County","New York",978,1002,1075,1100,1200,1200,1258,1190,1145,1236,1347,1165,1382,878,705,0,0,0,0,0,0,0,0,0
"Cayuga village","Cayuga County","New York",534,549,509,556,604,693,621,534,472,344,300,348,390,511,484,435,0,0,0,0,0,0,0,0
"Cayuga Heights village","Tompkins County","New York",3788,3729,3273,3457,3170,3130,2788,1131,651,507,179,0,0,0,0,0,0,0,0,0,0,0,0,0
"Cazenovia village","Madison County","New York",2826,2835,2614,3007,2599,3031,2584,1946,1689,1788,1683,1861,1819,1987,1918,1718,1632,0,0,0,0,0,0,0
"Cedarhurst village","Nassau County","New York",6672,6592,6164,5716,6162,6941,6954,6051,5463,5065,2838,0,0,0,0,0,0,0,0,0,0,0,0,0
"Celoron village","Chautauqua County","New York",1082,1112,1295,1232,1405,1456,1507,1555,1349,1182,757,619,506,0,0,0,0,0,0,0,0,0,0,0
"Central Square village","Oswego County","New York",1823,1848,1646,1671,1418,1298,935,665,568,542,448,429,364,0,309,359,0,0,0,0,0,0,0,0
"Centre Island village","Nassau County","New York",410,410,444,439,378,374,270,199,134,139,0,0,0,0,0,0,0,0,0,0,0,0,0,0
"Champlain village","Clinton County","New York",1082,1101,1173,1273,1410,1426,1549,1505,1354,1197,1140,1280,1311,1275,1509,1850,0,0,0,0,0,0,0,0
"Chateaugay village","Franklin County","New York",824,833,798,845,869,976,1097,1234,1183,1169,1291,1045,973,1172,680,0,0,0,0,0,0,0,0,0
"Chatham village","Columbia County","New York",1717,1770,1758,1920,2001,2239,2426,2304,2254,2424,2710,2251,2018,1912,1765,1387,0,0,0,0,0,0,0,0
"Chaumont village","Jefferson County","New York",625,624,592,593,620,567,523,513,534,596,595,708,738,623,479,370,0,0,0,0,0,0,0,0
"Cherry Creek village","Chautauqua County","New York",445,461,551,539,677,658,649,631,529,539,527,606,701,676,448,0,0,0,0,0,0,0,0,0
"Cherry Valley village","Otsego County","New York",509,520,592,617,684,661,668,760,704,707,728,792,772,685,856,930,0,0,0,0,0,0,0,0
"Chester village","Orange County","New York",3915,3969,3445,3270,1910,1627,1492,1215,1140,1154,1049,1210,1250,0,0,686,0,0,0,0,0,0,0,0
"Chestnut Ridge village","Rockland County","New York",8140,7916,7829,7517,0,0,0,0,0,0,0,0,0,0,0,0,0,0,0,0,0,0,0,0
"Chittenango village","Madison County","New York",5016,5081,4855,4734,4290,3605,3180,1307,885,815,650,678,787,792,954,968,0,0,0,0,0,0,0,0
"Churchville village","Monroe County","New York",1988,1961,1887,1731,1399,1065,1003,755,601,652,513,565,505,493,513,0,0,0,0,0,0,0,0,0
"Clayton village","Jefferson County","New York",1994,1978,1821,2160,1816,1970,1996,1981,1999,1940,1849,1941,1913,1748,1621,1020,0,0,0,0,0,0,0,0
"Clayville village","Oneida County","New York",341,350,445,463,478,535,686,719,711,801,990,649,568,843,847,944,0,0,0,0,0,0,0,0
"Cleveland village","Oswego County","New York",742,750,758,784,855,821,732,555,440,416,541,687,689,839,724,895,902,0,0,0,0,0,0,0
"Clifton Springs village","Ontario County","New York",2102,2127,2223,2175,2039,2058,1953,1838,1413,1819,1628,1600,1617,1297,902,746,0,0,0,0,0,0,0,0
"Clinton village","Oneida County","New York",1908,1942,1952,2238,2107,2271,1855,1630,1478,1475,1270,1236,1340,1269,1236,1640,0,0,0,0,0,0,0,0
"Clyde village","Wayne County","New York",2017,2093,2269,2409,2491,2828,2693,2492,2356,2374,2528,2695,2507,2638,2826,2735,0,0,0,0,0,0,0,0
"Cobleskill village","Schoharie County","New York",4533,4678,4533,5268,5272,4368,3471,3208,2617,2594,2410,2088,2327,1822,1232,1030,0,0,0,0,0,0,0,0
"Cohocton village","Steuben County","New York",825,838,854,859,902,897,929,943,931,860,843,838,879,0,0,0,0,0,0,0,0,0,0,0
"Cohoes city","Albany County","New York",16212,16168,15521,16825,18144,18653,20129,21272,21955,23226,22987,24709,23910,22509,19416,15357,8800,4229,0,0,0,0,0,0
"Cold Brook village","Herkimer County","New York",326,329,336,310,402,413,372,342,271,288,261,358,0,0,0,0,0,0,0,0,0,0,0,0
"Cold Spring village","Putnam County","New York",1977,2013,1983,1998,2161,2083,2083,1788,1897,1784,1433,2549,2067,0,2111,3086,2770,0,0,0,0,0,0,0
"Colonie village","Albany County","New York",7913,7793,7916,8019,8869,8701,6992,2068,1407,1176,0,0,0,0,0,0,0,0,0,0,0,0,0,0
"Constableville village","Lewis County","New York",242,242,305,307,330,347,439,378,340,348,380,407,450,0,593,712,0,0,0,0,0,0,0,0
"Cooperstown village","Otsego County","New York",1812,1852,2032,2180,2342,2403,2553,2727,2599,2909,2725,2484,2368,2657,2199,0,1597,0,0,0,0,0,0,0
"Copenhagen village","Lewis County","New York",807,801,865,876,656,734,673,690,608,539,554,585,587,777,702,575,0,0,0,0,0,0,0,0
"Corfu village","Genesee County","New York",723,709,795,755,689,722,616,542,462,418,458,413,401,398,353,0,0,0,0,0,0,0,0,0
"Corinth village","Saratoga County","New York",2521,2559,2474,2760,2702,3267,3193,3161,3054,2613,2576,2166,2039,1222,510,0,0,0,0,0,0,0,0,0
"Corning city","Steuben County","New York",10993,11183,10842,11938,12953,15792,17085,17684,16212,15777,15820,13730,11061,8550,4802,4018,0,0,0,0,0,0,0,0
"Cornwall-on-Hudson village","Orange County","New York",2972,3018,3058,3093,3164,3131,2785,2211,1978,1910,1755,2658,1966,760,0,0,0,0,0,0,0,0,0,0
"Cortland city","Cortland County","New York",19164,19204,18740,19801,20138,19621,19181,18152,15881,15043,13294,11504,9014,8590,4050,3066,0,0,0,0,0,0,0,0
"Cove Neck village","Nassau County","New York",297,286,300,332,331,344,299,200,130,276,0,0,0,0,0,0,0,0,0,0,0,0,0,0
"Coxsackie village","Greene County","New York",2720,2813,2895,2789,2786,2399,2849,2722,2352,2195,2121,2494,2735,1611,1661,0,0,0,0,0,0,0,0,0
"Croghan village","Lewis County","New York",623,618,665,664,703,765,821,772,801,732,646,621,0,0,445,0,0,0,0,0,0,0,0,0
"Croton-on-Hudson village","Westchester County","New York",8235,8070,7606,7018,6889,7523,6812,4837,3843,2447,2286,1806,1533,0,0,0,0,0,0,0,0,0,0,0
"Cuba village","Allegany County","New York",1538,1575,1633,1690,1739,1735,1949,1783,1699,1422,1611,1556,1502,1386,1251,0,0,0,0,0,0,0,0,0
"Dannemora village","Clinton County","New York",3822,3936,4129,4005,3770,3735,4835,4122,4830,3348,2623,1146,0,0,577,0,0,0,0,0,0,0,0,0
"Dansville village","Livingston County","New York",4573,4719,4832,5002,4979,5436,5460,5253,4976,4928,4631,3938,3633,3758,3625,3387,0,0,0,0,0,0,0,0
"Deferiet village","Jefferson County","New York",297,294,309,293,326,347,470,616,620,739,0,0,0,0,0,0,0,0,0,0,0,0,0,0
"Delanson village","Schenectady County","New York",380,377,385,361,448,508,398,430,326,372,0,0,0,0,0,0,0,0,0,0,0,0,0,0
"Delevan village","Cattaraugus County","New York",1065,1089,1089,1214,1113,994,777,611,554,558,547,0,0,0,0,0,0,0,0,0,0,0,0,0
"Delhi village","Delaware County","New York",3074,3087,2583,3064,3374,3017,2307,2223,1841,1840,1669,1736,2078,1564,1384,1223,1201,0,0,0,0,0,0,0
"Depew village","Erie County","New York",15205,15303,16629,17673,19819,22158,13580,7217,6084,6536,5850,3921,3379,0,0,0,0,0,0,0,0,0,0,0
"Deposit village","Broome/Delaware County","New York",1614,1663,1699,1936,1897,2061,2025,2016,2028,1887,1943,1864,2051,1530,1419,1286,0,0,0,0,0,0,0,0
"Dering Harbor village","Suffolk County","New York",11,11,13,28,16,24,19,4,34,39,3,0,0,0,0,0,0,0,0,0,0,0,0,0
"DeRuyter village","Madison County","New York",545,558,531,568,542,643,627,561,526,466,519,538,623,667,586,605,0,0,0,0,0,0,0,0
"Dexter village","Jefferson County","New York",1102,1052,1120,1030,1053,1061,1009,1038,1109,1020,1164,1005,945,737,487,0,0,0,0,0,0,0,0,0
"Dobbs Ferry village","Westchester County","New York",11098,10875,10622,9940,10053,10353,9260,6268,5983,5741,4401,3455,2888,2083,0,0,0,0,0,0,0,0,0,0
"Dolgeville village","Herkimer/Fulton County","New York",2155,2206,2166,2452,2602,2872,3058,3204,3195,3309,3448,2685,1915,0,0,0,0,0,0,0,0,0,0,0
"Dresden village","Yates County","New York",302,308,307,339,378,450,437,373,257,276,295,345,306,348,366,0,0,0,0,0,0,0,0,0
"Dryden village","Tompkins County","New York",2095,1890,1832,1908,1761,1490,1263,976,747,666,707,709,699,663,779,672,0,0,0,0,0,0,0,0
"Dundee village","Yates County","New York",1679,1725,1690,1588,1556,1539,1468,1165,1168,1086,1143,1228,1291,1200,1025,730,733,0,0,0,0,0,0,0
"Dunkirk city","Chautauqua County","New York",12216,12563,13131,13989,15310,16855,18205,18007,17713,17802,19336,17221,11616,9416,7248,5231,0,0,0,0,0,0,0,0
"Earlville village","Chenango/Madison County","New York",843,872,791,883,985,1050,1004,945,864,868,792,874,711,536,293,399,0,0,0,0,0,0,0,0
"East Aurora village","Erie County","New York",6264,6236,6673,6647,6803,7033,6791,5962,5253,4815,3703,2781,2366,1582,1109,0,0,0,0,0,0,0,0,0
"East Hampton village","Suffolk County","New York",1113,1083,1334,1402,1886,1753,1772,1737,1756,1934,0,0,0,0,807,0,0,0,0,0,0,0,0,0
"East Hills village","Nassau County","New York",7093,6955,6842,6746,7160,8624,7184,2547,343,0,0,0,0,0,0,0,0,0,0,0,0,0,0,0
"East Nassau village","Rensselaer County","New York",575,587,571,0,0,0,0,0,0,0,0,0,0,0,88,192,0,0,0,0,0,0,0,0
"East Rochester village","Monroe County","New York",6699,6587,6650,6932,7596,8347,8152,7022,6691,6627,3901,2398,0,0,0,0,0,0,0,0,0,0,0,0
"East Rockaway village","Nassau County","New York",9896,9818,10414,10152,10917,11795,10721,7970,5610,4340,2005,1200,739,0,509,0,0,0,0,0,0,0,0,0
"East Syracuse village","Onondaga County","New York",3025,3084,3178,3343,3412,4333,4708,4706,4520,4646,4106,3274,2509,2231,1099,0,0,0,0,0,0,0,0,0
"East Williston village","Nassau County","New York",2577,2556,2503,2515,2708,2808,2940,1734,1152,493,0,0,0,0,0,0,0,0,0,0,0,0,0,0
"Elba village","Genesee County","New York",664,676,696,703,750,752,739,569,614,562,577,351,395,428,0,0,0,0,0,0,0,0,0,0
"Elbridge village","Onondaga County","New York",1040,1058,1103,1219,1099,1040,828,586,497,452,382,462,549,693,516,463,544,0,0,0,0,0,0,0
"Ellenville village","Ulster County","New York",4096,4135,4130,4243,4405,4482,5003,4225,4000,3280,3116,3114,2879,2881,2750,0,0,0,0,0,0,0,0,0
"Ellicottville village","Cattaraugus County","New York",387,376,472,513,713,955,1150,1073,1024,978,950,985,886,852,748,579,0,0,0,0,0,0,0,0
"Ellisburg village","Jefferson County","New York",249,244,269,246,307,337,328,285,253,253,275,702,292,336,222,0,0,0,0,0,0,0,0,0
"Elmira city","Chemung County","New York",28647,29200,30940,33724,35327,39945,46517,49716,45106,47397,45993,37176,35672,30893,20541,15863,0,0,0,0,0,0,0,0
"Elmira Heights village","Chemung County","New York",4008,4097,4170,4359,4279,4906,5157,5009,4829,5061,4188,2732,1763,0,0,0,0,0,0,0,0,0,0,0
"Elmsford village","Westchester County","New York",4776,4664,4676,3938,3361,3911,3795,3147,3078,2935,1535,0,0,0,0,0,0,0,0,0,0,0,0,0
"Endicott village","Broome County","New York",13083,13392,13038,13531,14457,16556,18775,20050,17702,16231,9500,2408,0,0,0,0,0,0,0,0,0,0,0,0
"Esperance village","Schoharie County","New York",334,345,380,324,374,408,314,322,219,233,219,263,290,274,341,0,0,0,0,0,0,0,0,0
"Evans Mills village","Jefferson County","New York",611,621,605,661,651,714,618,518,523,514,0,0,0,0,578,0,0,0,0,0,0,0,0,0
"Fabius village","Onondaga County","New York",349,352,355,310,367,374,378,369,308,267,240,344,387,312,405,378,0,0,0,0,0,0,0,0
"Fair Haven village","Cayuga County","New York",736,745,884,895,976,859,764,628,471,562,552,571,610,738,621,532,0,0,0,0,0,0,0,0
"Fairport village","Monroe County","New York",5372,5353,5740,5943,5970,6474,5507,5267,4644,4604,4626,3112,2489,2552,1920,0,0,0,0,0,0,0,0,0
"Falconer village","Chautauqua County","New York",2348,2420,2540,2653,2778,2983,3343,3292,3222,3579,2742,2141,1136,574,0,0,0,0,0,0,0,0,0,0
"Farmingdale village","Nassau County","New York",8619,8189,8399,8022,7946,9297,6128,4492,3524,3373,2091,1567,0,0,524,0,0,0,0,0,0,0,0,0
"Farnham village","Erie County","New York",373,382,322,427,404,546,422,396,388,453,516,540,262,0,0,0,0,0,0,0,0,0,0,0
"Fayetteville village","Onondaga County","New York",4324,4373,4190,4248,4709,4996,4311,2624,2172,2008,1584,1481,1304,1410,1556,1402,1281,0,0,0,0,0,0,0
"Fishkill village","Dutchess County","New York",2143,2171,1735,1957,1555,913,1033,841,720,553,479,516,589,745,682,737,0,0,0,0,0,0,0,0
"Fleischmanns village","Delaware County","New York",335,351,351,351,346,434,450,469,546,495,525,0,0,0,0,0,0,0,0,0,0,0,0,0
"Floral Park village","Nassau County","New York",15967,15863,15967,15947,16805,18466,17499,14582,12950,10016,2097,1225,0,0,0,0,0,0,0,0,0,0,0,0
"Florida village","Orange County","New York",2888,2833,2571,2497,1947,1674,1550,1376,0,0,0,0,0,0,555,450,0,0,0,0,0,0,0,0
"Flower Hill village","Nassau County","New York",4803,4665,4508,4490,4558,4486,4594,1948,666,0,0,0,0,0,0,0,0,0,0,0,0,0,0,0
"Fonda village","Montgomery County","New York",776,795,810,1007,1006,1120,1004,1026,1123,1170,2208,1100,1145,1190,944,1092,0,0,0,0,0,0,0,0
"Forestville village","Chautauqua County","New York",677,697,770,738,804,908,905,786,692,677,620,721,623,788,724,722,574,0,0,0,0,0,0,0
"Fort Ann village","Washington County","New York",477,484,471,419,509,562,453,463,439,389,338,436,431,0,0,639,0,0,0,0,0,0,0,0
"Fort Edward village","Washington County","New York",3280,3375,3141,3561,3561,3733,3737,3797,3620,3850,3871,3762,3521,0,0,3492,0,0,0,0,0,0,0,0
"Fort Johnson village","Montgomery County","New York",474,490,491,615,646,711,876,930,868,833,680,600,0,0,0,0,0,0,0,0,0,0,0,0
"Fort Plain village","Montgomery County","New York",2272,2322,2288,2416,2555,2809,2809,2935,2770,2725,2747,2762,2444,2864,2443,1797,0,0,0,0,0,0,0,0
"Frankfort village","Herkimer County","New York",2534,2598,2537,2693,2995,3305,3872,3844,3859,4203,4198,3303,2664,2291,1085,1083,0,0,0,0,0,0,0,0
"Franklin village","Delaware County","New York",357,374,402,409,440,552,525,558,481,451,476,473,473,581,660,681,509,0,0,0,0,0,0,0
"Franklinville village","Cattaraugus County","New York",1696,1740,1855,1739,1887,1948,2124,2092,1884,2021,2015,1568,1360,1021,672,0,0,0,0,0,0,0,0,0
"Fredonia village","Chautauqua County","New York",10792,11230,10706,10436,11126,10326,8477,7095,5738,5814,6051,5286,4127,3399,2692,2546,0,0,0,0,0,0,0,0
"Freeport village","Nassau County","New York",43304,42860,43783,39894,38272,40374,34419,24680,20410,15467,8599,4836,2612,0,1217,0,0,0,0,0,0,0,0,0
"Freeville village","Tompkins County","New York",523,520,505,437,449,664,471,373,379,374,303,318,440,312,0,0,0,0,0,0,0,0,0,0
"Fulton city","Oswego County","New York",11648,11896,11855,12929,13312,14003,14261,13922,13362,12462,13043,10480,5281,4214,3941,3507,0,2344,0,0,0,0,0,0
"Fultonville village","Montgomery County","New York",789,784,710,748,777,812,815,840,806,831,869,812,977,1122,881,1117,0,0,0,0,0,0,0,0
"Gainesville village","Wyoming County","New York",223,229,304,340,334,385,369,314,283,270,341,327,0,0,0,0,0,0,0,0,0,0,0,0
"Galway village","Saratoga County","New York",198,200,214,151,245,270,309,188,161,119,94,112,177,177,187,0,0,0,0,0,0,0,0,0
"Garden City village","Nassau County","New York",22616,22371,21672,21686,22927,25373,23948,14486,11223,7180,2420,0,0,0,574,0,0,0,0,0,0,0,0,0
"Geneseo village","Livingston County","New York",8114,8031,7579,7187,6746,5714,3284,2838,2144,2261,2157,2067,2400,2286,1925,0,0,0,0,0,0,0,0,0
"Geneva city","Ontario County","New York",13160,13261,13617,14143,15133,16793,17286,17144,15555,16053,14846,12446,10433,7557,5878,5521,0,0,0,0,0,0,0,0
"Gilbertsville village","Otsego County","New York",384,399,375,388,455,552,522,456,377,362,419,455,476,0,0,0,0,0,0,0,0,0,0,0
"Glen Cove city","Nassau County","New York",27314,26964,26622,24149,24618,25770,23817,15130,12415,11430,8664,0,0,0,0,0,0,0,0,0,0,0,0,0
"Glen Park village","Jefferson County","New York",519,502,487,527,504,587,561,516,523,559,661,522,494,0,0,0,0,0,0,0,0,0,0,0
"Glens Falls city","Warren County","New York",14428,14700,14354,15023,15897,17222,18580,19610,18836,18531,16638,15243,12613,9509,4900,4500,3780,2917,0,0,0,0,0,0
"Gloversville city","Fulton County","New York",15122,15665,15413,16656,17836,19677,21741,23634,23329,23099,22075,20642,18349,13864,7133,4518,0,0,0,0,0,0,0,0
"Goshen village","Orange County","New York",5384,5454,5676,5255,4874,4342,3906,3311,3073,2891,2843,3081,2826,2907,2557,2205,0,0,0,0,0,0,0,0
"Gouverneur village","St. Lawrence County","New York",3866,3949,4263,4604,4285,4574,4946,4916,4478,4015,4143,4128,3689,3458,2071,1627,0,0,0,0,0,0,0,0
"Gowanda village","Cattaraugus/Erie County","New York",2648,2709,2842,2901,2713,3110,3352,3289,3156,3042,2673,2012,2143,0,1243,994,0,0,0,0,0,0,0,0
"Grand View-on-Hudson village","Rockland County","New York",296,285,284,271,312,325,330,302,588,252,175,368,0,0,0,0,0,0,0,0,0,0,0,0
"Granville village","Washington County","New York",2471,2543,2644,2646,2696,2784,2715,2826,3173,3483,3024,3920,2700,0,0,0,0,0,0,0,0,0,0,0
"Great Neck village","Nassau County","New York",10118,9989,9538,8745,9168,10798,10171,7759,6167,4010,0,0,0,0,1112,0,0,0,0,0,0,0,0,0
"Great Neck Estates village","Nassau County","New York",2813,2761,2756,2790,2936,3131,3262,2464,1969,1738,339,0,0,0,0,0,0,0,0,0,0,0,0,0
"Great Neck Plaza village","Nassau County","New York",6918,6707,6433,5897,5604,6043,4948,4246,2031,0,0,0,0,0,0,0,0,0,0,0,0,0,0,0
"Greene village","Chenango County","New York",1530,1580,1701,1812,1747,1874,2051,1628,1431,1379,1297,1275,1236,1067,935,1025,846,0,0,0,0,0,0,0
"Green Island village","Albany County","New York",2618,2620,2278,2490,2696,3297,3533,4016,3988,4331,4411,4737,4770,4463,4160,3135,1600,0,0,0,0,0,0,0
"Greenport village","Suffolk County","New York",2212,2197,2048,2070,2273,2481,2608,3028,3259,3062,3122,3089,2366,0,0,1819,0,0,0,0,0,0,0,0
"Greenwich village","Washington County","New York",1747,1777,1902,1961,1955,2092,2263,2212,2270,2290,2384,2314,1869,1663,1231,0,0,0,0,0,0,0,0,0
"Greenwood Lake village","Orange County","New York",3112,3154,3411,3208,2809,2262,1236,819,483,332,0,0,0,0,0,0,0,0,0,0,0,0,0,0
"Groton village","Tompkins County","New York",2413,2363,2470,2398,2313,2112,2123,2150,2087,2004,2235,1260,1344,1280,923,863,0,0,0,0,0,0,0,0
"Hagaman village","Montgomery County","New York",1294,1292,1357,1377,1331,1410,1292,1114,933,867,855,875,646,596,0,250,0,0,0,0,0,0,0,0
"Hamburg village","Erie County","New York",9565,9409,10116,10442,10582,10215,9145,6938,5467,4731,3185,2134,1683,1331,758,0,0,0,0,0,0,0,0,0
"Hamilton village","Madison County","New York",4199,4239,3509,3790,3725,3636,3348,3507,1790,1700,1505,1689,1627,1744,1638,1529,1599,0,0,0,0,0,0,0
"Hammond village","St. Lawrence County","New York",277,280,302,270,271,273,314,329,323,364,409,404,0,0,0,0,0,0,0,0,0,0,0,0
"Hammondsport village","Steuben County","New York",650,661,731,929,1065,1066,1176,1190,1112,1063,1060,1254,1169,934,755,602,0,0,0,0,0,0,0,0
"Hancock village","Delaware County","New York",993,1031,1189,1330,1526,1688,1830,1560,1581,1427,1326,1329,1283,1279,686,0,0,0,0,0,0,0,0,0
"Hannibal village","Oswego County","New York",539,555,542,613,680,686,611,501,437,410,400,330,410,452,490,454,0,0,0,0,0,0,0,0
"Harriman village","Orange County","New York",2468,2424,2252,2288,796,955,752,676,703,657,680,0,0,0,0,0,0,0,0,0,0,0,0,0
"Harrison village","Westchester County","New York",28151,27472,24154,23308,23046,0,0,0,0,0,0,0,0,0,0,0,0,0,0,0,0,0,0,0
"Harrisville village","Lewis County","New York",631,628,653,703,937,836,842,868,832,896,900,921,639,617,353,0,0,0,0,0,0,0,0,0
"Hastings-on-Hudson village","Westchester County","New York",7975,7849,7648,8000,8573,9479,8979,7565,7057,7097,5526,4552,2002,1466,1290,0,0,0,0,0,0,0,0,0
"Haverstraw village","Rockland County","New York",12172,11910,10117,9438,8800,8198,5771,5818,5909,5621,5226,5669,5935,5070,3506,0,0,0,0,0,0,0,0,0
"Head of the Harbor village","Suffolk County","New York",1480,1472,1447,1354,1023,943,524,334,255,244,0,0,0,0,0,0,0,0,0,0,0,0,0,0
"Hempstead village","Nassau County","New York",55527,53891,56554,49453,40404,39411,34641,29135,20856,12650,6382,4964,3582,4831,2521,2316,0,0,0,0,0,0,0,0
"Herkimer village","Herkimer County","New York",7592,7743,7498,7945,8383,8960,9396,9400,9617,10446,10453,7420,5555,0,2359,1220,0,0,0,0,0,0,0,0
"Hermon village","St. Lawrence County","New York",409,422,402,407,490,521,612,547,487,527,622,587,503,473,522,573,0,0,0,0,0,0,0,0
"Herrings village","Jefferson County","New York",91,90,129,140,170,137,171,192,232,274,0,0,0,0,0,0,0,0,0,0,0,0,0,0
"Heuvelton village","St. Lawrence County","New York",718,714,804,771,777,770,810,712,620,578,559,0,0,0,513,0,0,0,0,0,0,0,0,0
"Hewlett Bay Park village","Nassau County","New York",428,404,484,440,489,586,520,466,438,407,0,0,0,0,0,0,0,0,0,0,0,0,0,0
"Hewlett Harbor village","Nassau County","New York",1274,1263,1271,1193,1331,1512,1610,411,228,240,0,0,0,0,0,0,0,0,0,0,0,0,0,0
"Hewlett Neck village","Nassau County","New York",473,445,504,547,472,529,507,369,252,253,0,0,0,0,0,0,0,0,0,0,0,0,0,0
"Highland Falls village","Orange County","New York",3841,3900,3678,3937,4187,4638,4469,3930,3711,2910,2588,2470,0,2237,1976,0,0,0,0,0,0,0,0,0
"Hillburn village","Rockland County","New York",979,951,881,892,926,1058,1114,1212,1161,1303,1112,1090,824,0,0,0,0,0,0,0,0,0,0,0
"Hilton village","Monroe County","New York",5952,5886,5856,5216,4151,2440,1334,1036,895,923,827,627,486,487,376,0,0,0,0,0,0,0,0,0
"Hobart village","Delaware County","New York",421,441,390,385,473,531,585,618,638,580,587,544,550,561,390,0,0,0,0,0,0,0,0,0
"Holland Patent village","Oneida County","New York",456,458,461,411,534,556,538,400,388,337,328,337,352,406,401,320,0,0,0,0,0,0,0,0
"Holley village","Orleans County","New York",1756,1811,1802,1890,1882,1868,1788,1551,1230,1588,1625,1679,1380,1381,1018,0,0,0,0,0,0,0,0,0
"Homer village","Cortland County","New York",3223,3291,3368,3476,3635,4143,3622,3244,2928,3195,2356,2695,2381,0,2331,2008,0,0,0,0,0,0,0,0
"Honeoye Falls village","Monroe County","New York",2704,2674,2595,2340,2410,2248,2143,1460,1274,1187,1107,1169,1175,1128,1098,921,0,0,0,0,0,0,0,0
"Hoosick Falls village","Rensselaer County","New York",3427,3501,3436,3490,3609,3897,4023,4297,4279,4755,4896,5532,5671,7014,4530,0,0,0,0,0,0,0,0,0
"Hornell city","Steuben County","New York",8404,8563,9019,9877,10234,12144,13907,15049,15649,16250,15025,13617,11918,10996,8195,4552,0,0,0,0,0,0,0,0
"Horseheads village","Chemung County","New York",6678,6461,6452,6802,7348,7989,7207,3606,2570,2430,2078,1778,1901,1716,1684,1410,0,0,0,0,0,0,0,0
"Hudson city","Columbia County","New York",6576,6713,7524,8034,7986,8940,11075,11629,11517,12337,11745,11417,9528,9970,8670,8615,7187,6286,5672,5392,5310,4048,3664,2584
"Hudson Falls village","Washington County","New York",7225,7281,6927,7651,7419,7917,7752,7236,6654,6449,5761,5189,4473,2895,2487,2347,0,0,0,0,0,0,0,0
"Hunter village","Greene County","New York",487,502,490,429,511,238,457,526,626,624,683,408,431,699,481,0,0,0,0,0,0,0,0,0
"Huntington Bay village","Suffolk County","New York",1433,1425,1496,1521,1783,1789,1267,585,408,357,0,0,0,0,0,0,0,0,0,0,0,0,0,0
"Ilion village","Herkimer County","New York",7890,8053,8610,8888,9450,9808,10199,9363,8927,9890,10169,6588,5138,4057,3711,2876,0,0,0,0,0,0,0,0
"Interlaken village","Seneca County","New York",621,602,674,680,685,733,780,770,661,660,633,693,0,0,0,0,0,0,0,0,0,0,0,0
"Irvington village","Westchester County","New York",6581,6420,6631,6348,5774,5878,5494,3657,3272,3067,2701,2319,2231,2299,1904,0,0,0,0,0,0,0,0,0
"Islandia village","Suffolk County","New York",3384,3335,3057,2769,0,0,0,0,0,0,0,0,0,0,0,0,0,0,0,0,0,0,0,0
"Island Park village","Nassau County","New York",4736,4655,4732,4860,4847,5396,3846,2031,1531,1002,0,0,0,0,0,0,0,0,0,0,0,0,0,0
"Ithaca city","Tompkins County","New York",30720,30014,29287,29541,28732,26226,28799,29257,19730,20708,17004,14802,13136,11079,9105,8462,0,0,0,0,0,0,0,0
"Jamestown city","Chautauqua County","New York",30429,31146,31730,34681,35775,39795,41818,43354,42638,45155,38917,31297,22892,16038,9357,5336,3155,0,0,0,0,0,0,0
"Jeffersonville village","Sullivan County","New York",345,359,420,484,554,421,434,450,403,448,0,0,0,0,324,0,0,0,0,0,0,0,0,0
"Johnson City village","Broome County","New York",14832,15174,15535,16890,17126,18025,19118,19249,18039,13567,8587,3775,3111,0,0,0,0,0,0,0,0,0,0,0
"Johnstown city","Fulton County","New York",8389,8743,8511,9058,9360,10045,10390,10923,10666,10801,10908,10447,10130,7768,5013,3282,0,0,0,0,0,0,0,0
"Jordan village","Onondaga County","New York",1341,1368,1314,1325,1371,1493,1300,1295,1115,1145,1012,978,1118,1271,1344,1263,1488,0,0,0,0,0,0,0
"Kaser village","Rockland County","New York",5015,4724,3316,0,0,0,0,0,0,0,0,0,0,0,0,0,0,0,0,0,0,0,0,0
"Keeseville village","Clinton/Essex County","New York",1784,1815,1850,1854,2025,2122,2213,1977,1921,1794,1524,1835,2110,2103,2181,0,0,0,0,0,0,0,0,0
"Kenmore village","Erie County","New York",15236,15423,16426,17180,18474,20980,21261,20066,18612,16482,3160,1020,318,0,0,0,0,0,0,0,0,0,0,0
"Kensington village","Nassau County","New York",1184,1161,1209,1104,1132,1402,1166,978,933,824,0,0,0,0,0,0,0,0,0,0,0,0,0,0
"Kinderhook village","Columbia County","New York",1192,1211,1275,1293,1377,1233,1078,853,745,822,722,698,913,963,0,0,0,0,0,0,0,0,0,0
"Kings Point village","Nassau County","New York",5122,5005,5076,4843,5234,5614,5410,2445,1247,1294,0,0,0,0,0,0,0,0,0,0,0,0,0,0
"Kingston city","Ulster County","New York",23557,23893,23456,23095,24481,25544,29260,28817,28589,28088,26688,25908,24535,21261,18344,6315,0,0,0,0,0,0,0,0
"Kiryas Joel village","Orange County","New York",22246,20175,13138,7437,2088,0,0,0,0,0,0,0,0,0,0,0,0,0,0,0,0,0,0,0
"Lackawanna city","Erie County","New York",17955,18141,19064,20585,22701,28657,29564,27658,24058,23948,17918,14549,0,0,0,0,0,0,0,0,0,0,0,0
"Lacona village","Oswego County","New York",567,582,590,593,582,556,556,540,413,546,461,443,388,333,378,0,0,0,0,0,0,0,0,0
"Lake George village","Warren County","New York",896,906,985,933,1047,1046,1026,1005,803,848,630,632,0,0,0,0,0,0,0,0,0,0,0,0
"Lake Grove village","Suffolk County","New York",11241,11163,10250,9612,9692,8133,0,0,0,0,0,0,0,0,0,0,0,0,0,0,0,0,0,0
"Lake Placid village","Essex County","New York",2465,2521,2638,2485,2490,2731,2998,2999,3136,2930,2099,1682,0,0,0,0,0,0,0,0,0,0,0,0
"Lake Success village","Nassau County","New York",3036,2934,2797,2484,2396,3254,2954,1264,203,295,0,0,0,0,0,0,0,0,0,0,0,0,0,0
"Lakewood village","Chautauqua County","New York",2944,3002,3258,3564,3941,3864,3933,3013,2314,1837,714,564,574,0,0,0,0,0,0,0,0,0,0,0
"Lancaster village","Erie County","New York",10294,10352,11188,11940,13056,13365,12254,8665,7236,7040,6059,4364,3750,1692,1602,1697,1706,0,0,0,0,0,0,0
"Lansing village","Tompkins County","New York",3653,3529,3417,3281,3039,0,0,0,0,0,0,0,0,0,0,67,0,0,0,0,0,0,0,0
"Larchmont village","Westchester County","New York",6111,5864,6485,6181,6308,7203,6789,6330,5970,5282,2468,1958,945,0,0,0,0,0,0,0,0,0,0,0
"Lattingtown village","Nassau County","New York",1777,1739,1860,1859,1749,1773,1461,745,613,0,0,0,0,0,0,0,0,0,0,0,0,0,0,0
"Laurel Hollow village","Nassau County","New York",2013,1952,1930,1748,1527,1401,834,169,110,161,0,0,0,0,0,0,0,0,0,0,0,0,0,0
"Laurens village","Otsego County","New York",260,263,277,293,276,320,291,261,203,246,228,242,233,255,252,0,0,0,0,0,0,0,0,0
"Lawrence village","Nassau County","New York",6553,6483,6522,6513,6175,6566,5907,4681,3649,3041,2861,1189,558,626,0,0,0,0,0,0,0,0,0,0
"Leicester village","Livingston County","New York",457,468,469,405,462,368,365,364,327,285,279,304,0,0,0,0,0,0,0,0,0,0,0,0
"Le Roy village","Genesee County","New York",4304,4391,4462,4974,4900,5118,4662,4721,4413,4474,4203,3771,3144,2743,0,2634,0,0,0,0,0,0,0,0
"Lewiston village","Niagara County","New York",2694,2701,2781,3048,3326,3292,3320,1626,1280,1013,723,713,697,633,680,770,1160,0,0,0,0,0,0,0
"Liberty village","Sullivan County","New York",4200,4392,3975,4128,4293,4514,4704,4658,3788,3427,2459,2072,1760,734,478,0,0,0,0,0,0,0,0,0
"Lima village","Livingston County","New York",2107,2139,2459,2165,2025,1686,1366,1147,942,897,843,866,949,1003,1878,1257,0,0,0,0,0,0,0,0
"Lindenhurst village","Suffolk County","New York",27321,27253,27819,26879,26919,28359,20905,8644,4756,4040,0,0,0,0,0,0,0,0,0,0,0,0,0,0
"Lisle village","Broome County","New York",309,320,302,361,357,336,335,300,342,325,294,329,392,421,429,0,0,0,0,0,0,0,0,0
"Little Falls city","Herkimer County","New York",4846,4946,5188,5829,6156,7629,8935,9541,10163,11105,13029,12273,10381,8783,6910,5387,0,0,0,0,0,0,0,0
"Little Valley village","Cattaraugus County","New York",1112,1143,1130,1188,1203,1340,1244,1287,1234,1196,1253,1368,1085,698,566,0,0,0,0,0,0,0,0,0
"Liverpool village","Onondaga County","New York",2305,2347,2505,2624,2849,3307,3487,2933,2500,2244,1831,1388,1133,1284,1350,1555,0,0,0,0,0,0,0,0
"Livonia village","Livingston County","New York",1395,1409,1373,1434,1238,1278,946,837,751,774,743,823,865,738,688,0,0,0,0,0,0,0,0,0
"Lloyd Harbor village","Suffolk County","New York",3686,3660,3675,3343,3405,3371,2521,945,603,480,0,0,0,0,0,0,0,0,0,0,0,0,0,0
"Lockport city","Niagara County","New York",20743,21165,22279,24426,24844,25399,26443,25133,24379,23160,21308,17970,16581,16038,13522,12426,10871,0,0,0,0,0,0,0
"Lodi village","Seneca County","New York",297,291,338,364,334,353,396,362,366,322,0,0,0,0,433,0,0,0,0,0,0,0,0,0
"Long Beach city","Nassau County","New York",33664,33275,35462,33510,34073,33127,26473,15586,9036,5817,282,0,0,0,0,0,0,0,0,0,0,0,0,0
"Lowville village","Lewis County","New York",3451,3470,3476,3632,3364,3671,3616,3671,3578,3423,3127,2940,2352,2511,0,0,0,0,0,0,0,0,0,0
"Lynbrook village","Nassau County","New York",19558,19427,19911,19208,20424,23151,19881,17314,14557,11993,4371,0,0,0,0,0,0,0,0,0,0,0,0,0
"Lyndonville village","Orleans County","New York",812,838,862,953,916,888,755,777,745,708,738,647,0,0,419,400,0,0,0,0,0,0,0,0
"Lyons village","Wayne County","New York",3520,3619,3695,4280,4160,4496,4673,4217,3863,3956,4253,4460,4300,4475,3820,3350,0,0,0,0,0,0,0,0
"Lyons Falls village","Lewis County","New York",569,566,591,698,755,852,887,864,818,882,818,759,470,0,0,0,0,0,0,0,0,0,0,0
"Macedon village","Wayne County","New York",1492,1523,1496,1400,1400,1168,645,614,557,566,526,536,592,533,538,451,0,0,0,0,0,0,0,0
"McGraw village","Cortland County","New York",1032,1053,1000,1074,1188,1319,1276,1197,1201,1082,1032,931,750,733,637,517,0,0,0,0,0,0,0,0
"Madison village","Madison County","New York",302,305,315,316,396,386,327,335,300,287,265,309,321,390,320,0,0,0,0,0,0,0,0,0
"Malone village","Franklin County","New York",5824,5911,6075,6777,7668,8048,8737,9501,8743,8657,7556,6467,5935,4986,4193,0,0,0,0,0,0,0,0,0
"Malverne village","Nassau County","New York",8570,8514,8934,9054,9262,10036,9988,8086,5153,2256,0,0,0,0,0,0,0,0,0,0,0,0,0,0
"Mamaroneck village","Westchester County","New York",19302,18929,18752,17325,17616,18909,17673,15016,13034,11766,6571,5699,0,0,0,0,0,0,0,0,0,0,0,0
"Manchester village","Ontario County","New York",1678,1709,1475,1598,1698,1305,1344,1262,1330,1429,1418,881,711,0,329,0,0,0,0,0,0,0,0,0
"Manlius village","Onondaga County","New York",4649,4704,4819,4764,5241,4295,1997,1742,1520,1538,1296,1314,1219,942,834,879,873,0,0,0,0,0,0,0
"Mannsville village","Jefferson County","New York",367,354,400,444,431,494,446,378,348,313,265,330,352,389,473,0,0,0,0,0,0,0,0,0
"Manorhaven village","Nassau County","New York",6700,6556,6138,5672,5384,5488,3566,1819,484,0,0,0,0,0,0,0,0,0,0,0,0,0,0,0
"Marathon village","Cortland County","New York",903,919,1063,1107,1046,1053,1079,1057,955,860,565,1079,1092,1198,1006,871,0,0,0,0,0,0,0,0
"Marcellus village","Onondaga County","New York",1781,1813,1826,1840,1870,2017,1697,1382,1112,1083,989,917,589,563,489,428,0,0,0,0,0,0,0,0
"Margaretville village","Delaware County","New York",584,596,643,639,755,816,833,905,812,771,650,669,640,616,418,0,0,0,0,0,0,0,0,0
"Massapequa Park village","Nassau County","New York",17206,17008,17499,18044,19779,22112,19904,2334,488,0,0,0,0,0,0,0,0,0,0,0,0,0,0,0
"Massena village","St. Lawrence County","New York",10723,10936,11209,11719,12851,14042,15478,13137,11328,10637,5993,2951,2032,1049,0,483,0,0,0,0,0,0,0,0
"Mastic Beach village","Suffolk County","New York",14874,0,0,0,0,0,0,0,0,0,0,0,0,0,0,0,0,0,0,0,0,0,0,0
"Matinecock village","Nassau County","New York",817,810,836,872,985,841,824,507,428,484,0,0,0,0,0,0,0,0,0,0,0,0,0,0
"Maybrook village","Orange County","New York",3113,2958,3084,2802,2007,1536,1348,1316,1189,1159,0,0,0,0,0,0,0,0,0,0,0,0,0,0
"Mayfield village","Fulton County","New York",808,832,800,817,944,981,818,761,759,722,592,590,589,0,219,0,0,0,0,0,0,0,0,0
"Mayville village","Chautauqua County","New York",1691,1711,1756,1636,1626,1567,1619,1492,1354,1273,1207,1122,943,1164,1051,701,0,0,0,0,0,0,0,0
"Mechanicville city","Saratoga County","New York",5172,5196,5019,5249,5500,6247,6831,7385,7449,7924,8166,6634,4695,2679,1265,1075,0,0,0,0,0,0,0,0
"Medina village","Orleans County","New York",5864,6065,6415,6686,6392,6415,6681,6179,5871,6071,6011,5683,4716,4492,3632,2821,0,0,0,0,0,0,0,0
"Menands village","Albany County","New York",4004,3990,3910,4333,4012,3449,2314,1803,1764,1522,0,0,0,0,0,0,0,0,0,0,0,0,0,0
"Meridian village","Cayuga County","New York",306,309,350,351,344,369,379,354,307,264,274,326,335,0,0,249,0,0,0,0,0,0,0,0
"Mexico village","Oswego County","New York",1592,1624,1572,1555,1621,1555,1465,1398,1348,1297,1336,1233,1249,1315,1273,1204,0,0,0,0,0,0,0,0
"Middleburgh village","Schoharie County","New York",1455,1500,1398,1436,1358,1410,1317,1298,1074,948,986,1114,1135,1139,1123,863,0,0,0,0,0,0,0,0
"Middleport village","Niagara County","New York",1798,1840,1917,1876,1995,2132,1882,1641,1575,1596,1416,1530,1431,1217,771,731,0,0,0,0,0,0,0,0
"Middletown city","Orange County","New York",27728,28086,25388,24160,21454,22607,23475,22586,21908,21276,18420,15313,14522,11977,8494,6049,0,0,0,0,0,0,0,0
"Middleville village","Herkimer County","New York",505,512,550,624,647,725,648,647,612,760,790,625,567,0,533,0,0,0,0,0,0,0,0,0
"Milford village","Otsego County","New York",407,415,511,462,514,527,548,502,460,491,505,511,532,0,557,0,0,0,0,0,0,0,0,0
"Millbrook village","Dutchess County","New York",1434,1452,1429,1339,1343,1735,1717,1568,1340,1296,1096,1136,1027,693,0,0,0,0,0,0,0,0,0,0
"Millerton village","Dutchess County","New York",946,958,925,884,1013,1042,1027,1048,953,910,829,858,802,638,600,0,0,0,0,0,0,0,0,0
"Mill Neck village","Nassau County","New York",1010,997,825,977,959,982,701,505,101,516,0,0,0,0,0,0,0,0,0,0,0,0,0,0
"Millport village","Chemung County","New York",299,312,297,342,440,480,425,362,340,389,0,0,0,0,500,0,0,0,0,0,0,0,0,0
"Mineola village","Nassau County","New York",19028,18799,19234,18994,20757,21845,20519,14831,10064,8155,3016,1981,0,0,313,0,0,0,0,0,0,0,0,0
"Minoa village","Onondaga County","New York",3529,3449,3348,3745,3640,2245,1838,1008,902,899,867,0,0,0,0,0,0,0,0,0,0,0,0,0
"Mohawk village","Herkimer County","New York",2670,2731,2660,2986,2956,3301,3533,3196,2882,2835,2919,2079,2028,1806,1441,1464,0,0,0,0,0,0,0,0
"Monroe village","Orange County","New York",8562,8364,7780,6672,5996,4439,3323,1753,1616,1621,1527,1195,796,630,459,0,0,0,0,0,0,0,0,0
"Montebello village","Rockland County","New York",4646,4526,3688,2950,0,0,0,0,0,0,0,0,0,0,0,0,0,0,0,0,0,0,0,0
"Montgomery village","Orange County","New York",4617,3814,3636,2696,2316,1533,1312,1063,844,884,900,941,973,1024,935,960,0,0,0,0,0,0,0,0
"Monticello village","Sullivan County","New York",6651,6726,6512,6597,6306,5991,5222,4223,3737,3450,2330,1941,1160,1016,941,912,0,0,0,0,0,0,0,0
"Montour Falls village","Schuyler County","New York",1694,1711,1797,1845,1791,1534,1533,1457,1345,1489,1560,1208,1193,1751,1274,1273,0,0,0,0,0,0,0,0
"Moravia village","Cayuga County","New York",1251,1282,1363,1559,1582,1642,1575,1480,1231,1295,1331,1324,1442,1486,1540,0,0,0,0,0,0,0,0,0
"Morris village","Otsego County","New York",571,583,591,642,681,675,677,641,599,554,420,535,558,601,768,0,0,0,0,0,0,0,0,0
"Morristown village","St. Lawrence County","New York",389,395,456,490,461,532,541,546,540,505,489,540,466,472,397,0,0,0,0,0,0,0,0,0
"Morrisville village","Madison County","New York",1819,2199,2148,2732,2707,2296,1304,1250,666,583,497,500,624,726,741,570,0,0,0,0,0,0,0,0
"Mount Kisco village","Westchester County","New York",11103,10877,9983,9108,8025,8172,6805,5907,5941,5127,3944,2802,1346,1095,728,0,0,0,0,0,0,0,0,0
"Mount Morris village","Livingston County","New York",2905,2986,3266,3102,3039,3417,3250,3450,3530,3238,3312,2782,2410,2286,1899,1930,0,0,0,0,0,0,0,0
"Mount Vernon city","Westchester County","New York",68458,67292,68381,67153,66713,72778,76010,71899,67362,61499,42726,30919,21228,10830,4586,2700,0,0,0,0,0,0,0,0
"Munnsville village","Madison County","New York",472,474,437,438,499,435,391,412,357,345,377,0,0,0,329,313,0,0,0,0,0,0,0,0
"Munsey Park village","Nassau County","New York",2715,2693,2632,2692,2806,2980,2847,2048,1456,411,0,0,0,0,0,0,0,0,0,0,0,0,0,0
"Muttontown village","Nassau County","New York",3657,3497,3412,3024,2725,2081,1265,382,335,0,0,0,0,0,0,0,0,0,0,0,0,0,0,0
"Naples village","Ontario County","New York",1025,1041,1072,1237,1225,1324,1237,1141,1152,1070,1148,1093,1048,1266,1360,902,0,0,0,0,0,0,0,0
"Nassau village","Rensselaer County","New York",1123,1133,1161,1254,1285,1466,1248,952,698,670,655,529,418,356,449,348,0,0,0,0,0,0,0,0
"Nelliston village","Montgomery County","New York",579,596,622,569,691,716,729,693,638,553,664,737,634,721,558,0,0,0,0,0,0,0,0,0
"Nelsonville village","Putnam County","New York",625,628,565,585,567,583,555,522,457,470,412,765,624,0,541,0,0,0,0,0,0,0,0,0
"Newark village","Wayne County","New York",8902,9145,9682,9849,10017,11644,12868,10295,9646,7649,6964,6227,4578,3698,2450,2248,0,0,0,0,0,0,0,0
"Newark Valley village","Tioga County","New York",964,997,1071,1082,1190,1286,1234,1027,949,795,821,925,818,875,0,0,0,0,0,0,0,0,0,0
"New Berlin village","Chenango County","New York",990,1028,1129,1220,1392,1369,1262,1178,999,1076,1070,1114,1156,979,937,0,836,0,0,0,0,0,0,0
"Newburgh city","Orange County","New York",28358,28866,28259,26454,23438,26219,30979,31956,31883,31275,30366,27805,24943,23087,18049,17014,12578,0,0,0,0,0,0,0
"New Hartford village","Oneida County","New York",1848,1847,1886,2111,2313,2433,2468,1947,1914,1885,1621,1195,1007,912,710,743,0,0,0,0,0,0,0,0
"New Hempstead village","Rockland County","New York",5306,5132,4767,4200,0,0,0,0,0,0,0,0,0,0,0,0,0,0,0,0,0,0,0,0
"New Hyde Park village","Nassau County","New York",9799,9712,9523,9728,9801,10116,10808,7349,4691,3314,0,0,0,0,0,0,0,0,0,0,0,0,0,0
"New Paltz village","Ulster County","New York",6966,6818,6034,5463,4938,6058,3041,2285,1492,1362,1056,1230,1022,935,493,425,0,0,0,0,0,0,0,0
"Newport village","Herkimer County","New York",627,640,640,676,746,908,827,752,627,696,703,583,610,659,713,651,0,0,0,0,0,0,0,0
"New Rochelle city","Westchester County","New York",79637,77062,72182,67265,70794,75385,76812,59725,58408,54000,36213,28867,14720,8217,0,279,0,0,0,0,0,0,0,0
"New Square village","Rockland County","New York",7691,6944,4624,2605,1750,1156,0,0,0,0,0,0,0,0,0,0,0,0,0,0,0,0,0,0
"New York city","? County","New York",8491079,8175133,8008278,7322564,7071639,7895563,7781984,7891957,7454996,6930446,5620048,4766883,3437202,1515301,1206299,942292,813669,515547,312710,202589,123706,96373,60515,33131
"New York Mills village","Oneida County","New York",3307,3327,3191,3534,3549,3805,3788,3366,3628,4006,0,0,0,2552,1833,1264,0,0,0,0,0,0,0,0
"Niagara Falls city","Niagara County","New York",49219,50193,55593,61840,71384,85615,102394,90872,78029,75460,50760,30445,19457,5502,3320,3006,0,0,0,0,0,0,0,0
"Nichols village","Tioga County","New York",491,512,574,573,613,638,663,578,541,533,554,533,0,0,0,0,0,0,0,0,0,0,0,0
"Nissequogue village","Suffolk County","New York",1761,1749,1543,1620,1462,1120,332,219,188,174,0,0,0,0,0,0,0,0,0,0,0,0,0,0
"North Collins village","Erie County","New York",1228,1232,1079,1335,1496,1675,1574,1325,1182,1165,1158,0,0,636,421,0,0,0,0,0,0,0,0,0
"North Haven village","Suffolk County","New York",864,833,743,713,738,694,450,153,131,0,0,0,0,0,100,0,0,0,0,0,0,0,0,0
"North Hills village","Nassau County","New York",5167,5075,4301,3453,1587,295,359,330,295,339,0,0,0,0,0,0,0,0,0,0,0,0,0,0
"North Hornell village","Steuben County","New York",775,778,851,822,813,919,917,605,589,452,0,0,0,0,0,0,0,0,0,0,0,0,0,0
"Northport village","Suffolk County","New York",7411,7401,7606,7572,7651,7494,5972,3859,3093,2523,1977,2096,1794,0,1381,1060,0,0,0,0,0,0,0,0
"North Syracuse village","Onondaga County","New York",6882,6800,6862,7363,7970,8687,7412,3356,2083,1766,0,0,0,0,0,0,0,0,0,0,0,0,0,0
"North Tonawanda city","Niagara County","New York",30929,31568,33262,34989,35760,36012,34757,24731,20254,19019,15482,11955,9069,4793,1492,0,0,0,0,0,0,0,0,0
"Northville village","Fulton County","New York",1073,1099,1139,1180,1304,1192,1156,1114,1111,1250,1190,1130,1046,792,763,0,0,0,0,0,0,0,0,0
"Norwich city","Chenango County","New York",7009,7190,7355,7613,8082,8843,9175,8816,8694,8378,8268,7422,5766,5212,0,0,0,0,0,0,0,0,0,0
"Norwood village","St. Lawrence County","New York",1627,1657,1685,1841,1902,2098,2200,1995,1905,1880,1808,1993,1714,1463,1221,0,0,0,0,0,0,0,0,0
"Nunda village","Livingston County","New York",1331,1377,1330,1347,1169,1254,1224,1224,1077,1085,1152,1043,1018,1010,1037,1189,0,0,0,0,0,0,0,0
"Nyack village","Rockland County","New York",7002,6765,6737,6558,6428,6659,6062,5889,5206,5392,4444,4619,4275,4111,3881,3438,0,0,0,0,0,0,0,0
"Oakfield village","Genesee County","New York",1770,1813,1805,1818,1791,1964,2070,1781,1876,1919,1422,1226,714,578,0,0,0,0,0,0,0,0,0,0
"Ocean Beach village","Suffolk County","New York",80,79,138,131,155,109,111,73,81,205,0,0,0,0,0,0,0,0,0,0,0,0,0,0
"Odessa village","Schuyler County","New York",578,591,617,986,613,606,573,526,424,379,366,330,0,0,230,0,0,0,0,0,0,0,0,0
"Ogdensburg city","St. Lawrence County","New York",10895,11128,12364,13521,12375,14554,16122,16166,16346,16915,14609,15933,12633,11662,10341,10076,7409,0,0,0,0,0,0,0
"Old Brookville village","Nassau County","New York",2196,2134,2167,1823,1574,1785,1126,644,356,423,0,0,0,0,0,0,0,0,0,0,0,0,0,0
"Old Field village","Suffolk County","New York",917,918,947,765,829,812,373,238,123,202,0,0,0,0,0,0,0,0,0,0,0,0,0,0
"Old Westbury village","Nassau County","New York",4613,4671,4228,3897,3277,2667,2064,1160,1017,1264,0,0,0,0,0,0,0,0,0,0,0,0,0,0
"Olean city","Cattaraugus County","New York",14043,14452,15347,16946,18207,19169,21868,22884,21506,21790,20506,14743,9462,7358,3036,1327,0,0,0,0,0,0,0,0
"Oneida city","Madison County","New York",11192,11393,10987,10850,10810,11658,11677,11325,10291,10558,10541,8317,6364,6083,3934,3262,0,0,0,0,0,0,0,0
"Oneida Castle village","Oneida County","New York",620,625,627,671,751,788,754,596,556,490,466,393,291,317,239,262,0,0,0,0,0,0,0,0
"Oneonta city","Otsego County","New York",13838,13901,13292,13954,14933,16030,13412,13564,11731,12536,11582,9491,7147,6272,3002,1061,0,0,0,0,0,0,0,0
"Orchard Park village","Erie County","New York",3219,3246,3294,3280,3671,3732,3278,2054,1304,1144,0,0,0,0,0,0,0,0,0,0,0,0,0,0
"Oriskany village","Oneida County","New York",1378,1400,1459,1450,1680,1627,1580,1346,1115,1142,1101,0,0,860,597,584,0,0,0,0,0,0,0,0
"Oriskany Falls village","Oneida County","New York",720,732,698,795,802,927,972,893,930,853,1014,892,811,625,598,628,0,0,0,0,0,0,0,0
"Ossining village","Westchester County","New York",25359,25060,24010,22582,20196,21659,18662,16098,15996,15241,10739,11480,7939,9352,6578,4696,5345,0,0,0,0,0,0,0
"Oswego city","Oswego County","New York",17988,18142,17954,19195,19793,20913,22155,22647,22062,22652,23626,23368,22199,21842,21116,20910,16816,12205,0,0,0,0,0,0
"Otego village","Otsego County","New York",984,1010,1052,1068,1089,956,875,699,580,555,540,676,658,0,749,0,0,0,0,0,0,0,0,0
"Otisville village","Orange County","New York",1049,1068,989,1078,953,933,896,911,889,809,0,0,0,0,471,0,0,0,0,0,0,0,0,0
"Ovid village","Seneca County","New York",626,602,612,660,666,779,789,646,578,537,438,548,624,641,705,724,760,0,0,0,0,0,0,0
"Owego village","Tioga County","New York",3774,3896,3911,4442,4364,5152,5417,5350,5068,4742,4147,4633,5039,0,5525,4756,0,0,0,0,0,0,0,0
"Oxford village","Chenango County","New York",1425,1450,1584,1738,1765,1944,1871,1811,1713,1601,1590,1654,1931,1477,1209,1278,1205,0,0,0,0,0,0,0
"Oyster Bay Cove village","Nassau County","New York",2245,2197,2262,2109,1799,1320,988,561,466,0,0,0,0,0,0,0,0,0,0,0,0,0,0,0
"Painted Post village","Steuben County","New York",2016,1809,1842,1950,2196,2496,2570,2405,2337,2328,2170,1224,775,688,701,0,0,0,0,0,0,0,0,0
"Palatine Bridge village","Montgomery County","New York",762,737,706,520,604,601,578,592,585,503,443,392,360,0,332,493,0,0,0,0,0,0,0,0
"Palmyra village","Wayne County","New York",3436,3536,3490,3566,3729,3776,3476,3034,2709,2592,2480,2268,1937,2131,2308,2152,0,0,0,0,0,0,0,0
"Panama village","Chautauqua County","New York",462,479,491,468,511,489,450,456,374,320,298,337,359,379,473,650,0,0,0,0,0,0,0,0
"Parish village","Oswego County","New York",441,450,512,473,535,634,567,574,521,508,476,490,548,541,402,0,0,0,0,0,0,0,0,0
"Patchogue village","Suffolk County","New York",12364,11798,11919,11060,11291,11582,8838,7361,7181,6860,4031,3824,2926,0,2503,0,0,0,0,0,0,0,0,0
"Pawling village","Dutchess County","New York",2309,2347,2233,1974,1996,1914,1734,1430,1446,1204,1032,848,781,630,580,0,0,0,0,0,0,0,0,0
"Peekskill city","Westchester County","New York",24058,23583,22441,19536,18236,19283,18737,17731,17311,17125,15868,15245,10358,9676,6893,6560,0,0,0,0,0,0,0,0
"Pelham village","Westchester County","New York",7025,6910,6400,6413,6848,2076,1964,1843,1918,2053,1056,681,303,0,218,0,0,0,0,0,0,0,0,0
"Pelham Manor village","Westchester County","New York",5582,5486,5466,5443,6130,6673,6114,5306,5302,4908,1754,852,0,0,0,0,0,0,0,0,0,0,0,0
"Penn Yan village","Yates County","New York",5061,5159,5219,5248,5242,5293,5770,5481,5308,5329,4517,4597,4650,4254,3475,3488,2388,0,0,0,0,0,0,0
"Perry village","Wyoming County","New York",3542,3673,3945,4219,4198,4538,4629,4533,4468,4231,4717,4388,2763,1528,1115,867,0,0,0,0,0,0,0,0
"Phelps village","Ontario County","New York",1958,1989,1969,1978,2004,1989,1887,1650,1499,1397,1200,1354,1306,1336,1369,1355,0,0,0,0,0,0,0,0
"Philadelphia village","Jefferson County","New York",1246,1252,1519,1478,855,858,868,870,722,817,794,842,873,783,0,0,0,0,0,0,0,0,0,0
"Philmont village","Columbia County","New York",1331,1379,1480,1623,1539,1674,1750,1792,1679,1868,1919,1813,1964,1818,1343,0,0,0,0,0,0,0,0,0
"Phoenix village","Oswego County","New York",2332,2382,2251,2435,2357,2617,2408,1917,1757,1758,1747,1642,1532,1466,1312,1418,0,872,0,0,0,0,0,0
"Piermont village","Rockland County","New York",2571,2510,2607,2163,2269,2386,1906,1897,1876,1765,1600,1380,1153,1219,1369,1703,0,0,0,0,0,0,0,0
"Pittsford village","Monroe County","New York",1349,1355,1418,1488,1568,1755,1749,1668,1544,1460,1328,1205,1000,852,756,505,0,0,0,0,0,0,0,0
"Plandome village","Nassau County","New York",1383,1349,1272,1347,1503,1593,1379,1102,897,769,319,0,0,0,0,0,0,0,0,0,0,0,0,0
"Plandome Heights village","Nassau County","New York",1026,1005,971,852,963,1032,1025,882,317,265,0,0,0,0,0,0,0,0,0,0,0,0,0,0
"Plandome Manor village","Nassau County","New York",875,872,838,790,883,835,705,323,262,0,0,0,0,0,0,0,0,0,0,0,0,0,0,0
"Plattsburgh city","Clinton County","New York",19740,19989,18816,21255,21057,18715,20172,17738,16351,13349,10909,11138,8434,7010,5245,5139,3032,0,0,0,0,0,0,0
"Pleasantville village","Westchester County","New York",7154,7019,7172,6592,6749,7110,5877,4861,4454,4540,3590,2207,1204,0,0,0,0,0,0,0,0,0,0,0
"Poland village","Herkimer County","New York",504,508,451,444,553,629,564,511,478,462,349,332,370,0,282,0,0,0,0,0,0,0,0,0
"Pomona village","Rockland County","New York",3205,3103,2726,2611,2421,1792,0,0,0,0,0,0,0,0,0,0,0,0,0,0,0,0,0,0
"Poquott village","Suffolk County","New York",950,953,975,770,588,427,295,136,73,0,0,0,0,0,0,0,0,0,0,0,0,0,0,0
"Port Byron village","Cayuga County","New York",1259,1290,1297,1359,1400,1330,1201,1013,961,890,1035,1085,1013,1105,1146,1089,0,0,0,0,0,0,0,0
"Port Chester village","Westchester County","New York",29522,28967,27867,24728,23565,25803,24960,23970,23073,22662,16573,12809,7440,5274,3254,3797,0,0,0,0,0,0,0,0
"Port Dickinson village","Broome County","New York",1603,1641,1697,1785,1974,2132,2295,2199,2436,1902,883,437,379,345,373,0,0,0,0,0,0,0,0,0
"Port Henry village","Essex County","New York",1154,1194,1152,1263,1450,1532,1767,1831,1935,2040,2183,2266,1751,2436,2494,0,0,0,0,0,0,0,0,0
"Port Jefferson village","Suffolk County","New York",7835,7750,7837,7455,6731,5515,0,0,0,0,0,0,0,2026,1724,0,0,0,0,0,0,0,0,0
"Port Jervis city","Orange County","New York",8638,8828,8860,9060,8699,8852,9268,9372,9749,10243,10171,9564,9385,9327,8678,6377,0,0,0,0,0,0,0,0
"Port Leyden village","Lewis County","New York",673,672,665,723,740,862,898,841,794,717,735,764,746,462,0,977,0,0,0,0,0,0,0,0
"Portville village","Cattaraugus County","New York",989,1014,1024,1040,1136,1304,1336,1151,1018,969,606,758,748,0,683,450,0,0,0,0,0,0,0,0
"Port Washington North village","Nassau County","New York",3203,3154,2700,2736,3147,2883,722,650,628,0,0,0,0,0,0,0,0,0,0,0,0,0,0,0
"Potsdam village","St. Lawrence County","New York",9617,9428,9425,10251,10635,10303,7765,7491,4821,4136,4039,4036,3843,3961,2762,2891,1699,1471,0,0,0,0,0,0
"Poughkeepsie city","Dutchess County","New York",30513,32736,29871,28844,29757,32029,38330,41023,40478,4288,35000,27936,24029,22206,20207,20080,14726,11511,0,0,0,0,0,0
"Prospect village","Oneida County","New York",290,291,330,312,368,392,348,318,285,277,282,278,333,0,326,0,0,0,0,0,0,0,0,0
"Pulaski village","Oswego County","New York",2329,2365,2398,2525,2415,2480,2246,2033,1895,2046,1895,1788,1493,1517,1501,0,0,0,0,0,0,0,0,0
"Quogue village","Suffolk County","New York",986,967,1018,898,966,865,692,625,633,758,0,0,0,0,194,137,0,0,0,0,0,0,0,0
"Ravena village","Albany County","New York",3274,3268,3369,3547,3091,2797,2410,2006,1810,1963,2093,0,0,0,0,0,0,0,0,0,0,0,0,0
"Red Creek village","Wayne County","New York",519,532,521,566,645,626,689,617,539,560,490,457,480,492,525,0,0,0,0,0,0,0,0,0
"Red Hook village","Dutchess County","New York",1977,1961,1805,1794,1692,1680,1719,1225,1056,996,827,960,857,935,936,861,0,0,0,0,0,0,0,0
"Remsen village","Oneida County","New York",499,508,531,518,621,602,567,483,422,437,448,421,389,358,0,289,0,0,0,0,0,0,0,0
"Rensselaer city","Rensselaer County","New York",9471,9392,7761,8255,9047,10136,10506,10856,10768,11223,10823,10711,7466,7301,3295,0,0,0,0,0,0,0,0,0
"Rensselaer Falls village","St. Lawrence County","New York",329,332,337,316,360,332,375,323,265,285,328,0,0,0,0,0,0,0,0,0,0,0,0,0
"Rhinebeck village","Dutchess County","New York",2629,2657,3077,2725,2542,2336,2093,1923,1697,1569,1397,1548,1494,1649,1569,1322,0,0,0,0,0,0,0,0
"Richburg village","Allegany County","New York",443,450,448,494,494,482,493,514,564,580,351,451,343,374,0,0,0,0,0,0,0,0,0,0
"Richfield Springs village","Otsego County","New York",1238,1264,1255,1565,1561,1540,1630,1534,1209,1333,1388,1503,1537,1623,1307,696,0,0,0,0,0,0,0,0
"Richmondville village","Schoharie County","New York",881,918,786,843,792,826,743,709,598,618,581,599,651,663,653,630,0,0,0,0,0,0,0,0
"Richville village","St. Lawrence County","New York",322,323,274,311,336,334,292,254,274,302,302,307,331,336,339,0,0,0,0,0,0,0,0,0
"Riverside village","Steuben County","New York",489,497,594,585,684,911,1030,818,643,671,0,0,0,0,0,0,0,0,0,0,0,0,0,0
"Rochester city","Monroe County","New York",209983,210565,219773,231636,241741,295011,318611,332488,324975,328132,295750,218149,162608,133896,89366,62386,48204,36403,20191,9207,0,0,0,0
"Rockville Centre village","Nassau County","New York",24191,24023,24568,24727,25412,27444,26355,22362,18613,13718,8262,3667,1884,0,1882,0,0,0,0,0,0,0,0,0
"Rome city","Oneida County","New York",32645,33725,34950,44350,43826,50148,51646,41682,34224,32338,26341,20497,15343,14991,12194,11000,3584,0,0,0,0,0,0,0
"Roslyn village","Nassau County","New York",2810,2770,2570,1965,2134,2607,2681,1612,972,0,0,0,0,0,0,0,0,0,0,0,0,0,0,0
"Roslyn Estates village","Nassau County","New York",1264,1251,1210,1184,1292,1420,1289,612,464,0,0,0,0,0,0,0,0,0,0,0,0,0,0,0
"Roslyn Harbor village","Nassau County","New York",1075,1051,1023,1114,1129,1125,925,402,303,0,0,0,0,0,0,0,0,0,0,0,0,0,0,0
"Round Lake village","Saratoga County","New York",614,623,604,765,791,886,0,0,0,0,0,0,0,0,0,0,0,0,0,0,0,0,0,0
"Rouses Point village","Clinton County","New York",2183,2209,2277,2377,2266,2250,2160,2001,1846,1920,1700,1638,1675,1856,1485,1266,0,0,0,0,0,0,0,0
"Rushville village","Yates/Ontario County","New York",666,677,621,609,548,568,465,465,428,452,541,463,416,450,503,0,0,0,0,0,0,0,0,0
"Russell Gardens village","Nassau County","New York",951,945,1074,1027,1263,1207,1156,912,556,0,0,0,0,0,0,0,0,0,0,0,0,0,0,0
"Rye city","Westchester County","New York",16000,15720,14955,14936,15083,15869,14225,11721,9865,8712,5308,3964,0,0,0,0,0,0,0,0,0,0,0,0
"Rye Brook village","Westchester County","New York",9553,9347,8602,7765,0,0,0,0,0,0,0,0,0,0,0,0,0,0,0,0,0,0,0,0
"Sackets Harbor village","Jefferson County","New York",1500,1450,1386,1313,1017,1202,1279,1247,1962,1680,667,868,1266,787,885,713,0,0,0,0,0,0,0,0
"Saddle Rock village","Nassau County","New York",866,830,791,832,921,895,1109,33,69,74,71,0,0,0,0,0,0,0,0,0,0,0,0,0
"Sagaponack village","Suffolk County","New York",323,313,0,0,0,0,0,0,0,0,0,0,0,0,0,0,0,0,0,0,0,0,0,0
"Sag Harbor village","Suffolk County","New York",2268,2169,2313,2134,2581,2363,2346,2373,2517,2773,2993,3408,1969,0,0,1723,0,0,0,0,0,0,0,0
"St. Johnsville village","Montgomery County","New York",1688,1732,1685,1825,1974,2089,2196,2210,2283,2273,2469,2536,1873,1263,1072,1376,0,0,0,0,0,0,0,0
"Salamanca city","Cattaraugus County","New York",5652,5815,6097,6566,6890,7877,8480,8861,9011,9577,9276,5792,4251,3692,2531,0,0,0,0,0,0,0,0,0
"Salem village","Washington County","New York",934,946,964,958,959,1025,1076,1067,1034,1081,1083,1250,1391,0,0,0,0,0,0,0,0,0,0,0
"Saltaire village","Suffolk County","New York",37,37,43,38,35,37,28,21,22,64,12,0,0,0,0,0,0,0,0,0,0,0,0,0
"Sands Point village","Nassau County","New York",2739,2675,2786,2477,2742,2916,2161,860,628,438,284,0,0,0,0,0,0,0,0,0,0,0,0,0
"Sandy Creek village","Oswego County","New York",751,771,789,793,765,731,697,708,646,648,566,617,692,723,951,986,0,0,0,0,0,0,0,0
"Saranac Lake village","Franklin County","New York",5318,5406,5041,5377,5578,6086,6421,6913,7138,8020,5174,4983,2594,768,191,0,0,0,0,0,0,0,0,0
"Saratoga Springs city","Saratoga County","New York",27436,26586,26186,25001,23906,18845,16630,15473,13705,13169,13181,12693,12409,11975,8423,7516,0,0,0,0,0,0,0,0
"Saugerties village","Ulster County","New York",3900,3971,4955,3915,3882,4190,4286,3907,3916,4060,4013,3929,3697,4237,3923,3731,0,0,0,0,0,0,0,0
"Savona village","Steuben County","New York",816,827,822,974,932,933,904,869,653,545,516,587,611,569,447,0,0,0,0,0,0,0,0,0
"Scarsdale village","Westchester County","New York",17729,17166,17823,16987,17650,19229,17968,13156,12966,9690,3506,0,0,0,0,0,0,0,0,0,0,0,0,0
"Schaghticoke village","Rensselaer County","New York",587,592,676,794,677,860,720,687,603,555,568,765,1061,1258,0,0,0,0,0,0,0,0,0,0
"Schenectady city","Schenectady County","New York",65936,66135,61821,65566,67972,77958,81682,91785,87549,95692,88720,72826,31682,19902,13655,11026,9579,8921,6784,4268,3939,5903,5289,0
"Schoharie village","Schoharie County","New York",848,922,1030,1045,1016,1125,1168,1059,941,827,851,996,1006,1028,1188,1200,0,0,0,0,0,0,0,0
"Schuylerville village","Saratoga County","New York",1376,1386,1197,1364,1256,1402,1361,1314,1447,1411,1625,1614,1601,1387,1617,1367,1348,0,0,0,0,0,0,0
"Scotia village","Schenectady County","New York",7803,7729,7957,7359,7280,7370,7625,7812,7960,7437,4358,2957,0,0,222,0,0,0,0,0,0,0,0,0
"Scottsville village","Monroe County","New York",1974,2001,2128,1912,1789,1967,1863,1025,925,936,784,0,0,0,784,119,0,0,0,0,0,0,0,0
"Sea Cliff village","Nassau County","New York",5024,4995,5066,5054,5364,5890,5669,4868,4416,3456,2108,1694,1558,0,554,0,0,0,0,0,0,0,0,0
"Sharon Springs village","Schoharie County","New York",534,558,547,543,514,421,351,361,433,364,400,459,567,622,627,520,0,0,0,0,0,0,0,0
"Sherburne village","Chenango County","New York",1345,1367,1455,1531,1561,1613,1647,1604,1192,1077,1104,960,899,960,944,0,0,0,0,0,0,0,0,0
"Sherman village","Chautauqua County","New York",709,730,714,694,775,769,873,861,675,769,847,836,760,785,731,610,0,0,0,0,0,0,0,0
"Sherrill city","Oneida County","New York",3076,3071,3147,2864,2830,2986,2922,2236,2184,2150,1761,0,0,0,0,0,0,0,0,0,0,0,0,0
"Shoreham village","Suffolk County","New York",535,531,417,540,555,524,164,90,25,135,11,0,0,0,0,0,0,0,0,0,0,0,0,0
"Shortsville village","Ontario County","New York",1437,1439,1320,1485,1669,1516,1382,1314,1316,1332,1300,1112,922,0,620,0,0,0,0,0,0,0,0,0
"Sidney village","Delaware County","New York",3818,3900,4068,4720,4861,4789,5157,4815,3012,2444,2670,2507,2331,1358,0,0,0,0,0,0,0,0,0,0
"Silver Creek village","Chautauqua County","New York",2574,2656,2896,2927,3088,3182,3310,3068,3067,3160,3260,2512,1944,1678,1036,666,661,0,0,0,0,0,0,0
"Silver Springs village","Wyoming County","New York",756,782,844,852,801,823,726,830,766,879,1155,974,667,0,0,0,0,0,0,0,0,0,0,0
"Sinclairville village","Chautauqua County","New York",572,588,665,708,772,772,726,672,585,589,514,542,577,510,540,0,0,0,0,0,0,0,0,0
"Skaneateles village","Onondaga County","New York",2459,2450,2616,2724,2789,3055,2921,2331,1949,1882,1635,1615,1495,1559,1669,1409,0,0,0,0,0,0,0,0
"Sleepy Hollow village","Westchester County","New York",10208,9870,9212,8152,7994,8334,8818,8740,8804,7417,5927,5421,4241,3179,2684,0,0,0,0,0,0,0,0,0
"Sloan village","Erie County","New York",3619,3661,3775,3830,4529,5216,5803,4698,3836,3482,1791,1259,873,0,0,0,0,0,0,0,0,0,0,0
"Sloatsburg village","Rockland County","New York",3133,3039,3117,3035,3154,3134,2565,2018,1771,1623,0,0,0,0,0,0,0,0,0,0,0,0,0,0
"Smyrna village","Chenango County","New York",208,213,241,211,225,247,286,269,256,226,261,257,300,0,308,0,0,0,0,0,0,0,0,0
"Sodus village","Wayne County","New York",1767,1819,1735,1904,1790,1813,1645,1588,1513,1444,1329,0,0,1028,842,516,0,0,0,0,0,0,0,0
"Sodus Point village","Wayne County","New York",879,900,1160,1190,1334,1172,868,0,0,0,0,0,0,0,0,0,0,0,0,0,0,0,0,0
"Solvay village","Onondaga County","New York",6455,6584,6845,6717,7140,8280,8732,7868,8201,7986,7352,5139,3493,563,0,0,0,0,0,0,0,0,0,0
"Southampton village","Suffolk County","New York",3205,3109,3965,3980,4000,4904,4582,4042,3818,3737,2891,2509,2289,0,949,943,0,0,0,0,0,0,0,0
"South Blooming Grove village","Orange County","New York",3189,3234,0,0,0,0,0,0,0,0,0,0,0,0,0,0,0,0,0,0,0,0,0,0
"South Corning village","Steuben County","New York",1130,1145,1147,1025,1195,1414,1448,880,681,714,0,0,0,0,0,0,0,0,0,0,0,0,0,0
"South Dayton village","Cattaraugus County","New York",601,620,662,601,661,688,696,727,643,570,655,0,0,0,318,0,0,0,0,0,0,0,0,0
"South Floral Park village","Nassau County","New York",1783,1764,1578,1478,1490,1032,1090,572,510,460,0,0,0,0,0,0,0,0,0,0,0,0,0,0
"South Glens Falls village","Saratoga County","New York",3580,3518,3368,3506,3714,4013,4129,3645,3081,2689,2158,2247,2025,1606,1083,1047,0,0,0,0,0,0,0,0
"South Nyack village","Rockland County","New York",3577,3510,3473,3352,3602,3435,3113,3102,2093,2212,1799,2068,1601,1496,0,0,0,0,0,0,0,0,0,0
"Speculator village","Hamilton County","New York",317,324,348,400,408,390,372,370,278,261,0,0,0,0,0,0,0,0,0,0,0,0,0,0
"Spencer village","Tioga County","New York",734,759,731,815,863,854,767,694,615,628,661,569,707,810,700,0,0,0,0,0,0,0,0,0
"Spencerport village","Monroe County","New York",3615,3601,3559,3606,3424,2929,2461,1595,1340,1249,926,1000,715,695,670,591,0,0,0,0,0,0,0,0
"Spring Valley village","Rockland County","New York",32510,31347,25464,21802,20537,18112,6538,4500,4308,3948,3818,2353,0,1028,810,0,0,0,0,0,0,0,0,0
"Springville village","Erie County","New York",4360,4296,4252,4310,4285,4350,3852,3322,2849,2540,2331,2246,1992,1883,1227,1006,0,0,0,0,0,0,0,0
"Stamford village","Delaware County","New York",1090,1119,1265,1211,1240,1286,1166,1162,1088,1103,947,973,901,819,522,0,0,0,0,0,0,0,0,0
"Stewart Manor village","Nassau County","New York",1914,1896,1935,2002,2373,2183,2422,1879,1625,1291,0,0,0,0,0,0,0,0,0,0,0,0,0,0
"Stillwater village","Saratoga County","New York",1724,1738,1644,1531,1572,1428,1398,1276,971,1051,982,1004,1007,747,877,737,0,0,0,0,0,0,0,0
"Suffern village","Rockland County","New York",10991,10723,11006,11055,10794,8273,5094,4010,3768,3757,3154,2663,1619,0,0,0,0,0,0,0,0,0,0,0
"Sylvan Beach village","Oneida County","New York",894,897,1071,1119,1243,0,0,0,0,0,0,0,0,0,0,0,0,0,0,0,0,0,0,0
"Syracuse city","Onondaga County","New York",144263,145170,147306,163860,170105,197297,216038,220583,205967,209326,171717,137249,108374,88143,51792,43051,28119,22271,0,0,0,0,0,0
"Tannersville village","Greene County","New York",517,539,448,465,685,650,580,639,640,656,597,660,593,0,0,0,0,0,0,0,0,0,0,0
"Tarrytown village","Westchester County","New York",11537,11277,11090,10739,10648,11115,11109,8851,6874,6841,5807,5600,4770,3562,3025,0,0,0,0,0,0,0,0,0
"Theresa village","Jefferson County","New York",863,863,812,889,827,985,956,925,908,873,857,932,917,1028,882,798,0,0,0,0,0,0,0,0
"Thomaston village","Nassau County","New York",2640,2617,2607,2612,2684,2811,2767,2045,1159,0,0,0,0,0,0,0,0,0,0,0,0,0,0,0
"Tivoli village","Dutchess County","New York",1105,1118,1163,1035,711,739,732,753,761,713,876,1034,1153,1350,1254,452,0,0,0,0,0,0,0,0
"Tonawanda city","Erie County","New York",14976,15130,16136,17284,18693,21898,21561,14617,13008,12681,10068,8290,7421,7145,3864,2812,0,0,0,0,0,0,0,0
"Troy city","Rensselaer County","New York",49910,50129,49170,54269,56638,62918,67492,72311,70304,72763,71996,76813,60651,60956,56747,46465,39235,28785,19334,11556,5264,0,0,0
"Trumansburg village","Tompkins County","New York",1829,1797,1581,1611,1722,1803,1768,1479,1130,1077,1011,1188,1225,1211,1376,1246,0,0,0,0,0,0,0,0
"Tuckahoe village","Westchester County","New York",6623,6486,6211,6302,6076,6236,6423,5991,6563,6138,3509,2722,0,0,0,0,0,0,0,0,0,0,0,0
"Tully village","Onondaga County","New York",870,873,924,911,1049,899,803,744,719,680,477,551,574,498,434,0,0,0,0,0,0,0,0,0
"Tupper Lake village","Franklin County","New York",3619,3667,3935,4087,4478,4854,5200,5441,5451,5271,2508,3067,0,0,0,0,0,0,0,0,0,0,0,0
"Turin village","Lewis County","New York",233,232,263,295,284,293,323,273,247,260,327,349,363,359,419,552,0,0,0,0,0,0,0,0
"Tuxedo Park village","Orange County","New York",610,623,731,706,809,861,723,0,0,0,0,0,0,0,0,0,0,0,0,0,0,0,0,0
"Unadilla village","Otsego County","New York",1100,1128,1127,1265,1367,1489,1586,1317,1079,1063,1157,1009,1172,1157,922,875,0,0,0,0,0,0,0,0
"Union Springs village","Cayuga County","New York",1188,1197,1074,1142,1201,1183,1066,957,905,794,642,798,994,1066,1210,1150,0,0,0,0,0,0,0,0
"Unionville village","Orange County","New York",596,612,536,548,574,576,511,454,387,438,402,351,454,316,316,0,0,0,0,0,0,0,0,0
"Upper Brookville village","Nassau County","New York",1742,1698,1801,1453,1245,1182,1045,469,456,0,0,0,0,0,0,0,0,0,0,0,0,0,0,0
"Upper Nyack village","Rockland County","New York",2149,2063,1863,2084,1906,2096,1833,1195,924,842,538,591,516,668,412,0,0,0,0,0,0,0,0,0
"Utica city","Oneida County","New York",61332,62235,60651,68637,75632,91373,100410,101532,100528,101740,94156,74419,56383,44007,33924,28804,22529,17565,12782,8323,2972,0,0,0
"Valatie village","Columbia County","New York",1914,1819,1712,1487,1620,1288,1237,1225,1208,1246,1301,1219,1300,1437,1775,0,0,0,0,0,0,0,0,0
"Valley Falls village","Rensselaer County","New York",459,466,491,527,554,681,589,555,564,577,633,835,0,0,782,600,0,0,0,0,0,0,0,0
"Valley Stream village","Nassau County","New York",37832,37511,36368,33946,35769,40413,38629,26854,16679,11790,0,0,0,0,605,0,0,0,0,0,0,0,0,0
"Van Etten village","Chemung County","New York",526,537,581,552,559,522,507,504,440,370,350,476,474,567,553,0,0,0,0,0,0,0,0,0
"Vernon village","Oneida County","New York",1160,1172,1155,1274,1373,1108,913,754,587,602,541,451,380,377,345,391,0,0,0,0,0,0,0,0
"Victor village","Ontario County","New York",2837,2696,2433,2308,2370,2187,1180,1066,1111,1042,945,881,649,778,704,506,0,0,0,0,0,0,0,0
"Victory village","Saratoga County","New York",591,605,544,581,571,718,497,488,520,473,725,748,795,822,1120,870,636,0,0,0,0,0,0,0
"Village of the Branch village","Suffolk County","New York",1814,1807,1895,1669,1707,1675,886,163,185,114,0,0,0,0,0,0,0,0,0,0,0,0,0,0
"Voorheesville village","Albany County","New York",2837,2789,2705,3225,3320,2826,1228,895,717,644,614,533,554,0,0,0,0,0,0,0,0,0,0,0
"Waddington village","St. Lawrence County","New York",969,972,923,944,980,955,921,819,671,679,702,731,757,900,977,710,789,0,0,0,0,0,0,0
"Walden village","Orange County","New York",6855,6978,6164,5836,5659,5277,4851,4559,4262,4283,5493,4004,3147,2132,1804,1254,0,0,0,0,0,0,0,0
"Walton village","Delaware County","New York",2976,3088,3070,3326,3329,3744,3855,3947,3697,3496,3598,3103,2811,2299,1389,866,0,0,0,0,0,0,0,0
"Wampsville village","Madison County","New York",555,543,561,501,569,586,564,379,282,280,276,212,0,0,0,0,0,0,0,0,0,0,0,0
"Wappingers Falls village","Dutchess County","New York",5591,5522,4929,4605,5110,5607,4447,3490,3427,3336,3235,3195,3504,3718,0,2263,0,0,0,0,0,0,0,0
"Warsaw village","Wyoming County","New York",3383,3473,3814,3830,3619,3619,3653,3713,3554,3477,3622,3206,3048,3120,1910,1631,0,0,0,0,0,0,0,0
"Warwick village","Orange County","New York",6785,6731,6412,5984,4320,3604,3218,2674,2534,2443,2420,2318,1735,1537,1043,938,0,0,0,0,0,0,0,0
"Washingtonville village","Orange County","New York",5794,5899,5851,4906,2380,1887,1178,823,801,663,631,631,667,691,0,0,0,0,0,0,0,0,0,0
"Waterford village","Saratoga County","New York",1966,1990,2204,2370,2405,2879,2915,2968,2903,2921,2637,3245,3146,0,1822,3071,0,0,0,0,0,0,0,0
"Waterloo village","Seneca County","New York",5048,5171,5111,5116,5303,5418,5098,4438,4010,4047,3809,3931,4256,4350,3893,4086,3375,0,0,0,0,0,0,0
"Watertown city","Jefferson County","New York",27590,27023,26705,29429,27861,30787,33306,34350,33385,32205,31285,26730,21696,14725,10697,9336,0,0,0,0,0,0,0,0
"Waterville village","Oneida County","New York",1548,1583,1721,1664,1672,1808,1901,1634,1489,1298,1255,1410,1571,2024,0,0,0,0,0,0,0,0,0,0
"Watervliet city","Albany County","New York",10233,10254,10207,11061,11354,12404,13917,15197,16114,16083,16073,15074,14321,12967,8820,20693,8820,7564,0,0,0,0,0,0
"Watkins Glen village","Schuyler County","New York",1883,1859,2149,2207,2440,2716,2813,3052,2913,2956,2785,2817,2943,2604,2716,2039,0,0,0,0,0,0,0,0
"Waverly village","Tioga County","New York",4300,4444,4607,4787,4738,5261,5950,6037,5450,5662,5270,4855,4465,4123,2767,2239,0,0,0,0,0,0,0,0
"Wayland village","Steuben County","New York",1834,1865,1893,1976,1846,2022,2003,1834,1795,1814,1790,1392,1307,679,605,0,0,0,0,0,0,0,0,0
"Webster village","Monroe County","New York",5577,5399,5216,5464,5499,5037,3060,1773,1680,1552,1247,1032,0,634,381,291,0,0,0,0,0,0,0,0
"Weedsport village","Cayuga County","New York",1782,1815,2017,1996,1952,1900,1731,1588,1341,1325,1370,1344,1525,1580,1411,1348,0,0,0,0,0,0,0,0
"Wellsburg village","Chemung County","New York",564,580,631,617,647,779,643,638,560,581,465,432,536,0,634,542,0,0,0,0,0,0,0,0
"Wellsville village","Allegany County","New York",4558,4679,5171,5241,5769,5815,5967,6402,5942,5674,4996,4382,3556,3435,2049,2034,0,0,0,0,0,0,0,0
"Wesley Hills village","Rockland County","New York",5905,5628,4848,4305,0,0,0,0,0,0,0,0,0,0,0,0,0,0,0,0,0,0,0,0
"Westbury village","Nassau County","New York",15329,15146,14263,13060,13871,15362,14757,7112,4524,0,0,0,0,0,0,0,0,0,0,0,0,0,0,0
"West Carthage village","Jefferson County","New York",2079,2012,2102,2166,1824,2047,2167,2000,1767,1722,1666,1393,1135,932,807,0,0,0,0,0,0,0,0,0
"Westfield village","Chautauqua County","New York",3134,3224,3481,3451,3446,3651,3878,3663,3434,3466,3413,2985,2430,1983,1924,3000,0,0,0,0,0,0,0,0
"Westhampton Beach village","Suffolk County","New York",1763,1721,1902,1571,1629,1926,1460,1087,969,994,0,0,0,0,0,0,0,0,0,0,0,0,0,0
"West Hampton Dunes village","Suffolk County","New York",58,55,11,0,0,0,0,0,0,0,0,0,0,0,0,0,0,0,0,0,0,0,0,0
"West Haverstraw village","Rockland County","New York",10417,10165,10295,9183,9181,8558,5020,3099,2533,2834,2018,2369,2079,180,0,0,0,0,0,0,0,0,0,0
"West Winfield village","Herkimer County","New York",882,826,862,871,979,1018,960,832,754,779,725,726,771,741,594,0,0,0,0,0,0,0,0,0
"Whitehall village","Washington County","New York",2585,2614,2667,3071,3241,3764,4016,4457,4851,5191,5258,4917,4377,4434,4270,4322,0,0,0,0,0,0,0,0
"White Plains city","Westchester County","New York",58035,56853,53077,48718,46999,50346,50485,43406,40327,35830,21031,15949,7899,4042,2381,0,0,0,0,0,0,0,0,0
"Whitesboro village","Oneida County","New York",3713,3772,3943,4195,4460,4805,4784,3902,3532,3375,3038,2375,1958,1663,1370,964,0,0,0,0,0,0,0,0
"Whitney Point village","Broome County","New York",945,964,965,1054,1093,1058,1049,883,733,639,665,744,807,842,818,480,0,0,0,0,0,0,0,0
"Williamsville village","Erie County","New York",5283,5300,5573,5583,6017,6878,6316,4649,3614,3119,1667,1105,905,0,880,912,0,0,0,0,0,0,0,0
"Williston Park village","Nassau County","New York",7327,7287,7261,7516,8216,9154,8255,7505,5750,4427,0,0,0,0,0,0,0,0,0,0,0,0,0,0
"Wilson village","Niagara County","New York",1239,1264,1213,1307,1259,1284,1320,962,849,660,631,655,612,683,662,661,0,0,0,0,0,0,0,0
"Windsor village","Broome County","New York",901,916,901,1051,1155,1098,1026,822,766,661,598,637,739,524,0,0,0,0,0,0,0,0,0,0
"Wolcott village","Wayne County","New York",1652,1701,1712,1544,1496,1617,1641,1516,1326,1260,1186,1216,1279,902,0,658,0,0,0,0,0,0,0,0
"Woodbury village","Orange County","New York",10814,10686,0,0,0,0,0,0,0,0,0,0,0,0,0,0,0,0,0,0,0,0,0,0
"Woodridge village","Sullivan County","New York",794,847,902,783,809,1071,1034,951,854,774,944,0,0,0,0,0,0,0,0,0,0,0,0,0
"Woodsburgh village","Nassau County","New York",781,778,831,1190,847,817,907,745,702,376,220,0,0,0,0,0,0,0,0,0,0,0,0,0
"Wurtsboro village","Sullivan County","New York",1195,1246,1234,1048,1128,732,655,628,487,423,362,478,450,490,538,797,0,0,0,0,0,0,0,0
"Wyoming village","Wyoming County","New York",430,434,513,478,507,514,526,508,430,376,386,0,0,525,387,338,0,0,0,0,0,0,0,0
"Yonkers city","Westchester County","New York",200667,195976,196086,188082,195351,204297,190634,152798,142598,134646,100176,79803,47931,32033,18892,12733,8218,0,0,0,0,0,0,0
"Yorkville village","Oneida County","New York",2649,2689,2675,2972,3115,3425,3749,3528,3311,3406,1512,691,0,0,295,213,0,0,0,0,0,0,0,0
"Youngstown village","Niagara County","New York",1896,1935,1957,2075,2191,2169,1848,932,799,639,539,556,547,490,500,0,0,0,0,0,0,0,0,0
