"NAME","COUNTY","STNAME",2014,2010,2000,1990,1980,1970,1960,1950,1940,1930,1920,1910,1900,1890,1880,1870,1860,1850,1840,1830,1820,1810,1800,1790
"Abingdon","Washington County","Virginia",8146,8191,7780,7003,4318,4376,4758,4709,3158,2877,2532,1757,1306,1674,1064,715,0,0,0,0,0,0,0,0
"Accomac","Accomack County","Virginia",496,519,547,466,522,373,414,500,0,0,0,0,0,0,0,0,0,0,0,0,0,0,0,0
"Alberta","Brunswick County","Virginia",286,298,306,337,394,466,430,430,416,328,0,0,0,0,0,0,0,0,0,0,0,0,0,0
"Alexandria","Alexandria","Virginia",150575,139966,128283,111183,103217,110927,91023,61787,33523,24149,18060,15329,14528,14339,13659,13570,12652,8734,8459,8241,8218,7227,4971,2748
"Altavista","Campbell County","Virginia",3460,3450,3425,3686,3849,2708,3299,3332,2919,2367,1206,0,0,0,0,0,0,0,0,0,0,0,0,0
"Amherst","Amherst County","Virginia",2206,2231,2251,1060,1135,1108,1200,1038,930,876,559,618,0,590,0,0,0,0,0,0,0,0,0,0
"Appalachia","Wise County","Virginia",1684,1754,1839,1994,2418,2161,2456,2915,3010,3595,2036,1090,0,0,0,0,0,0,0,0,0,0,0,0
"Appomattox","Appomattox County","Virginia",1744,1733,1761,1707,1345,1400,1184,1094,992,704,0,0,0,0,0,0,0,0,0,0,0,0,0,0
"Ashland","Hanover County","Virginia",7328,7225,6619,5864,4640,2934,2773,2610,1718,1297,1290,1324,1147,948,764,491,148,0,0,0,0,0,0,0
"Bedford","Bedford County","Virginia",6466,6222,6299,6073,5991,6011,5921,4061,3973,3713,3243,2508,2416,2897,2191,1208,722,0,0,0,0,0,0,0
"Belle Haven","Accomack County","Virginia",525,532,480,526,589,504,371,453,277,372,311,296,331,0,0,0,0,0,0,0,0,0,0,0
"Berryville","Clarke County","Virginia",4297,4185,2963,3097,1752,1569,1645,1401,1262,1094,1138,876,938,0,0,580,356,0,0,0,0,0,0,0
"Big Stone Gap","Wise County","Virginia",5457,5614,4856,4748,4748,4153,4688,5173,4331,3908,3009,2590,1617,0,0,0,0,0,0,0,0,0,0,0
"Blacksburg","Montgomery County","Virginia",43985,42620,39573,34590,30638,9384,7070,3358,2133,1406,1095,875,768,0,688,0,0,0,0,0,0,0,0,0
"Blackstone","Nottoway County","Virginia",3553,3621,3675,3497,3624,3412,3659,3536,2699,1772,1497,1486,585,580,0,0,0,0,0,0,0,0,0,0
"Bloxom","Accomack County","Virginia",386,387,395,357,407,391,349,0,0,0,0,0,0,0,0,0,0,0,0,0,0,0,0,0
"Bluefield","Tazewell County","Virginia",5302,5444,5078,5363,5946,5286,4235,4212,3921,3006,2752,1917,1554,1021,0,0,0,0,0,0,0,0,0,0
"Boones Mill","Franklin County","Virginia",234,239,285,239,344,363,371,335,377,352,0,0,0,0,0,0,0,0,0,0,0,0,0,0
"Bowling Green","Caroline County","Virginia",1152,1111,936,727,665,528,528,616,541,422,463,433,458,511,426,395,237,377,0,0,0,0,0,0
"Boyce","Clarke County","Virginia",614,589,426,520,401,378,384,372,342,325,301,0,0,0,0,0,0,0,0,0,0,0,0,0
"Boydton","Mecklenburg County","Virginia",419,431,454,453,486,541,449,501,424,492,457,421,527,0,382,261,0,0,0,0,0,0,0,0
"Boykins","Southampton County","Virginia",544,564,620,658,791,742,710,811,699,636,637,505,224,173,0,0,0,0,0,0,0,0,0,0
"Branchville","Southampton County","Virginia",117,114,123,55,174,189,158,169,153,161,148,239,0,0,0,0,0,0,0,0,0,0,0,0
"Bridgewater","Rockingham County","Virginia",5951,5644,5203,3918,3289,2828,1815,1537,993,951,914,859,384,0,390,0,0,0,0,0,0,0,0,0
"Bristol","Washington County","Virginia",17184,17835,17367,18426,19042,14857,17144,15954,9768,8840,6729,6247,4579,2902,1562,0,0,0,0,0,0,0,0,0
"Broadway","Rockingham County","Virginia",3780,3691,2192,1209,1234,887,646,561,506,498,412,416,400,497,323,0,0,0,0,0,0,0,0,0
"Brodnax","Brunswick/Mecklenburg County","Virginia",287,298,317,388,492,569,561,499,536,365,235,0,0,0,0,0,0,0,0,0,0,0,0,0
"Brookneal","Campbell County","Virginia",1115,1112,1259,1344,1454,1037,1070,883,736,692,583,504,0,0,0,0,0,0,0,0,0,0,0,0
"Buchanan","Botetourt County","Virginia",1171,1178,1233,1222,1205,1326,1349,1300,868,825,802,792,716,802,414,0,0,0,0,0,0,0,0,0
"Buena Vista","Rockbridge County","Virginia",6603,6650,6349,6406,6717,6425,6300,5214,4335,4002,3911,3245,2388,1044,0,0,0,0,0,0,0,0,0,0
"Burkeville","Nottoway County","Virginia",420,432,489,535,606,703,705,695,658,755,514,653,510,404,237,0,0,0,0,0,0,0,0,0
"Cape Charles","Northampton County","Virginia",990,1009,1134,1398,1512,1689,2041,2427,2299,2527,2517,1948,1040,0,0,0,0,0,0,0,0,0,0,0
"Capron","Southampton County","Virginia",157,166,167,144,238,314,327,281,291,337,0,0,0,0,0,0,0,0,0,0,0,0,0,0
"Cedar Bluff","Tazewell County","Virginia",1090,1137,1085,1290,1550,1050,995,1083,823,590,533,0,0,0,0,0,0,0,0,0,0,0,0,0
"Charlotte Court House","Charlotte County","Virginia",531,543,404,531,568,539,555,397,399,366,318,329,96,0,0,0,0,0,0,0,0,0,0,0
"Charlottesville","Charlottesville","Virginia",45593,43475,45049,40341,39916,38880,29427,25969,19400,15245,10688,6765,6449,5591,2676,2838,0,0,0,0,0,0,0,0
"Chase City","Mecklenburg County","Virginia",2304,2351,2457,2442,2749,2909,3207,2519,1896,1590,1646,1662,542,618,251,0,0,0,0,0,0,0,0,0
"Chatham","Pittsylvania County","Virginia",1476,1269,1338,1354,1390,1801,1822,1456,1230,1143,1171,1113,918,757,543,0,,,0,0,0,0,0,0
"Cheriton","Northampton County","Virginia",477,487,499,515,695,655,761,0,0,0,0,0,0,0,0,0,0,0,0,0,0,0,0,0
"Chesapeake","Chesapeake","Virginia",233371,222209,199184,151976,114486,89580,0,0,0,0,0,0,0,0,0,0,0,0,0,0,0,0,0,0
"Chilhowie","Smyth County","Virginia",1749,1781,1827,1971,1265,1317,1169,1022,889,712,572,0,0,0,0,0,0,0,0,0,0,0,0,0
"Chincoteague","Accomack County","Virginia",2913,2941,4317,3572,1607,1867,2131,2724,2142,2130,1418,1419,0,0,0,0,0,0,0,0,0,0,0,0
"Christiansburg","Montgomery County","Virginia",21805,21041,16947,15004,10345,7857,3653,2967,2299,1970,1641,1568,659,0,766,864,739,532,0,0,0,0,0,0
"Claremont","Surry County","Virginia",358,378,343,358,380,383,377,374,380,434,572,630,565,189,0,0,0,0,0,0,0,0,0,0
"Clarksville","Mecklenburg County","Virginia",1117,1139,1329,1243,1468,1641,1530,1035,826,781,726,794,723,656,582,0,0,0,0,0,0,0,0,0
"Cleveland","Russell County","Virginia",188,202,148,214,360,357,415,388,0,0,0,252,0,0,0,0,0,0,0,0,0,0,0,0
"Clifton Forge","Clifton Forge","Virginia",3775,3884,4289,4679,5046,5501,5268,5795,6461,6839,6164,5748,3579,1792,0,0,0,0,0,0,0,0,0,0
"Clifton","Fairfax County","Virginia",295,282,185,176,170,178,230,262,194,181,200,204,0,0,94,0,0,0,0,0,0,0,0,0
"Clinchco","Dickenson County","Virginia",322,337,424,0,0,0,0,0,0,0,0,0,0,0,0,0,0,0,0,0,0,0,0,0
"Clinchport","Scott County","Virginia",68,70,77,67,89,286,302,359,346,338,226,252,183,0,0,0,0,0,0,0,0,0,0,0
"Clintwood","Dickenson County","Virginia",1343,1414,1549,1542,1369,1320,1400,1366,1106,729,400,342,255,0,0,0,0,0,0,0,0,0,0,0
"Coeburn","Wise County","Virginia",2015,2139,1996,2165,2625,2362,2471,760,764,784,884,645,295,0,0,0,0,0,0,0,0,0,0,0
"Colonial Beach","Westmoreland County","Virginia",3541,3542,3228,3132,2474,2058,1769,1464,1105,928,1093,721,453,0,0,0,0,0,0,0,0,0,0,0
"Colonial Heights","Colonial Heights","Virginia",17731,17411,16897,16064,16509,15097,9587,6077,3194,2331,0,0,0,0,0,0,0,0,0,0,0,0,0,0
"Columbia","Fluvanna County","Virginia",80,83,49,58,111,125,86,119,144,154,185,157,216,239,239,311,263,0,0,0,0,0,0,0
"Courtland","Southampton County","Virginia",1247,1284,1270,819,976,899,855,443,459,355,379,283,288,0,0,0,0,0,0,0,0,0,0,0
"Covington","Alleghany County","Virginia",5802,5961,6303,6991,9063,10060,11062,5860,6300,6538,5623,4234,2950,704,436,0,0,0,0,0,0,0,0,0
"Craigsville","Augusta County","Virginia",925,923,979,812,845,988,978,0,0,0,0,0,0,0,117,0,0,0,0,0,0,0,0,0
"Crewe","Nottoway County","Virginia",2282,2326,2378,2276,2325,1797,2012,2030,2048,2152,2097,1802,1329,887,0,0,0,0,0,0,0,0,0,0
"Culpeper","Culpeper County","Virginia",17411,16379,9664,8581,6621,6056,2412,2527,2316,2379,1819,1796,1618,1620,1613,1800,1056,0,0,0,0,0,0,0
"Damascus","Washington County","Virginia",802,814,981,918,1330,1230,1485,1726,1441,1610,1599,1299,0,0,0,0,0,0,0,0,0,0,0,0
"Danville","Danville","Virginia",42444,43055,48411,53056,45642,46391,46577,35066,32749,22747,21539,19020,16520,10305,7426,3463,0,1514,0,0,0,0,0,0
"Dayton","Rockingham County","Virginia",1578,1530,1344,921,1017,978,930,788,632,537,482,516,425,0,258,0,0,0,0,0,0,0,0,0
"Dendron","Surry County","Virginia",260,272,297,305,307,336,403,476,465,671,1705,1653,0,0,0,0,0,0,0,0,0,0,0,0
"Dillwyn","Buckingham County","Virginia",443,447,447,458,596,497,515,556,436,442,405,0,0,0,0,0,0,0,0,0,0,0,0,0
"Drakes Branch","Charlotte County","Virginia",515,530,504,565,617,702,759,410,438,583,660,703,0,0,87,0,0,0,0,0,0,0,0,0
"Dublin","Pulaski County","Virginia",2686,2534,2288,2012,2368,1653,1427,1313,576,443,395,350,0,0,285,0,0,0,0,0,0,0,0,0
"Duffield","Scott County","Virginia",87,91,62,54,148,63,97,176,83,170,120,122,98,0,0,0,0,0,0,0,0,0,0,0
"Dumfries","Prince William County","Virginia",5192,4961,4937,4282,3214,1890,1368,0,480,157,182,158,160,0,132,167,171,0,0,0,0,0,0,0
"Dungannon","Scott County","Virginia",317,332,317,250,339,282,444,431,333,282,255,0,0,0,0,0,0,0,0,0,0,0,0,0
"Eastville","Northampton County","Virginia",167,305,203,185,238,203,261,311,316,351,332,322,313,0,0,0,0,0,0,0,0,0,0,0
"Edinburg","Shenandoah County","Virginia",1065,1041,813,860,752,766,517,533,565,498,568,574,512,512,478,452,514,0,0,0,0,0,0,0
"Elkton","Rockingham County","Virginia",2790,2726,2042,1935,1520,1511,1506,1361,1050,965,905,873,0,0,0,0,0,0,0,0,0,0,0,0
"Emporia","Greensville County","Virginia",5462,5927,5665,5306,4840,5300,5535,5664,2735,2144,1869,2018,1027,1088,0,0,0,0,0,0,0,0,0,0
"Exmore","Northampton County","Virginia",1445,1460,1136,1115,1300,1421,1566,1362,0,0,0,0,0,0,0,0,0,0,0,0,0,0,0,0
"Fairfax","Fairfax","Virginia",24483,22565,21498,19622,19390,22727,13585,1946,979,640,516,413,373,0,376,0,0,0,0,0,0,0,0,0
"Falls Church","Falls Church","Virginia",13601,12332,10377,9578,9515,10772,10192,7535,2576,2019,1659,1128,1007,792,660,0,0,0,0,0,0,0,0,0
"Farmville","Prince Edward County","Virginia",8229,8216,6845,6046,6067,4331,4293,4375,3475,3133,2586,2971,2471,2404,2058,1543,1536,0,0,0,0,0,0,0
"Fincastle","Botetourt County","Virginia",340,353,359,236,282,397,403,405,442,517,457,479,652,0,675,0,896,0,0,0,0,0,0,0
"Floyd","Floyd County","Virginia",434,425,432,396,411,474,487,493,479,450,390,369,402,0,0,0,0,0,0,0,0,0,0,0
"Franklin","Southampton County","Virginia",8526,8582,8346,7864,7308,6880,7264,4670,3466,2930,2363,2271,1143,875,477,0,0,0,0,0,0,0,0,0
"Fredericksburg","Fredericksburg","Virginia",28350,24286,19279,19027,15322,14450,13639,12158,10066,6819,5882,5874,5068,4528,5010,4046,5022,4061,3974,3308,0,0,0,0
"Fries","Grayson County","Virginia",470,484,614,690,758,885,1039,1442,1555,2205,2029,1775,0,0,0,0,0,0,0,0,0,0,0,0
"Front Royal","Warren County","Virginia",15038,14440,13589,11880,11126,8211,7949,8115,3831,2424,1404,1133,1005,868,829,705,807,504,0,0,0,0,0,0
"Galax","Galax","Virginia",7014,7042,6837,6670,6524,6278,5254,5248,3195,2544,1250,755,0,0,0,0,0,0,0,0,0,0,0,0
"Gate City","Scott County","Virginia",1976,2034,2159,2214,2494,1914,2142,2126,1565,1216,684,599,521,0,0,0,0,0,0,0,0,0,0,0
"Glade Spring","Washington County","Virginia",1458,1456,1374,1435,1722,1615,1407,827,686,669,281,324,304,500,262,0,0,0,0,0,0,0,0,0
"Glasgow","Rockbridge County","Virginia",1113,1133,1046,1140,1259,1304,1091,810,938,507,376,407,0,0,0,0,0,0,0,0,0,0,0,0
"Glen Lyn","Giles County","Virginia",117,115,151,170,235,191,222,240,259,274,0,0,0,0,0,0,0,0,0,0,0,0,0,0
"Gordonsville","Orange County","Virginia",1560,1496,1498,1351,1421,1244,1109,1118,508,462,594,564,603,962,919,0,0,0,0,0,0,0,0,0
"Goshen","Rockbridge County","Virginia",355,361,406,366,134,121,99,124,187,124,154,165,253,0,0,0,0,0,0,0,0,0,0,0
"Gretna","Pittsylvania County","Virginia",1245,1267,1257,1339,1255,986,900,803,619,637,470,330,0,0,0,0,0,0,0,0,0,0,0,0
"Grottoes","Rockingham County","Virginia",2738,2668,2114,1455,1369,1166,969,908,759,534,492,456,381,0,0,0,0,0,0,0,0,0,0,0
"Grundy","Buchanan County","Virginia",988,1021,1105,1305,1699,2054,2287,1947,1476,815,394,264,200,0,123,0,0,0,0,0,0,0,0,0
"Halifax","Halifax County","Virginia",1252,1309,1389,688,772,899,792,791,536,473,411,516,687,1285,621,0,0,0,0,0,0,0,0,0
"Hallwood","Accomack County","Virginia",204,206,290,228,243,254,269,0,0,0,0,0,0,0,0,0,0,0,0,0,0,0,0,0
"Hamilton","Loudoun County","Virginia",588,506,562,700,598,502,403,351,409,295,287,315,364,407,248,0,0,0,0,0,0,0,0,0
"Hampton","Elizabeth City County","Virginia",136879,137436,146437,133793,122617,120779,89258,5966,5898,6382,6138,5505,2764,2513,2684,2300,1848,787,0,0,0,0,0,0
"Harrisonburg","Harrisonburg","Virginia",52478,48914,40468,30707,19671,14605,11916,10810,8768,7232,5875,4879,3521,2792,2831,2036,1023,0,0,0,0,0,0,0
"Haymarket","Prince William County","Virginia",1973,1782,879,483,230,288,257,213,156,167,133,162,0,0,107,0,0,0,0,0,0,0,0,0
"Haysi","Dickenson County","Virginia",476,498,186,222,371,428,485,476,623,0,0,0,0,0,0,0,0,0,0,0,0,0,0,0
"Herndon","Fairfax County","Virginia",24554,23292,21655,16139,11449,4301,1960,1461,1046,887,953,802,692,795,422,0,0,0,0,0,0,0,0,0
"Hillsboro","Loudoun County","Virginia",93,80,96,72,115,135,124,129,115,119,131,138,131,156,137,246,0,0,0,0,0,0,0,0
"Hillsville","Carroll County","Virginia",2680,2681,2607,2008,2123,1149,905,764,656,485,0,0,0,0,0,268,0,181,0,0,0,0,0,0
"Honaker","Russell County","Virginia",1399,1449,945,950,1475,911,851,847,851,710,755,369,295,0,0,0,0,0,0,0,0,0,0,0
"Hopewell","Hopewell","Virginia",22196,22591,22354,23101,23397,23471,17895,10219,8679,11327,1397,0,0,0,0,0,0,0,0,0,0,0,0,0
"Hurt","Pittsylvania County","Virginia",1281,1304,1276,1294,1481,1434,0,0,0,0,0,0,0,0,0,0,0,0,0,0,0,0,0,0
"Independence","Grayson County","Virginia",926,947,971,988,1112,673,679,486,429,0,0,0,0,0,0,0,0,0,0,0,0,0,0,0
"Iron Gate","Alleghany County","Virginia",383,388,404,417,620,692,716,725,719,777,699,600,392,199,0,0,0,0,0,0,0,0,0,0
"Irvington","Lancaster County","Virginia",418,432,673,496,567,504,570,0,0,0,0,0,0,0,0,0,0,0,0,0,0,0,0,0
"Ivor","Southampton County","Virginia",329,339,320,324,403,444,398,377,339,309,443,297,0,0,0,0,0,0,0,0,0,0,0,0
"Jarratt","Greensville/Sussex County","Virginia",630,638,589,556,614,591,608,574,458,0,0,0,0,0,0,0,0,0,0,0,0,0,0,0
"Jonesville","Lee County","Virginia",982,1034,995,927,874,700,711,597,588,384,328,383,0,0,0,274,0,0,0,0,0,0,0,0
"Keller","Accomack County","Virginia",177,178,173,235,236,235,263,0,0,0,0,0,0,0,0,0,0,0,0,0,0,0,0,0
"Kenbridge","Lunenburg County","Virginia",1241,1257,1253,1264,1352,1223,1188,1176,847,753,543,196,0,0,0,0,0,0,0,0,0,0,0,0
"Keysville","Charlotte County","Virginia",813,832,817,606,704,818,733,690,607,589,493,482,82,126,115,0,0,0,0,0,0,0,0,0
"Kilmarnock","Lancaster/Northumberland County","Virginia",1446,1487,1244,1109,945,841,927,689,614,0,0,0,0,0,59,0,0,0,0,0,0,0,0,0
"La Crosse","Mecklenburg County","Virginia",591,604,618,549,734,674,726,675,524,427,320,281,0,0,0,0,0,0,0,0,0,0,0,0
"Lawrenceville","Brunswick County","Virginia",1081,1438,1275,1486,1484,1636,1941,2239,1703,1629,1439,1733,760,305,238,0,0,0,0,0,0,0,0,0
"Lebanon","Russell County","Virginia",3356,3424,3273,3386,3206,2272,2085,672,622,560,469,366,325,310,244,209,264,0,0,0,0,0,0,0
"Leesburg","Loudoun County","Virginia",49496,42616,28311,16202,8357,4821,2869,1703,1698,1640,1545,1597,1513,1650,1726,1144,1083,1691,0,0,0,0,0,0
"Lexington","Rockbridge County","Virginia",7311,7042,6867,6959,7292,7597,7537,5976,3914,3752,2870,2931,3203,3059,2771,2873,2135,1743,0,0,0,0,0,0
"Louisa","Louisa County","Virginia",1610,1555,1401,1088,932,633,576,344,365,301,289,318,261,0,315,0,0,0,0,0,0,0,0,0
"Lovettsville","Loudoun County","Virginia",1869,1613,853,749,613,185,217,341,248,239,167,192,97,0,92,155,0,0,0,0,0,0,0,0
"Luray","Page County","Virginia",4850,4895,4871,4587,3584,3612,3014,2731,1511,1459,1381,1218,1147,1386,632,0,0,0,0,0,0,0,0,0
"Lynchburg","Campbell County","Virginia",79047,75568,65269,66049,66743,54083,54790,47727,44541,40661,30070,29494,18891,19709,15959,6825,6853,8071,6395,4630,0,0,0,0
"Madison","Madison County","Virginia",221,229,210,307,267,299,301,308,281,0,0,0,0,353,461,0,0,0,0,0,0,0,0,0
"Manassas","Prince William County","Virginia",42081,37821,10290,27957,15438,9164,3555,1804,1302,1215,1305,1217,817,530,361,0,0,0,0,0,0,0,0,0
"Manassas Park","Manassas Park","Virginia",15174,14273,35135,6734,6524,6844,5342,0,0,0,0,0,0,0,0,0,0,0,0,0,0,0,0,0
"Marion","Smyth County","Virginia",5875,5968,6349,6630,7287,8158,8385,6982,5177,4156,3253,2727,2045,1651,919,368,445,0,0,0,0,0,0,0
"Martinsville","Martinsville","Virginia",13711,13821,15416,16162,18149,19653,18798,17251,10080,7705,4075,3368,2384,0,289,0,0,0,0,0,0,0,0,0
"McKenney","Dinwiddie County","Virginia",476,483,441,386,473,489,519,476,453,341,0,0,0,0,0,0,0,0,0,0,0,0,0,0
"Melfa","Accomack County","Virginia",401,408,450,428,391,459,409,0,0,0,0,0,0,0,0,0,0,0,0,0,0,0,0,0
"Middleburg","Loudoun County","Virginia",781,673,632,549,619,833,761,663,629,298,283,263,296,429,419,0,0,0,0,0,0,0,0,0
"Middletown","Frederick County","Virginia",1319,1265,1015,1061,841,507,378,386,361,416,354,363,423,410,372,0,0,0,0,0,0,0,0,0
"Mineral","Louisa County","Virginia",479,467,424,471,399,397,366,414,427,416,408,260,0,0,0,0,0,0,0,0,0,0,0,0
"Monterey","Highland County","Virginia",139,147,158,222,247,223,270,262,309,290,313,240,246,0,154,0,0,0,0,0,0,0,0,0
"Montross","Westmoreland County","Virginia",386,384,315,359,456,419,394,331,0,0,0,0,0,0,0,0,0,0,0,0,0,0,0,0
"Mount Crawford","Rockingham County","Virginia",442,433,254,228,315,276,247,303,290,272,263,228,330,0,392,901,0,0,0,0,0,0,0,0
"Mount Jackson","Shenandoah County","Virginia",2036,1994,1664,1583,1419,681,722,732,562,575,500,479,472,0,494,270,560,0,0,0,0,0,0,0
"Narrows","Giles County","Virginia",1964,2029,2111,2082,2516,2421,2508,2520,1489,1345,1141,975,0,0,0,0,0,0,0,0,0,0,0,0
"Nassawadox","Northampton County","Virginia",495,499,572,564,630,591,650,0,0,0,0,0,0,0,0,0,0,0,0,0,0,0,0,0
"New Castle","Craig County","Virginia",153,153,179,152,213,225,200,239,253,259,702,0,299,214,182,199,225,0,0,0,0,0,0,0
"New Market","Shenandoah County","Virginia",2199,2146,1637,1435,1118,718,783,701,629,640,577,638,684,607,662,600,747,0,0,0,0,0,0,0
"Newport News","Newport News","Virginia",182965,180719,180150,170045,144903,138177,113662,42358,37067,34417,35596,20205,19635,4449,0,0,0,0,0,0,0,0,0,0
"Newsoms","Southampton County","Virginia",311,321,282,337,368,389,423,392,0,0,0,0,0,0,0,0,0,0,0,0,0,0,0,0
"Nickelsville","Scott County","Virginia",377,383,448,411,464,338,291,268,256,263,214,0,0,0,0,0,0,0,0,0,0,0,0,0
"Norfolk","Norfolk","Virginia",245428,242803,234403,261229,266979,307951,304869,213513,144332,129710,115777,67452,46624,34871,21966,19229,14620,14326,10920,9814,8478,9193,6926,2959
"Norton","Wise County","Virginia",4031,3958,3904,4247,4757,4172,5013,4315,4006,3077,3068,1866,654,0,0,0,0,0,0,0,0,0,0,0
"Occoquan","Prince William County","Virginia",1013,934,759,361,241,975,301,317,213,221,231,246,297,297,306,228,273,0,0,0,0,0,0,0
"Onancock","Accomack County","Virginia",1262,1263,1525,1434,1461,1614,1759,1353,1283,1245,1074,1001,938,0,0,0,0,0,0,0,0,0,0,0
"Onley","Accomack County","Virginia",517,516,496,532,526,464,415,0,0,0,0,0,0,0,0,0,0,0,0,0,0,0,0,0
"Orange","Orange County","Virginia",4902,4721,4123,2582,2631,2768,2955,2571,1980,1381,1078,674,536,571,547,731,0,0,0,0,0,0,0,0
"Painter","Accomack County","Virginia",227,229,246,259,321,363,349,0,0,0,0,0,0,0,0,0,0,0,0,0,0,0,0,0
"Pamplin City","Appomattox County","Virginia",220,219,199,208,273,394,312,370,273,323,262,210,0,294,117,0,0,0,0,0,0,0,0,0
"Parksley","Accomack County","Virginia",841,842,837,779,979,903,850,883,701,697,601,0,0,0,0,0,0,0,0,0,0,0,0,0
"Pearisburg","Giles County","Virginia",2699,2786,2729,2064,2128,2169,2268,2005,987,668,537,470,464,341,285,0,0,0,0,0,0,0,0,0
"Pembroke","Giles County","Virginia",1087,1128,1134,1064,1302,1095,1038,1010,0,0,0,0,0,0,0,0,0,0,0,0,0,0,0,0
"Pennington Gap","Lee County","Virginia",1823,1781,1781,1922,1716,1886,1799,2090,1990,1553,940,792,399,0,0,0,0,0,0,0,0,0,0,0
"Petersburg","Petersburg","Virginia",32701,32420,33740,38386,41055,36103,36750,35054,30631,28564,31012,24127,21810,22680,21656,18950,18266,14010,11136,8322,6690,5668,3521,2828
"Phenix","Charlotte County","Virginia",219,226,200,260,250,260,259,290,340,0,0,0,0,0,0,0,0,0,0,0,0,0,0,0
"Pocahontas","Tazewell County","Virginia",387,389,441,513,708,891,1313,2410,2623,2293,2591,2452,2789,2953,0,0,0,0,0,0,0,0,0,0
"Poquoson","Poquoson","Virginia",12048,12150,11566,11005,8726,5441,4278,0,0,0,0,0,0,0,0,0,0,0,0,0,0,0,0,0
"Port Royal","Caroline County","Virginia",129,126,170,204,147,199,128,139,123,157,155,194,193,236,347,435,323,470,0,0,0,0,0,0
"Portsmouth","Portsmouth","Virginia",96004,95535,100565,103907,104577,110963,114773,80039,50745,45704,54387,33190,17427,13268,11390,10590,9496,8626,6477,0,0,0,0,0
"Pound","Wise County","Virginia",976,1037,1089,995,1086,995,1135,1193,0,0,0,0,0,0,0,0,0,0,0,0,0,0,0,0
"Pulaski","Pulaski County","Virginia",8909,9086,9473,9985,10106,10279,10469,9202,8792,7168,5282,4807,2813,2112,0,0,0,0,0,0,0,0,0,0
"Purcellville","Loudoun County","Virginia",8929,7727,3584,1744,1567,1775,1419,945,787,747,549,388,0,0,98,0,0,0,0,0,0,0,0,0
"Quantico","Prince William County","Virginia",531,480,561,670,621,719,1015,1240,1139,538,0,0,0,0,0,0,0,0,0,0,0,0,0,0
"Radford","Montgomery County","Virginia",17646,16408,15859,15940,13225,11596,9371,9026,6990,6227,4627,4202,3344,2060,0,0,0,0,0,0,0,0,0,0
"Remington","Fauquier County","Virginia",621,598,624,460,425,321,288,309,226,273,267,251,198,0,0,0,0,0,0,0,0,0,0,0
"Rich Creek","Giles County","Virginia",752,774,665,670,746,729,748,740,0,0,0,0,0,0,0,0,0,0,0,0,0,0,0,0
"Richlands","Tazewell County","Virginia",5583,5823,4144,4456,5796,4843,4963,4648,2203,1355,1171,743,475,0,0,0,0,0,0,0,0,0,0,0
"Richmond","Richmond","Virginia",217853,204214,197790,203056,219214,249332,219958,230310,193042,182929,171667,127628,85050,81388,63600,51038,37910,27570,20153,16060,12067,9735,5737,3761
"Ridgeway","Henry County","Virginia",712,742,775,752,858,624,524,440,422,359,320,393,332,236,0,0,0,0,0,0,0,0,0,0
"Roanoke","Roanoke","Virginia",99428,97032,94911,96397,100220,92115,97110,91921,69287,69206,50842,34874,21495,16159,669,0,0,0,0,0,0,0,0,0
"Rocky Mount","Franklin County","Virginia",4798,4799,4066,4098,4198,4002,1412,1432,1366,1339,1076,967,612,628,315,0,0,0,0,0,0,0,0,0
"Round Hill","Loudoun County","Virginia",621,539,500,514,510,581,430,403,337,359,359,379,318,207,0,0,0,0,0,0,0,0,0,0
"Rural Retreat","Wythe County","Virginia",1485,1483,1350,972,1083,872,413,478,440,436,463,0,0,0,286,0,0,0,0,0,0,0,0,0
"Salem","Salem","Virginia",25483,24802,24747,23756,23958,21982,16058,6823,5737,4833,4159,3849,3412,3279,1759,1355,612,0,0,0,0,0,0,0
"Saltville","Smyth/Washington County","Virginia",2042,2077,2204,2300,2376,2527,2844,2678,2650,2964,2248,1628,1051,0,185,0,0,0,0,0,0,0,0,0
"Saxis","Accomack County","Virginia",239,241,337,367,415,451,577,0,0,0,0,0,0,0,0,0,0,0,0,0,0,0,0,0
"Scottsburg","Halifax County","Virginia",132,119,145,152,335,157,188,222,239,225,0,0,0,297,87,0,0,0,0,0,0,0,0,0
"Scottsville","Albemarle/Fluvanna County","Virginia",597,566,555,239,250,290,353,396,368,341,329,283,384,362,465,388,0,0,0,0,0,0,0,0
"Shenandoah","Page County","Virginia",2352,2373,1878,2213,1861,1714,1839,1903,1829,1980,1895,1431,1220,751,197,0,0,0,0,0,0,0,0,0
"Smithfield","Isle of Wight County","Virginia",8287,8089,6324,4686,3718,2713,917,1180,1178,1179,1181,1278,1225,891,814,652,777,733,0,0,0,0,0,0
"South Boston","Halifax County","Virginia",7986,8142,8491,6997,7093,6889,5974,6057,5252,4841,4338,3516,1851,1789,328,0,0,0,0,0,0,0,0,0
"South Hill","Mecklenburg County","Virginia",4541,4650,4403,4217,4347,3858,2569,2153,1739,1405,1074,732,0,0,0,0,0,0,0,0,0,0,0,0
"St. Charles","Lee County","Virginia",120,128,159,206,241,368,368,550,482,457,400,0,0,0,0,0,0,0,0,0,0,0,0,0
"St. Paul","Wise County","Virginia",925,970,1000,1007,973,948,1156,1014,746,716,574,0,0,0,0,0,0,0,0,0,0,0,0,0
"Stanardsville","Greene County","Virginia",378,367,476,257,284,296,283,182,212,229,0,0,0,0,0,0,0,0,0,0,0,0,0,0
"Stanley","Page County","Virginia",1663,1689,1326,1186,1204,1208,1039,399,317,259,449,218,0,0,0,0,0,0,0,0,0,0,0,0
"Staunton","Augusta County","Virginia",24538,23746,23853,24461,21857,24504,22232,19927,13337,11990,10623,10604,7289,6975,6664,5120,3875,0,0,0,0,0,0,0
"Stephens City","Frederick County","Virginia",1921,1829,1146,1186,1179,802,876,676,600,606,481,483,490,443,479,0,0,0,0,0,0,0,0,0
"Stony Creek","Sussex County","Virginia",191,198,202,271,329,430,437,482,493,465,345,0,0,0,0,0,0,0,0,0,0,0,0,0
"Strasburg","Shenandoah County","Virginia",6559,6398,4017,3762,2311,2431,2428,2022,1968,1901,650,762,690,646,647,580,624,0,0,0,0,0,0,0
"Stuart","Patrick County","Virginia",1455,1408,961,965,1131,947,974,849,720,588,401,388,371,332,0,0,0,0,0,0,0,0,0,0
"Suffolk","Suffolk","Virginia",86806,84585,63677,52141,47621,9858,12609,12339,11343,10271,9123,7008,3827,3354,1963,930,1395,0,0,0,0,0,0,0
"Surry","Surry County","Virginia",234,244,262,192,237,269,288,248,254,243,0,0,0,0,0,0,0,0,0,0,0,0,0,0
"Tangier","Accomack County","Virginia",727,727,604,659,771,814,876,915,1020,1120,962,698,0,0,0,0,0,0,0,0,0,0,0,0
"Tappahannock","Essex County","Virginia",2380,2375,2068,1550,1821,1111,1086,1011,783,427,422,478,554,452,574,0,0,0,0,0,0,0,0,0
"Tazewell","Tazewell County","Virginia",4479,4627,4206,4176,4468,4168,3000,1347,1374,1211,1261,1230,1096,604,508,0,0,0,0,0,0,0,0,0
"The Plains","Fauquier County","Virginia",224,217,266,219,382,418,484,405,372,414,275,0,0,0,0,0,0,0,0,0,0,0,0,0
"Timberville","Rockingham County","Virginia",2586,2522,1739,1596,1510,959,412,271,253,302,277,240,173,0,112,0,0,0,0,0,0,0,0,0
"Toms Brook","Shenandoah County","Virginia",262,258,255,227,226,258,244,256,219,240,0,0,0,0,0,0,598,0,0,0,0,0,0,0
"Troutdale","Grayson County","Virginia",173,178,1230,196,248,209,273,250,334,357,636,431,0,0,0,0,0,0,0,0,0,0,0,0
"Troutville","Botetourt County","Virginia",428,431,432,455,496,522,524,0,0,0,0,0,0,0,0,0,0,0,0,0,0,0,0,0
"Urbanna","Middlesex County","Virginia",467,476,543,529,518,475,512,505,482,432,387,475,0,0,163,0,0,0,0,0,0,0,0,0
"Victoria","Lunenburg County","Virginia",1696,1725,1821,1830,2004,1408,1737,1607,1555,1568,1445,682,0,0,0,0,0,0,0,0,0,0,0,0
"Vienna","Fairfax County","Virginia",16459,15687,14453,14852,15469,17146,11440,2029,1237,903,773,578,317,0,136,0,0,0,0,0,0,0,0,0
"Vinton","Roanoke County","Virginia",8180,8098,7782,7665,8027,6347,3432,3629,3455,3610,2779,1928,1438,1057,0,0,0,0,0,0,0,0,0,0
"Virgilina","Halifax County","Virginia",143,154,159,161,212,249,286,323,358,338,350,270,200,0,0,0,0,0,0,0,0,0,0,0
"Virginia Beach","Virginia Beach","Virginia",450980,437994,425257,393069,262199,172106,8091,5390,2600,1719,846,320,0,0,0,0,0,0,0,0,0,0,0,0
"Wachapreague","Accomack County","Virginia",230,232,236,291,404,399,507,551,548,585,498,485,0,0,0,0,0,0,0,0,0,0,0,0
"Wakefield","Sussex County","Virginia",886,927,1038,1070,1355,942,1015,949,687,881,784,570,0,0,0,0,0,0,0,0,0,0,0,0
"Warrenton","Fauquier County","Virginia",9907,9611,6670,4830,3907,4027,3522,1797,1651,1450,1545,1427,1627,1346,1464,1256,604,0,0,0,0,0,0,0
"Warsaw","Richmond County","Virginia",1501,1512,1375,961,771,511,549,435,0,0,0,0,0,0,115,0,0,0,0,0,0,0,0,0
"Washington","Rappahannock County","Virginia",128,135,183,198,247,189,255,249,245,250,233,235,300,252,254,0,0,0,0,0,0,0,0,0
"Waverly","Sussex County","Virginia",2081,2149,2309,2223,2284,1717,1601,1502,1288,1355,1306,1064,493,0,170,0,0,0,0,0,0,0,0,0
"Waynesboro","Augusta County","Virginia",21366,21006,19520,18549,15329,16707,15694,12357,7373,6226,1594,1389,856,646,484,536,457,0,0,0,0,0,0,0
"Weber City","Scott County","Virginia",1275,1327,1333,1377,1543,1676,1274,0,0,0,0,0,0,0,0,0,0,0,0,0,0,0,0,0
"West Point","King William County","Virginia",3333,3306,2866,2938,2726,2600,1678,1919,1947,1844,1635,1397,1307,2018,557,0,0,0,0,0,0,0,0,0
"White Stone","Lancaster County","Virginia",345,352,358,372,409,381,395,0,0,0,0,0,0,0,0,0,0,0,0,0,0,0,0,0
"Williamsburg","James City County","Virginia",14691,14068,11998,11530,9870,9069,6832,6735,3942,3778,2462,2714,2044,1831,1480,1392,1113,877,0,0,0,0,0,0
"Winchester","Frederick County","Virginia",27543,26203,23585,21947,20217,14643,15110,13841,12095,10855,6883,5864,5161,5196,4958,4477,4392,3857,3454,0,0,0,0,0
"Windsor","Isle of Wight County","Virginia",2654,2626,916,1025,985,685,579,451,411,371,326,328,0,0,266,0,0,0,0,0,0,0,0,0
"Wise","Wise County","Virginia",3144,3286,3255,3193,3894,2891,2614,1574,1226,1112,1071,806,511,186,128,0,0,0,0,0,0,0,0,0
"Woodstock","Shenandoah County","Virginia",5226,5097,3952,3182,2627,2338,2083,1816,1546,1552,1580,1314,1069,1068,1000,859,998,0,0,0,0,0,0,0
"Wytheville","Wythe County","Virginia",8133,8211,7804,8038,7135,6069,5634,5513,4653,3327,2947,3054,3003,2570,1885,1671,1111,0,0,0,0,0,0,0
