"Place","County","State",2014,2010,2000,1990,1980,1970,1960,1950,1940,1930,1920,1910,1900,1890,1880,1870,1860,1850,1840,1830,1820,1810,1800
"Addison town","Addison County","Vermont",1365,1371,1393,1023,889,717,645,628,576,684,743,796,851,900,847,911,1000,1279,1232,1306,1210,1100,734
"Bridport town","Addison County","Vermont",1221,1218,1235,1137,997,809,653,663,665,703,745,848,956,1018,1167,1176,1298,1393,1233,1774,1511,1520,1124
"Bristol town","Addison County","Vermont",3918,3894,3788,3762,3293,2744,2159,1988,1939,1832,1952,2005,2061,1828,1579,1365,1355,1334,1480,1247,1051,1179,665
"Cornwall town","Addison County","Vermont",1189,1185,1136,1101,993,900,756,728,670,640,782,789,850,927,1070,969,977,1155,1164,1264,1120,1279,1163
"Ferrisburgh town","Addison County","Vermont",2779,2775,2657,2317,2117,1875,1426,1387,1347,1285,1338,1433,1619,1601,1684,1768,1738,2075,1755,1822,1581,1647,956
"Goshen town","Addison County","Vermont",163,164,227,226,163,120,76,94,83,84,131,212,286,311,326,330,394,486,621,555,290,86,4
"Granville town","Addison County","Vermont",301,298,303,309,288,255,215,213,247,280,393,464,544,637,830,726,720,603,545,403,328,326,185
"Hancock town","Addison County","Vermont",326,323,382,340,334,283,323,391,371,303,300,287,253,283,382,430,448,430,465,472,548,311,149
"Leicester town","Addison County","Vermont",1119,1100,974,871,803,583,551,511,518,468,436,479,509,562,634,630,737,596,603,638,442,609,522
"Lincoln town","Addison County","Vermont",1272,1271,1214,974,870,599,481,577,745,800,841,980,1152,1255,1368,1174,1070,1057,770,639,278,225,97
"Middlebury town","Addison County","Vermont",8545,8496,8183,8034,7574,6532,5305,4778,3175,2968,2914,2848,3045,2793,2995,3086,2879,3517,3162,3468,2635,2138,1263
"Monkton town","Addison County","Vermont",2047,1980,1759,1482,1201,765,551,520,575,683,671,724,912,847,1025,1006,1123,1246,1310,1384,1152,1248,880
"New Haven town","Addison County","Vermont",1741,1727,1666,1375,1217,1039,922,932,881,964,1001,1161,1107,1224,1355,1355,1419,1663,1503,1834,1566,1688,1135
"Orwell town","Addison County","Vermont",1250,1250,1185,1114,901,851,826,902,876,835,942,1065,1150,1265,1351,1192,1341,1470,1688,1598,1730,324,1376
"Panton town","Addison County","Vermont",675,677,682,606,537,416,352,332,312,306,321,345,409,382,419,390,511,569,670,605,548,520,363
"Ripton town","Addison County","Vermont",595,588,556,444,327,187,131,207,231,194,237,421,525,568,672,617,570,567,357,278,42,15,
"Salisbury town","Addison County","Vermont",1131,1136,1090,1024,881,649,575,573,581,632,635,693,692,740,775,902,853,1027,942,907,721,709,644
"Shoreham town","Addison County","Vermont",1272,1265,1222,1115,972,790,786,829,865,948,925,1098,1193,1240,1354,1225,1382,1601,1674,2137,1881,2033,1447
"Starksboro town","Addison County","Vermont",1774,1777,1898,1511,1336,668,502,576,744,687,806,835,902,1070,1249,1361,1437,1400,1263,1342,914,726,359
"Vergennes city","Addison County","Vermont",2597,2588,2741,2578,2273,2242,1921,1736,1662,1705,1609,1463,1753,1773,1782,1670,1286,1378,1017,999,817,835,516
"Waltham town","Addison County","Vermont",477,486,479,454,394,265,186,193,184,175,204,202,264,255,248,249,263,270,283,330,264,244,247
"Weybridge town","Addison County","Vermont",828,833,824,749,667,618,430,402,385,418,438,494,518,543,608,627,667,804,797,850,714,750,502
"Whiting town","Addison County","Vermont",424,419,380,407,379,359,304,282,312,358,302,348,361,355,455,430,542,629,659,653,609,565,404
"Arlington town","Bennington County","Vermont",2277,2317,2397,2299,2184,1934,1605,1463,1418,1441,1370,1307,1193,1352,1532,1636,1146,1084,1038,1207,1354,1468,1597
"Bennington town","Bennington County","Vermont",15431,15764,15737,16451,15815,14586,13002,12411,11257,10628,9982,8698,8033,6391,6335,5760,4369,3923,3429,3419,2485,2524,2243
"Dorset town","Bennington County","Vermont",1996,2031,2036,1918,1648,1293,1150,1150,1128,1120,1226,1472,1477,1696,2005,2195,2089,1700,1426,1507,1359,1294,1286
"Glastenbury town","Bennington County","Vermont",8,8,16,7,3,0,0,1,4,7,40,29,48,181,241,119,47,52,53,59,48,76,48
"Landgrove town","Bennington County","Vermont",160,158,144,134,121,104,49,80,64,104,143,160,225,220,246,302,320,357,344,385,341,299,147
"Manchester town","Bennington County","Vermont",4313,4391,4180,3622,3261,2919,2470,2425,2139,2004,2057,2044,1955,1907,1928,1897,1688,1762,1594,1525,1508,1502,1397
"Peru town","Bennington County","Vermont",365,375,416,324,312,243,194,197,142,156,216,242,373,445,556,500,543,567,578,445,314,239,0
"Pownal town","Bennington County","Vermont",3476,3527,3560,3485,3269,2441,1509,1453,1402,1425,1396,1599,1976,1919,2019,1705,1731,1742,1615,1835,1812,1655,1692
"Readsboro town","Bennington County","Vermont",742,763,809,762,638,638,783,847,913,1043,1173,1252,1139,910,743,828,930,657,767,662,530,410,234
"Rupert town","Bennington County","Vermont",700,714,704,654,605,582,603,713,678,691,674,825,863,861,957,1017,1103,1101,1084,1318,1532,1630,1628
"Sandgate town","Bennington County","Vermont",398,405,353,278,234,127,93,158,187,189,283,401,482,587,681,705,805,850,776,933,1185,1187,1020
"Searsburg town","Bennington County","Vermont",107,109,96,85,72,84,73,84,135,103,133,142,161,173,232,235,262,201,120,40,9,0,0
"Shaftsbury town","Bennington County","Vermont",3531,3590,3767,3368,3001,2411,1939,1673,1577,1631,1534,1650,1857,1652,1887,2027,1936,1896,1885,2143,2022,1973,1896
"Stamford town","Bennington County","Vermont",818,824,813,773,773,752,600,514,418,370,374,510,677,645,726,633,759,833,662,563,490,378,383
"Sunderland town","Bennington County","Vermont",951,956,850,872,768,601,566,493,442,375,409,494,518,633,655,553,667,479,438,463,496,575,557
"Winhall town","Bennington County","Vermont",759,769,702,482,327,281,245,255,212,229,336,366,449,523,722,642,741,762,576,571,428,429,202
"Woodford town","Bennington County","Vermont",413,424,414,331,314,286,207,198,170,137,231,187,279,353,487,371,379,423,487,395,212,254,138
"Barnet town","Caledonia County","Vermont",1683,1708,1690,1415,1338,1342,1445,1425,1596,2604,1685,1707,1763,1897,1907,1945,1994,2521,2030,1764,1488,1301,858
"Burke town","Caledonia County","Vermont",1735,1753,1571,1406,1385,1053,922,1042,988,1016,1041,1183,1184,1198,1252,1162,1138,1103,997,866,541,460,108
"Danville town","Caledonia County","Vermont",2208,2196,2211,1917,1705,1405,1368,1312,1472,1600,1494,1564,1628,1784,2003,2216,2544,2577,2633,2631,2300,2240,1514
"Groton town","Caledonia County","Vermont",1013,1022,876,862,667,666,631,712,764,803,902,915,1059,1040,1014,811,939,893,928,836,595,449,248
"Hardwick town","Caledonia County","Vermont",2956,3010,3174,2964,2613,2466,2349,2629,2605,2720,2641,3201,2466,1547,1484,1519,1369,1402,1354,1216,867,735,260
"Kirby town","Caledonia County","Vermont",499,493,456,347,282,224,235,257,256,311,324,297,350,355,398,417,473,509,520,401,312,311,20
"Lyndon town","Caledonia County","Vermont",5941,5981,5448,5371,4924,3705,3425,3360,3144,3285,3558,3204,2956,2619,2434,2179,1695,1752,1753,1822,1296,1090,542
"Newark town","Caledonia County","Vermont",581,581,470,354,280,144,151,192,242,301,364,415,500,536,679,593,567,434,360,257,154,88,8
"Peacham town","Caledonia County","Vermont",735,732,665,627,531,446,433,501,543,620,657,777,794,892,1041,1141,1247,1377,1443,1351,1294,1301,873
"Ryegate town","Caledonia County","Vermont",1148,1174,1150,1058,1000,830,894,996,1105,1216,1188,1194,995,1126,1046,935,1098,1606,1223,1119,994,812,415
"Sheffield town","Caledonia County","Vermont",699,7603,7571,7608,7938,8409,8869,9292,9095,9696,8708,8098,7010,6567,5800,4665,3469,2758,1887,1592,1404,1334,651
"St. Johnsbury town","Caledonia County","Vermont",7523,703,727,541,435,307,342,451,465,543,594,691,724,760,884,811,836,797,821,720,581,388,179
"Stannard town","Caledonia County","Vermont",222,216,185,148,142,88,113,116,140,154,173,206,222,239,252,228,0,0,0,0,0,0,0
"Sutton town","Caledonia County","Vermont",1019,1029,1001,854,667,438,476,528,561,596,659,711,694,746,838,920,987,1001,1068,1005,697,433,0
"Walden town","Caledonia County","Vermont",933,935,782,703,575,442,427,481,547,664,674,739,764,810,931,992,1001,910,913,827,580,455,153
"Waterford town","Caledonia County","Vermont",1280,1280,1104,1190,882,586,460,468,498,712,574,629,705,734,815,872,1171,1412,1388,1358,1247,1289,565
"Wheelock town","Caledonia County","Vermont",806,811,621,481,444,238,246,287,293,412,526,500,567,596,829,822,832,855,881,834,906,963,568
"Bolton town","Chittenden County","Vermont",1191,1182,971,971,715,427,237,301,287,325,390,469,486,547,674,711,632,602,470,452,306,249,219
"Buels gore","Chittenden County","Vermont",30,30,12,2,9,10,0,3,2,4,14,16,20,21,24,29,35,18,0,0,0,0,0
"Burlington city","Chittenden County","Vermont",42211,42417,38889,39127,37712,38633,35531,33155,27686,24789,22779,20468,18640,14590,11365,14387,7713,7585,4271,3526,2111,1690,816
"Charlotte town","Chittenden County","Vermont",3856,3754,3569,3148,2561,1802,1271,1215,1082,1089,1160,1163,1254,1240,1342,1430,1589,1634,1620,1702,1625,1679,1231
"Colchester town","Chittenden County","Vermont",17384,17067,16986,14731,12629,8776,4718,3897,3031,2638,6627,6450,5352,5143,4421,3911,3041,2575,1739,1489,1192,659,347
"Essex town","Chittenden County","Vermont",20724,19587,18626,16498,14392,10951,7090,3931,3059,2876,2449,2714,2203,2013,2104,2022,1905,2052,1824,1664,1089,957,729
"Hinesburg town","Chittenden County","Vermont",4497,4396,4340,3780,2690,1775,1180,1120,1000,1019,964,1042,1216,1205,1330,1573,1702,1834,1682,1669,1332,1238,933
"Huntington town","Chittenden County","Vermont",1986,1938,1861,1609,1161,748,518,601,549,621,651,760,728,723,808,864,861,835,914,929,732,514,405
"Jericho town","Chittenden County","Vermont",5074,5009,5015,4302,3575,2343,1425,1135,1077,1091,1138,1307,1373,1461,1687,1757,1669,1837,1685,1654,1219,1185,728
"Milton town","Chittenden County","Vermont",10667,10352,9479,8404,6829,4495,2022,1874,1750,1663,1523,1648,1804,1885,2006,2062,1983,2451,2134,2100,1746,1546,786
"Richmond town","Chittenden County","Vermont",4129,4081,4090,3729,3159,2249,1303,1278,1225,1315,1447,1419,1057,1115,1264,1309,1400,1453,1064,1109,1014,935,718
"Shelburne town","Chittenden County","Vermont",7736,17904,15814,12809,10679,10032,6903,3279,1736,1023,938,927,971,845,664,791,0,0,0,0,0,0,0
"South Burlington city","Chittenden County","Vermont",18743,674,698,705,677,477,108,117,87,84,100,109,90,106,93,111,121,127,121,135,120,68,65
"St. George town","Chittenden County","Vermont",708,7144,6944,5871,5000,3728,1805,1365,1010,1006,997,1097,1292,1300,1095,1190,1178,1257,1098,1123,1168,987,723
"Underhill town","Chittenden County","Vermont",3067,3016,2980,2799,2172,1198,730,698,760,781,896,1004,1140,1301,1439,1655,1637,1599,1441,1052,757,490,212
"Westford town","Chittenden County","Vermont",2085,2029,2086,1740,1413,991,680,685,698,698,706,854,888,1033,1133,1237,1231,1458,1352,1290,1218,1107,648
"Williston town","Chittenden County","Vermont",9215,8698,7650,4887,3843,3187,1484,1182,1021,961,929,1000,1176,1161,1342,1441,1472,1664,1554,1608,1538,1195,836
"Winooski city","Chittenden County","Vermont",7228,7267,6561,6649,6318,7309,7420,6734,6036,5308,0,0,0,0,0,0,0,0,0,0,0,0,0
"Averill town","Essex County","Vermont",23,24,8,7,15,8,16,20,12,9,4,15,18,43,48,14,12,7,11,1,0,0,0
"Avery's gore","Essex County","Vermont",0,0,0,0,0,0,0,0,0,0,0,0,0,0,0,0,0,0,0,0,0,0,0
"Bloomfield town","Essex County","Vermont",215,221,261,253,188,196,212,291,326,417,382,496,564,827,627,455,320,244,179,150,132,9,27
"Brighton town","Essex County","Vermont",1182,1222,1260,1562,1557,1365,1545,1671,1754,2002,2280,2013,2023,2020,1691,1536,945,193,157,105,0,144,0
"Brunswick town","Essex County","Vermont",115,112,107,92,82,45,62,73,86,73,89,82,106,160,193,221,212,119,130,160,124,143,86
"Canaan town","Essex County","Vermont",934,972,1078,1121,1196,949,1094,969,872,906,982,869,934,829,637,417,408,471,378,373,227,143,44
"Concord town","Essex County","Vermont",1203,1235,1196,1093,1125,896,956,979,923,1043,1102,1080,1129,1425,1612,1276,1291,1153,1024,1031,806,232,322
"East Haven town","Essex County","Vermont",285,290,301,269,280,197,164,85,92,99,148,194,171,236,225,191,136,94,79,33,0,0,0
"Ferdinand town","Essex County","Vermont",31,32,33,23,12,14,16,10,17,18,106,213,41,73,40,33,34,0,0,0,0,0,0
"Granby town","Essex County","Vermont",85,88,86,85,70,52,56,74,76,69,70,95,182,361,194,174,132,127,105,97,49,30,69
"Guildhall town","Essex County","Vermont",255,261,268,270,202,169,248,270,313,351,376,445,455,511,558,483,552,501,470,481,529,120,296
"Lemington town","Essex County","Vermont",101,104,107,102,108,120,112,105,131,133,145,138,204,227,222,191,207,187,124,183,139,0,52
"Lewis town","Essex County","Vermont",0,0,0,0,0,0,0,0,0,0,0,0,0,0,0,0,0,0,0,0,0,0,0
"Lunenburg town","Essex County","Vermont",1270,1302,1328,1176,1138,1061,1237,1299,1374,1400,1048,880,968,1019,1038,999,1034,1123,1130,1054,856,132,393
"Maidstone town","Essex County","Vermont",202,208,105,131,100,94,78,81,96,123,171,175,206,198,286,254,259,237,271,236,165,714,152
"Norton town","Essex County","Vermont",160,169,214,169,184,207,241,279,314,339,336,479,692,960,239,303,32,0,0,0,0,0,0
"Victory town","Essex County","Vermont",60,62,97,50,56,42,46,49,104,80,125,206,321,554,321,263,212,168,140,53,0,6,0
"Warner's grant","Essex County","Vermont",0,0,0,0,0,0,0,0,0,0,0,0,0,0,0,0,0,0,0,0,0,0,0
"Warren's gore","Essex County","Vermont",4,4,10,2,0,1,0,0,0,0,0,0,0,0,0,0,0,0,0,0,0,0,0
"Bakersfield town","Franklin County","Vermont",1351,1322,1215,977,852,635,664,779,827,889,980,1079,1158,1162,1248,1043,1451,1523,1258,1087,945,812,222
"Berkshire town","Franklin County","Vermont",1716,1692,1388,1190,1116,931,965,1063,1156,1234,1299,1286,1326,1421,1596,1609,1890,1955,1818,1308,831,918,172
"Enosburgh town","Franklin County","Vermont",2754,2781,2788,2535,2070,1918,1966,2101,2082,2093,2231,2212,2054,2289,2213,2077,2066,2009,2022,1560,932,704,143
"Fairfax town","Franklin County","Vermont",4524,4285,3765,2486,1805,1366,1244,1129,1229,1249,1244,1318,1338,1523,1820,1956,1987,2111,1918,1729,1359,1301,786
"Fairfield town","Franklin County","Vermont",1911,1891,1800,1680,1493,1285,1225,1428,1444,1541,1632,1778,1830,1825,2172,2391,2497,2591,2448,2270,1573,1618,901
"Fletcher town","Franklin County","Vermont",1314,1277,1179,941,626,456,399,485,549,667,656,737,750,793,868,865,916,1084,1014,793,497,382,200
"Franklin town","Franklin County","Vermont",1424,1405,1268,1068,1006,821,796,878,1021,1001,994,1108,1145,1300,1439,1612,1781,1646,1410,1129,831,714,280
"Georgia town","Franklin County","Vermont",4684,4515,4375,3753,2818,1711,1079,1055,1008,1090,1075,1090,1280,1282,1504,1603,1547,2686,2106,1897,1703,1760,1068
"Highgate town","Franklin County","Vermont",3608,3535,3397,3020,2493,1936,1608,1681,1647,1574,1528,1758,1980,1853,2088,2260,2526,2653,2292,2038,1250,1374,437
"Montgomery town","Franklin County","Vermont",1195,1201,992,823,681,651,876,1091,1208,1386,1658,1721,1876,1734,1642,1423,1262,1001,564,460,293,237,36
"Richford town","Franklin County","Vermont",2316,2308,2321,2178,2206,2116,2316,2643,2646,2544,2842,2907,2421,2196,1818,1481,1338,1074,914,704,440,442,113
"Sheldon town","Franklin County","Vermont",6860,2190,1990,1748,1618,1481,1281,1352,1471,1563,1473,1246,1341,1365,1529,1697,1655,1814,1734,2158,927,883,408
"St. Albans (city)","Franklin County","Vermont",6313,6918,7650,7339,7308,8082,8806,8552,8037,8020,7588,6381,6237,0,0,0,0,0,0,0,0,0,0
"St. Albans (town)","Franklin County","Vermont",2230,5999,5086,4606,3555,3270,2303,1908,1733,1691,1583,1617,1715,7771,7193,7014,3637,3567,2702,2395,1636,1609,901
"Swanton town","Franklin County","Vermont",6442,6427,6203,5636,5141,4622,3946,3740,3543,3433,3342,3628,3745,3231,3079,2866,2678,2824,2312,2158,607,1657,858
"Alburgh town","Grand Isle County","Vermont",2008,1998,1952,1362,1352,1271,1123,1402,1623,1609,1491,1311,1474,1390,1614,1716,1793,1568,1344,1239,1172,1106,750
"Grand Isle town","Grand Isle County","Vermont",2081,2067,1955,1642,1238,809,624,735,791,857,808,839,851,793,749,682,708,666,724,642,698,338,0
"Isle La Motte town","Grand Isle County","Vermont",473,471,488,408,393,262,238,295,335,352,385,510,608,551,505,497,564,476,435,459,312,623,135
"North Hero town","Grand Isle County","Vermont",805,803,810,502,442,364,328,407,442,485,494,496,712,550,637,601,594,730,716,638,503,552,324
"South Hero town","Grand Isle County","Vermont",1627,1631,1696,1404,1188,868,614,567,611,641,605,605,817,559,620,586,617,705,664,717,842,826,678
"Belvidere town","Lamoille County","Vermont",355,348,294,228,218,189,155,207,220,258,363,429,428,571,400,369,366,256,207,185,198,217,0
"Cambridge town","Lamoille County","Vermont",3748,3659,3186,2667,2019,1528,1295,1435,1383,1402,1593,1696,1606,1689,1750,1651,1748,1849,1790,1613,1435,990,733
"Eden town","Lamoille County","Vermont",1348,1323,1152,840,612,513,430,496,498,568,619,751,738,851,934,958,919,668,703,461,201,224,29
"Elmore town","Lamoille County","Vermont",872,855,849,573,421,292,237,312,300,382,468,563,550,593,682,637,602,504,476,442,164,157,45
"Hyde Park town","Lamoille County","Vermont",3040,2954,2847,2344,2021,1347,1219,1291,1178,1165,1323,1453,1472,1633,1716,1624,1409,1107,1080,823,373,261,110
"Johnson town","Lamoille County","Vermont",3511,3446,3274,3156,2581,1927,1478,1527,1420,1378,1478,1526,1391,1462,1495,1558,1526,1381,1410,1079,778,494,265
"Morristown town","Lamoille County","Vermont",5389,5227,5139,4733,4448,4052,3347,3225,3130,2939,2813,2652,2583,2411,2099,1897,1751,1441,1502,1315,726,550,144
"Stowe town","Lamoille County","Vermont",4411,4314,4339,3433,2991,2388,1901,1720,1741,1654,1800,1991,1926,1886,1896,2049,2046,1771,1371,1570,957,650,316
"Waterville town","Lamoille County","Vermont",687,673,697,532,470,397,332,409,386,307,469,485,529,577,547,574,747,753,610,488,0,0,0
"Wolcott town","Lamoille County","Vermont",1721,1676,1456,1229,986,676,633,766,772,831,932,1049,1066,1158,1166,1132,1161,909,910,492,123,124,47
"Bradford town","Orange County","Vermont",2765,2797,2619,2522,2191,1627,1619,1551,1507,1234,1422,1372,1338,1429,1520,1492,1689,1723,1655,1507,1411,1302,1062
"Braintree town","Orange County","Vermont",1231,1246,1194,1174,1065,751,536,626,648,635,707,760,776,854,1051,1066,1225,1228,1232,1209,1037,850,531
"Brookfield town","Orange County","Vermont",1289,1292,1222,1089,959,606,597,762,808,761,860,1008,996,996,1239,1269,1672,1672,1789,1677,1411,1384,988
"Chelsea town","Orange County","Vermont",1245,1238,1250,1166,1091,983,957,1025,1013,1004,1087,1074,1070,1230,1462,1526,1757,1958,1959,1958,1462,1327,896
"Corinth town","Orange County","Vermont",1366,1367,1461,1244,904,683,775,786,822,817,936,1005,978,1027,1627,1470,1627,1806,1970,1953,1907,1876,1410
"Fairlee town","Orange County","Vermont",987,977,967,883,770,604,569,571,535,456,459,438,438,398,469,416,549,575,644,656,1143,983,386
"Newbury town","Orange County","Vermont",2202,2216,1955,1985,1699,1440,1452,1667,1723,1744,1908,2036,2125,2080,2316,2241,2549,2984,2578,2252,1623,1363,1304
"Orange town","Orange County","Vermont",1073,1072,965,915,752,540,430,410,482,508,485,644,598,589,731,733,936,1007,984,1016,751,686,348
"Randolph town","Orange County","Vermont",4755,4778,4853,4764,4689,3882,3414,3499,3278,3166,3010,3191,3141,3232,2910,2829,2502,2666,2678,2743,2487,2255,1841
"Strafford town","Orange County","Vermont",1107,1098,1045,902,731,536,548,680,598,615,601,776,1000,932,1181,1290,1506,1640,1762,1935,1921,1805,1642
"Thetford town","Orange County","Vermont",2591,2588,2617,2438,2188,1422,1049,1046,1043,1052,1089,1182,1249,1287,1529,1613,1876,2016,2065,2113,1915,1735,1478
"Topsham town","Orange County","Vermont",1171,1173,1142,944,767,686,638,733,707,720,825,918,1117,1187,1365,1418,1662,1668,1745,1384,1020,814,344
"Tunbridge town","Orange County","Vermont",1286,1284,1309,1154,925,791,743,774,882,903,907,918,885,1011,1262,1405,1546,1786,1811,1920,2003,1640,1324
"Vershire town","Orange County","Vermont",722,730,629,560,442,299,236,284,367,368,410,446,641,954,1875,1140,1053,1071,1188,1260,1290,1311,1031
"Washington town","Orange County","Vermont",1029,1039,1047,937,855,667,565,650,730,697,660,762,820,820,922,1113,1249,1348,1369,1374,1160,1040,507
"West Fairlee town","Orange County","Vermont",657,652,726,633,427,337,333,363,428,405,387,446,531,561,1038,833,830,696,824,841,1143,983,391
"Williamstown town","Orange County","Vermont",3383,3389,3225,2839,2284,1822,1553,1600,1477,1609,1526,1726,1610,1188,1038,1236,1377,1452,1620,1487,1481,1353,839
"Albany town","Orleans County","Vermont",920,941,840,782,705,528,560,704,748,810,840,920,1028,995,1138,1151,1224,1052,920,683,253,101,0
"Barton town","Orleans County","Vermont",2702,2810,2780,2967,2990,2874,3066,3298,3371,3469,3506,3346,2790,2217,2364,1911,1590,987,892,729,372,447,128
"Brownington town","Orleans County","Vermont",969,988,885,705,708,522,599,673,689,697,741,760,748,799,854,901,761,613,486,412,265,236,65
"Charleston town","Orleans County","Vermont",1001,1023,895,844,851,654,668,764,834,895,921,993,1025,1058,1204,1278,1160,1009,731,564,90,56,0
"Coventry town","Orleans County","Vermont",1059,1086,1014,806,674,492,458,497,549,610,668,616,728,879,911,914,914,857,786,728,282,178,7
"Craftsbury town","Orleans County","Vermont",1179,1206,1136,994,844,632,674,709,875,976,1042,1119,1251,1271,1381,1330,1413,1223,1151,982,605,566,229
"Derby town","Orleans County","Vermont",4502,4621,4604,4479,4222,3252,2506,2245,2118,2135,2201,2330,2361,2900,1957,2039,1908,1759,1681,1469,925,714,178
"Glover town","Orleans County","Vermont",1099,1122,966,820,843,649,683,727,788,860,826,932,891,970,1055,1178,1244,1137,1119,902,549,368,35
"Greensboro town","Orleans County","Vermont",746,762,770,717,677,593,600,737,768,831,906,931,874,918,1061,1027,1065,1008,883,784,625,566,280
"Holland town","Orleans County","Vermont",617,629,588,423,473,383,376,406,533,560,714,722,838,878,913,881,748,669,605,422,100,126,0
"Irasburg town","Orleans County","Vermont",1138,1163,1077,907,870,775,711,711,852,924,999,983,939,999,1054,1085,1131,1034,971,860,432,392,15
"Jay town","Orleans County","Vermont",552,521,426,381,302,182,197,243,230,274,368,513,530,641,696,553,474,371,306,196,52,28,0
"Lowell town","Orleans County","Vermont",861,879,738,594,573,515,617,643,615,725,1005,1086,983,1178,1067,942,813,637,431,314,144,0,0
"Morgan town","Orleans County","Vermont",742,749,669,497,460,286,260,296,335,363,368,463,510,520,711,614,548,486,422,331,116,135,0
"Newport (city)","Orleans County","Vermont",4473,4589,5005,4434,4756,4664,5019,5217,4902,5094,4976,3657,2787,0,0,0,0,0,0,0,0,0,0
"Newport (town)","Orleans County","Vermont",2034,1594,1511,1367,1319,1125,1010,966,1064,1193,1187,1236,1239,3047,2426,2050,1197,748,591,284,52,28,50
"Troy town","Orleans County","Vermont",1622,1662,1564,1609,1498,1457,1613,1786,1869,1098,1869,1685,1467,1673,1522,1355,1246,1008,855,608,227,231,0
"Westfield town","Orleans County","Vermont",524,536,503,422,418,375,347,358,354,448,490,613,646,763,698,721,618,502,370,353,225,149,16
"Westmore town","Orleans County","Vermont",342,350,306,305,257,195,179,210,224,224,287,331,390,395,480,412,324,152,122,132,0,126,0
"Benson town","Rutland County","Vermont",1037,1056,1039,847,739,583,549,573,572,630,807,813,844,880,1104,1244,1256,1305,1403,1493,1481,1561,1164
"Brandon town","Rutland County","Vermont",3860,3966,3917,4223,4194,3697,3329,3304,2979,2891,2874,2712,2759,3310,3280,3571,3077,2835,2194,1940,1495,1375,1076
"Castleton town","Rutland County","Vermont",4612,4717,4367,4278,3637,2837,1902,1748,1601,1794,1919,1886,2089,2396,2605,3243,2852,3016,1769,1783,1541,1420,1039
"Chittenden town","Rutland County","Vermont",1237,1258,1182,1102,927,646,460,424,379,341,472,563,621,730,1092,802,763,675,644,610,528,446,327
"Clarendon town","Rutland County","Vermont",2504,2571,2811,2835,2372,1537,1091,1102,868,883,826,857,915,928,1105,1173,1237,1477,1549,1585,1712,1797,1789
"Danby town","Rutland County","Vermont",1287,1311,1292,1193,992,910,891,990,1112,1070,1007,1001,964,1084,1202,1319,1419,1535,1479,1362,1607,1730,1487
"Fair Haven town","Rutland County","Vermont",2650,2734,2928,2887,2819,2777,2378,2286,2245,2614,2540,3095,2999,2791,2211,2008,1378,902,633,675,714,645,411
"Hubbardton town","Rutland County","Vermont",693,706,752,576,490,228,238,332,346,307,328,455,488,506,533,606,606,701,719,865,810,734,541
"Ira town","Rutland County","Vermont",428,432,455,426,354,284,220,232,248,287,295,286,350,421,479,413,422,400,451,442,498,519,473
"Killington town","Rutland County","Vermont",795,811,1095,738,891,558,266,283,266,298,336,409,402,451,450,462,525,578,698,432,154,116,90
"Mendon town","Rutland County","Vermont",1038,1059,1028,1049,1056,743,461,334,313,251,264,321,392,570,629,612,633,504,545,432,174,111,39
"Middletown Springs town","Rutland County","Vermont",732,745,823,686,603,426,381,496,493,583,567,716,746,786,823,777,712,875,1057,919,1039,1207,1066
"Mount Holly town","Rutland County","Vermont",1222,1237,1241,1093,938,687,517,567,656,727,856,871,999,1214,1390,1582,1522,1534,1356,1318,1157,922,668
"Mount Tabor town","Rutland County","Vermont",256,255,203,214,211,184,165,186,213,173,168,289,494,436,495,301,358,308,226,210,222,209,153
"Pawlet town","Rutland County","Vermont",1438,1477,1394,1314,1244,1184,1112,1156,1192,1476,1413,1969,1731,1745,1696,1505,1539,1843,1748,1965,2155,2233,1938
"Pittsfield town","Rutland County","Vermont",543,546,427,389,396,249,254,225,259,256,343,402,435,468,555,482,493,512,615,505,453,338,164
"Pittsford town","Rutland County","Vermont",2898,2991,3140,2919,2590,2306,2225,2076,2093,2332,2098,2479,1866,1775,1982,2127,1839,2026,1927,2005,1916,1936,1413
"Poultney town","Rutland County","Vermont",3340,3432,3633,3498,3196,3217,3009,2936,2781,3215,2868,3644,3108,3031,2717,2836,2278,2329,1878,1909,1956,1904,1694
"Proctor town","Rutland County","Vermont",1677,1741,1877,1979,1998,2095,2102,1917,2292,2596,2789,2871,2136,1758,0,0,0,0,0,0,0,0,0
"Rutland (city)","Rutland County","Vermont",15942,16495,17292,18230,18436,19293,18325,17659,17082,17318,14954,13546,11499,0,0,0,0,0,0,0,0,0,0
"Rutland (town)","Rutland County","Vermont",4019,4054,4038,3781,3300,2248,1542,1416,1350,1387,1270,1311,1109,11760,12149,9834,7577,3715,2708,2753,2369,2379,2125
"Shrewsbury town","Rutland County","Vermont",1033,1056,1108,1107,866,570,445,464,537,540,620,751,935,974,1235,1145,1175,1268,1218,1289,1151,990,748
"Sudbury town","Rutland County","Vermont",548,560,583,516,380,253,249,263,321,361,417,415,474,502,562,601,696,794,796,812,809,754,521
"Tinmouth town","Rutland County","Vermont",614,613,567,455,406,268,228,248,346,340,349,410,404,435,532,569,620,717,780,1049,1069,1001,973
"Wallingford town","Rutland County","Vermont",2041,2079,2274,2184,1893,1676,1439,1482,1450,1564,1581,1719,1575,1733,1846,2023,1747,1688,1608,1740,1570,1386,912
"Wells town","Rutland County","Vermont",1137,1150,1121,902,815,560,419,487,420,515,521,569,606,621,665,483,642,804,740,880,986,1040,978
"West Haven town","Rutland County","Vermont",259,264,278,273,253,240,220,232,302,280,343,363,355,412,492,713,580,718,774,724,684,679,430
"West Rutland town","Rutland County","Vermont",2246,2326,2535,2448,2351,2381,2302,2487,2922,3421,3391,3427,2914,3680,0,0,0,0,0,0,0,0,0
"Barre (city)","Washington County","Vermont",8837,9052,9291,9482,9824,10209,10387,10922,10909,11307,10008,10734,8448,0,0,0,0,0,0,0,0,0,0
"Barre (town)","Washington County","Vermont",7857,7924,7602,7411,7090,6509,4580,4145,4052,4280,3882,4194,3346,6812,2060,1882,1839,1845,2126,2012,1955,1669,919
"Berlin town","Washington County","Vermont",2840,2887,2864,2561,2454,2050,1306,1158,1111,992,959,1079,1021,1514,1380,1474,1545,1507,1598,1664,1455,1067,684
"Cabot town","Washington County","Vermont",1449,1433,1213,1043,958,663,763,826,974,1107,1036,1116,1126,1074,1242,1279,1318,1356,1440,1304,1032,686,349
"Calais town","Washington County","Vermont",1600,1607,1529,1521,1207,749,684,778,818,812,860,1042,1101,1062,1253,1309,1409,1410,1709,1539,1111,841,443
"Duxbury town","Washington County","Vermont",1337,1337,1289,976,877,621,546,489,854,553,631,648,778,912,894,893,1000,895,820,652,440,326,153
"East Montpelier town","Washington County","Vermont",2626,2576,2578,2239,2205,1597,1200,1128,1025,965,918,985,1061,953,972,1130,1328,1447,1092,1156,0,0,0
"Fayston town","Washington County","Vermont",1347,1353,1141,846,657,292,158,172,284,318,424,452,466,533,638,694,800,684,635,458,263,149,18
"Marshfield town","Washington County","Vermont",1550,1588,1496,1331,1267,1033,891,830,901,872,898,1011,1032,1121,1102,1072,1160,1102,1156,1271,710,513,172
"Middlesex town","Washington County","Vermont",1756,1731,1729,1514,1235,857,770,887,817,751,762,858,883,889,1087,1171,1254,1365,1270,1156,726,401,262
"Montpelier city","Washington County","Vermont",7671,7855,8035,8247,8241,8609,8782,8599,8006,7837,7125,7856,6266,4160,3219,3023,2411,2310,3725,1193,2308,1877,890
"Moretown town","Washington County","Vermont",1664,1658,1653,1415,1221,904,788,883,675,889,930,686,902,956,1180,1263,1410,1335,1128,816,593,405,191
"Northfield town","Washington County","Vermont",6114,6207,5791,5610,5435,4870,4511,4314,3601,3436,3095,3226,2855,2628,2836,3410,4329,2922,2013,1412,690,426,204
"Plainfield town","Washington County","Vermont",1252,1243,1286,1302,1249,1399,966,945,832,766,781,785,716,745,729,726,822,808,880,874,660,543,256
"Roxbury town","Washington County","Vermont",687,691,576,575,452,354,364,465,554,594,609,618,712,768,938,916,1060,967,784,737,512,361,113
"Waitsfield town","Washington County","Vermont",1723,1719,1659,1422,1300,837,658,661,706,723,682,709,760,815,938,948,1005,1021,1048,968,935,647,473
"Warren town","Washington County","Vermont",1703,1705,1681,1172,956,588,469,498,450,486,654,825,826,866,951,1008,1041,962,943,766,320,229,58
"Waterbury town","Washington County","Vermont",5098,5064,4915,4589,4465,4614,4303,4276,4118,4045,3542,3273,2810,2232,2297,2633,2198,2352,1992,1650,1269,966,644
"Woodbury town","Washington County","Vermont",895,906,809,766,573,399,317,449,463,529,686,824,862,810,856,902,999,1070,1092,824,432,254,23
"Worcester town","Washington County","Vermont",992,998,902,906,727,505,417,445,396,471,463,694,636,725,802,775,684,702,567,432,44,41,25
"Athens town","Windham County","Vermont",437,442,340,313,250,159,142,139,136,132,123,201,180,205,284,295,382,359,358,415,507,478,459
"Brattleboro town","Windham County","Vermont",11765,12046,12005,12241,11886,12239,11734,11522,10983,9816,8332,7541,6640,6862,5880,4933,3855,3816,2624,2141,2017,1891,1867
"Brookline town","Windham County","Vermont",524,530,467,403,310,180,127,132,104,101,105,137,171,162,206,203,243,285,325,376,395,431,472
"Dover town","Windham County","Vermont",1108,1124,1410,994,666,555,370,252,244,278,385,377,503,524,621,635,650,709,729,1216,829,859,0
"Dummerston town","Windham County","Vermont",1829,1864,1915,1863,1574,1295,872,790,615,604,570,643,728,860,816,916,1021,1645,1263,1592,1658,1704,1692
"Grafton town","Windham County","Vermont",670,679,649,602,604,465,426,422,393,453,476,729,804,817,929,1008,1154,1241,1326,1439,1482,1365,1149
"Guilford town","Windham County","Vermont",2093,2121,2046,1941,1532,1108,823,796,686,663,684,769,782,870,1096,1277,1291,1389,1523,1760,1862,1872,2257
"Halifax town","Windham County","Vermont",723,728,782,588,488,295,268,343,353,390,504,635,662,702,852,1029,1125,1133,1399,1552,1567,1758,1600
"Jamaica town","Windham County","Vermont",1022,1035,946,754,681,590,496,597,567,570,686,716,800,1074,1252,1223,1541,1606,1586,1523,1343,996,582
"Londonderry town","Windham County","Vermont",1756,1769,1709,1506,1510,1037,898,953,859,799,911,962,961,1010,1154,1252,1367,1274,1216,1302,958,637,530
"Marlboro town","Windham County","Vermont",1067,1078,978,924,695,592,347,311,225,255,300,442,448,495,563,665,741,896,1027,1218,1296,1245,1087
"Newfane town","Windham County","Vermont",1684,1726,1680,1555,1129,900,714,708,672,662,710,820,902,962,1031,1115,1192,1304,1403,1441,1506,1276,1000
"Putney town","Windham County","Vermont",2681,2702,2634,2352,1850,1727,1177,1019,904,835,761,788,969,1075,1124,1167,1163,1425,1585,1810,1547,1607,1574
"Rockingham town","Windham County","Vermont",5140,5282,5309,5484,5538,5501,5704,5499,5737,5302,6231,6207,5809,4579,3797,2854,2904,2837,2330,2272,2155,1954,1684
"Somerset town","Windham County","Vermont",3,3,5,2,2,0,4,8,5,20,59,27,67,61,67,80,105,321,262,245,173,199,130
"Stratton town","Windham County","Vermont",212,216,136,121,122,104,24,54,117,55,90,86,271,222,302,294,365,286,341,312,272,265,271
"Townshend town","Windham County","Vermont",1217,1232,1149,1019,849,668,643,584,694,633,786,817,833,865,1099,1171,1376,1354,1345,1386,1406,1115,1083
"Vernon town","Windham County","Vermont",2184,2206,2141,1850,1175,1024,865,712,559,609,656,606,578,567,652,764,726,821,705,681,627,521,480
"Wardsboro town","Windham County","Vermont",886,900,854,654,505,391,322,377,401,355,380,559,637,704,766,866,1005,1125,1102,1148,1010,2053,1484
"Westminster town","Windham County","Vermont",3111,3178,3210,3026,2493,1875,1602,1400,1403,1324,1289,1327,1295,1265,1377,1238,1300,1721,1656,1737,1974,1925,1942
"Whitingham town","Windham County","Vermont",1344,1357,1298,1177,1043,1011,838,816,789,734,811,969,1042,1191,1240,1263,1372,1380,1391,1477,1397,1248,868
"Wilmington town","Windham County","Vermont",1842,1876,2225,1968,1808,1586,1245,1169,1221,1171,1483,1229,1221,1106,1130,1246,1424,1372,1296,1367,1369,1193,1011
"Windham town","Windham County","Vermont",416,419,328,251,223,174,135,146,183,254,261,345,356,379,536,544,680,763,757,847,931,782,427
"Andover town","Windsor County","Vermont",477,467,496,373,350,239,215,185,213,258,294,284,372,418,564,588,670,725,877,975,1000,957,1016
"Baltimore town","Windsor County","Vermont",255,244,250,190,181,170,90,89,85,69,62,54,55,64,71,83,116,124,155,179,204,207,174
"Barnard town","Windsor County","Vermont",931,947,958,872,790,569,435,439,486,584,653,737,840,918,1191,1208,1487,1647,1774,1889,1691,1648,1236
"Bethel town","Windsor County","Vermont",2016,2030,1968,1866,1715,1347,1356,1534,1477,1650,1782,1843,1611,1448,1693,1817,1804,1730,1886,1667,1318,1041,913
"Bridgewater town","Windsor County","Vermont",930,936,980,895,867,783,776,903,695,741,808,874,972,1124,1084,1141,1292,1311,1363,1311,1125,1154,781
"Cavendish town","Windsor County","Vermont",1361,1367,1470,1323,1355,1264,1223,1374,1598,1418,1319,1208,1352,1172,1276,1823,1509,1576,1427,1498,1551,1295,922
"Chester town","Windsor County","Vermont",3092,3154,3044,2832,2791,2371,2318,1981,1740,1666,1633,1784,1775,1787,1901,2052,2126,2001,2305,2320,2495,2370,1878
"Hartford town","Windsor County","Vermont",9829,9952,10367,9404,7963,6477,6355,5827,4978,4888,4739,4179,3817,3740,2954,2480,2396,2159,2341,2044,2010,1831,1494
"Hartland town","Windsor County","Vermont",3379,3393,3223,2988,2396,1806,1592,1559,1306,1266,1212,1316,1340,1393,1598,1710,1748,2063,2194,2503,2553,2352,1960
"Ludlow town","Windsor County","Vermont",1935,1963,2449,2302,2414,2463,2386,2428,2458,2305,2421,2215,2042,1768,2005,1827,1568,1619,1363,1227,1140,877,410
"Norwich town","Windsor County","Vermont",3386,3414,3544,3093,2398,1966,1790,1532,1418,1371,1092,1252,1303,1304,1471,1639,1759,1978,2218,2316,1985,1812,1482
"Plymouth town","Windsor County","Vermont",616,619,555,440,405,283,308,348,432,331,449,482,646,765,1075,1285,1252,1226,1417,1237,1112,834,497
"Pomfret town","Windsor County","Vermont",894,904,997,874,856,620,600,586,686,728,732,703,777,865,1139,1251,1375,1546,1774,1867,1835,1473,1105
"Reading town","Windsor County","Vermont",656,666,707,614,647,564,472,470,437,474,483,530,649,749,953,1012,1159,1171,1353,1409,1803,1565,1120
"Rochester town","Windsor County","Vermont",1121,1139,1171,1181,1054,884,879,937,1129,1285,1397,1317,1250,1257,1362,1444,1607,1493,1396,1392,1148,911,524
"Royalton town","Windsor County","Vermont",2765,2773,2603,2389,2100,1399,1388,1331,1291,1491,1469,1452,1427,1433,1558,1679,1739,1850,1917,1893,1816,1758,1501
"Sharon town","Windsor County","Vermont",1495,1502,1411,1211,828,541,485,470,530,559,545,565,709,737,1012,1013,1111,1240,1371,1459,1431,1363,1158
"Springfield town","Windsor County","Vermont",9232,9373,9078,9579,10190,10063,9934,9190,7720,6965,7202,4784,3432,2881,3144,2937,2968,2762,2625,2749,2702,2556,2032
"Stockbridge town","Windsor County","Vermont",731,736,674,618,508,389,392,427,490,460,618,737,822,894,1124,1269,1264,1327,1418,1333,964,700,432
"Weathersfield town","Windsor County","Vermont",2791,2825,2788,2674,2534,2040,1254,1288,1075,1156,1087,1092,1089,1174,1354,1557,1766,1851,2081,2213,2301,2115,1944
"West Windsor town","Windsor County","Vermont",1089,1099,1067,923,763,571,539,504,494,512,514,569,513,570,690,708,924,1002,0,0,0,0,0
"Weston town","Windsor County","Vermont",561,566,630,488,627,507,442,468,457,411,436,632,756,864,987,931,932,950,1032,972,890,629,0
"Windsor town","Windsor County","Vermont",3476,3553,3756,3714,4084,4158,4468,4402,4155,4359,3687,2407,2119,1846,2175,1699,1669,1928,2744,3134,2956,2757,2211
"Woodstock town","Windsor County","Vermont",2996,3048,3232,3212,3214,2608,2786,2613,2512,2469,2370,2545,2557,2545,2815,2910,3062,3041,3315,3044,2610,2672,2132
