"Place","County","State",2014,2010,2000,1990,1980,1970,1960,1950,1940,1930,1920,1910,1900,1890,1880,1870,1860,1850,1840
"Abbotsford","Marathon County","Wisconsin",2278,2310,1956,1916,1901,1375,1171,1013,920,781,782,947,443,0,0,0,0,0,0
"Adams","Adams County","Wisconsin",1899,1967,1914,1715,1744,1440,1301,1425,1310,1231,1119,0,0,0,0,0,0,0,0
"Adell","Sheboygan County","Wisconsin",520,516,517,510,545,380,398,366,313,262,246,0,0,0,0,0,0,0,0
"Albany","Green County","Wisconsin",1016,1018,1191,1140,1051,875,892,839,741,728,741,669,797,698,267,0,0,0,0
"Algoma","Kewaunee County","Wisconsin",3117,3167,3357,3353,3656,4023,3855,3384,2652,2202,1911,2082,1738,1015,948,0,0,0,0
"Allouez","Brown County","Wisconsin",13943,13975,15443,14431,0,0,0,0,0,0,0,0,0,0,0,0,0,0,0
"Alma Center","Jackson County","Wisconsin",500,503,446,416,454,495,464,441,431,383,461,417,0,0,170,0,0,0,0
"Alma","Buffalo County","Wisconsin",752,781,942,790,848,956,1008,1068,1139,1009,970,1011,1201,1428,1244,565,0,0,0
"Almena","Barron County","Wisconsin",664,677,720,625,526,423,398,406,0,0,0,0,0,0,0,0,0,0,0
"Almond","Portage County","Wisconsin",437,448,459,455,477,440,391,435,449,449,504,487,0,0,0,0,0,0,0
"Altoona","Eau Claire County","Wisconsin",7155,6706,6698,5889,4393,2842,2114,1713,1239,1044,960,824,721,805,0,0,0,0,0
"Amery","Polk County","Wisconsin",2856,2902,2845,2657,2404,2126,1769,1625,1461,1354,1203,659,905,451,0,0,0,0,0
"Amherst Junction","Portage County","Wisconsin",375,377,305,269,225,141,131,185,197,210,192,0,0,0,49,0,0,0,0
"Amherst","Portage County","Wisconsin",1043,1035,964,792,701,585,596,608,611,577,588,629,558,438,298,0,0,0,0
"Aniwa","Shawano County","Wisconsin",250,260,272,249,273,233,247,257,283,296,250,274,367,0,0,0,0,0,0
"Antigo","Langlade County","Wisconsin",7921,8234,8560,8276,8653,9005,9691,9902,9495,8610,8451,7196,5145,4424,0,0,0,0,0
"Appleton","Outagamie County","Wisconsin",73971,72623,70087,65695,58913,56377,48411,34010,25267,19561,16773,15085,11869,8005,4518,2345,0,0,0
"Arcadia","Trempealeau County","Wisconsin",2946,2925,2402,2166,2109,2159,2084,1949,1830,1499,1418,1212,1273,659,665,0,0,0,0
"Arena","Iowa County","Wisconsin",831,834,685,525,451,377,309,296,278,273,0,0,0,354,266,0,0,0,0
"Argyle","Lafayette County","Wisconsin",851,857,823,798,720,673,786,702,735,692,701,603,0,411,322,0,0,0,0
"Arlington","Columbia County","Wisconsin",815,819,484,440,440,379,349,255,0,0,0,0,0,0,56,0,0,0,0
"Arpin","Wood County","Wisconsin",325,333,337,312,361,0,0,0,0,0,0,0,0,0,0,0,0,0,0
"Ashland","Ashland County","Wisconsin",8179,8216,8620,8695,9115,9615,10132,10640,11101,10622,11334,11594,13074,9956,0,0,0,0,0
"Ashwaubenon","Brown County","Wisconsin",17111,16963,17634,16376,14486,0,0,0,0,0,0,0,0,0,0,0,0,0,0
"Athens","Marathon County","Wisconsin",1100,1105,1095,951,988,856,770,823,856,936,940,904,0,0,0,0,0,0,0
"Auburndale","Wood County","Wisconsin",679,703,738,665,641,468,396,325,342,294,334,297,241,253,0,0,0,0,0
"Augusta","Eau Claire County","Wisconsin",1532,1550,1460,1510,1560,1242,1338,1458,1519,1359,1407,1405,1256,1187,1116,761,0,0,0
"Avoca","Iowa County","Wisconsin",627,637,608,474,505,421,363,424,417,342,432,436,406,278,362,418,0,0,0
"Bagley","Grant County","Wisconsin",366,379,339,306,317,271,275,329,293,284,315,0,0,0,0,0,0,0,0
"Baldwin","St. Croix County","Wisconsin",3960,3957,2667,2022,1620,1399,1184,1100,918,808,666,584,631,482,591,0,0,0,0
"Balsam Lake","Polk County","Wisconsin",986,1009,950,792,749,648,541,488,452,315,251,279,0,0,0,0,0,0,0
"Bangor","La Crosse County","Wisconsin",1491,1459,1400,1076,1012,974,928,941,847,835,854,692,633,499,453,0,0,0,0
"Baraboo","Sauk County","Wisconsin",12085,12048,10711,9203,8081,7931,7660,7264,6415,5545,5538,6324,5751,4605,3266,1528,1360,255,0
"Barneveld","Iowa County","Wisconsin",1233,1231,1088,660,579,528,420,373,358,301,289,317,0,0,0,0,0,0,0
"Barron","Barron County","Wisconsin",3344,3423,3248,2986,2595,2337,2338,2355,2059,1863,1623,1449,1493,829,183,0,0,0,0
"Bay City","Pierce County","Wisconsin",489,500,465,578,543,317,327,326,299,290,213,252,0,0,0,0,0,0,0
"Bayfield","Bayfield County","Wisconsin",481,487,611,686,778,874,969,1153,1212,1195,1441,0,1689,1373,495,0,0,0,0
"Bayside","Milwaukee/Ozaukee County","Wisconsin",4420,4389,4518,4789,4724,4461,3181,0,0,0,0,0,0,0,0,0,0,0,0
"Bear Creek","Outagamie County","Wisconsin",439,448,415,418,454,520,455,476,409,411,337,341,0,0,0,0,0,0,0
"Beaver Dam","Dodge County","Wisconsin",16536,16214,15169,14196,14149,14265,13118,11867,10356,9867,7992,6758,5128,4222,3416,3265,2765,0,0
"Belgium","Ozaukee County","Wisconsin",2255,2245,1678,928,892,809,643,460,356,268,0,0,0,0,0,0,0,0,0
"Bell Center","Crawford County","Wisconsin",115,117,116,127,124,110,155,195,264,177,210,216,0,0,94,0,0,0,0
"Belleville","Dane County","Wisconsin",2424,2385,1908,1456,1302,1063,844,735,594,564,625,422,385,319,0,132,164,0,0
"Bellevue","? County","Wisconsin",15215,14570,0,0,0,0,0,0,0,0,0,0,0,0,0,0,0,0,0
"Belmont","Lafayette County","Wisconsin",985,986,871,823,826,688,616,474,476,452,498,532,509,378,410,0,0,0,0
"Beloit","Rock County","Wisconsin",36881,36966,35775,35573,35207,35729,32846,29590,25365,23611,21284,15125,10436,6315,4790,4396,4098,0,0
"Benton","Lafayette County","Wisconsin",967,973,976,898,983,873,837,842,835,869,874,652,546,414,254,0,0,0,0
"Berlin","Green Lake County","Wisconsin",5431,5524,5305,5371,5478,5338,4838,4693,4247,4106,4400,4636,4489,4149,3353,2777,1449,0,0
"Big Bend","Waukesha County","Wisconsin",1310,1290,1278,1299,1345,1148,797,480,298,309,0,0,0,0,0,0,0,0,0
"Big Falls","Waupaca County","Wisconsin",61,61,85,75,107,112,119,146,187,178,0,0,0,0,0,0,0,0,0
"Birchwood","Washburn County","Wisconsin",431,442,518,443,437,394,433,502,531,565,0,0,0,0,0,0,0,0,0
"Birnamwood","Shawano County","Wisconsin",806,818,795,693,688,632,568,561,556,557,651,678,475,0,0,0,0,0,0
"Biron","Wood County","Wisconsin",811,839,915,794,698,771,726,528,475,380,286,0,0,0,0,0,0,0,0
"Black Creek","Outagamie County","Wisconsin",1320,1316,1192,1152,1097,921,707,650,542,526,516,516,0,0,0,0,0,0,0
"Black Earth","Dane County","Wisconsin",1391,1338,1320,1248,1145,1114,784,655,531,490,464,479,0,355,0,0,0,0,0
"Black River Falls","Jackson County","Wisconsin",3582,3622,3618,3490,3434,3273,3195,2824,2539,1950,1796,1917,1938,2261,1427,1101,570,0,0
"Blair","Trempealeau County","Wisconsin",1366,1366,1273,1126,1142,1036,909,873,856,702,657,486,438,0,184,0,0,0,0
"Blanchardville","Lafayette County","Wisconsin",821,825,806,802,803,794,632,707,662,651,653,643,573,0,169,0,0,0,0
"Bloomer","Chippewa County","Wisconsin",3535,3539,3347,3085,3342,3143,2834,2556,2204,1865,1648,1204,811,631,304,0,0,0,0
"Bloomfield","? County","Wisconsin",4642,0,0,0,0,0,0,0,0,0,0,0,0,0,0,0,0,0,0
"Bloomington","Grant County","Wisconsin",719,735,701,776,743,719,735,631,677,591,657,620,611,587,403,365,0,0,0
"Blue Mounds","Dane County","Wisconsin",930,855,708,446,387,261,227,207,196,182,0,0,0,0,0,0,0,0,0
"Blue River","Grant County","Wisconsin",421,434,429,438,412,369,356,425,381,346,396,0,0,0,0,0,0,0,0
"Boaz","Richland County","Wisconsin",153,156,137,131,161,126,117,188,230,0,0,0,0,0,75,0,0,0,0
"Bonduel","Shawano County","Wisconsin",1468,1478,1416,1210,1160,995,876,742,661,534,504,0,0,0,0,0,0,0,0
"Boscobel","Grant County","Wisconsin",3188,3231,3047,2706,2662,2510,2608,2347,2008,1762,1670,1525,1637,1570,1428,1509,0,0,0
"Bowler","Shawano County","Wisconsin",300,302,343,279,339,272,274,344,315,318,0,0,0,0,0,0,0,0,0
"Boyceville","Dunn County","Wisconsin",1104,1086,1043,913,862,725,660,645,533,573,0,0,0,0,0,0,0,0,0
"Boyd","Chippewa County","Wisconsin",545,552,680,683,660,574,622,619,618,540,478,527,674,545,0,0,0,0,0
"Brandon","Fond du Lac County","Wisconsin",862,879,912,872,862,872,758,728,708,646,682,684,663,660,601,0,0,0,0
"Brillion","Calumet County","Wisconsin",3159,3148,2937,2840,2907,2588,1783,1390,1200,1167,1102,998,855,582,278,0,0,0,0
"Bristol","? County","Wisconsin",4931,2584,0,0,0,0,0,0,0,0,0,0,0,0,0,0,0,0,0
"Brodhead","Green County","Wisconsin",3284,3293,3180,3165,3153,2515,2444,2016,1750,1533,1600,1517,1584,1461,1254,1548,0,0,0
"Brokaw","Marathon County","Wisconsin",253,251,107,224,298,312,319,380,477,514,493,458,0,0,0,0,0,0,0
"Brookfield","Waukesha County","Wisconsin",37982,37920,38649,35184,34035,31761,19812,0,0,0,0,0,0,0,0,0,0,0,0
"Brooklyn","Dane/Green County","Wisconsin",1446,1401,916,789,627,565,590,479,449,406,407,362,0,0,0,0,0,0,0
"Brown Deer","Milwaukee County","Wisconsin",12102,11999,12170,12236,12921,12582,11280,0,0,0,0,0,0,0,0,0,0,0,0
"Brownsville","Dodge County","Wisconsin",583,581,570,415,433,374,276,0,0,0,0,0,0,0,0,0,0,0,0
"Browntown","Green County","Wisconsin",282,280,252,256,284,253,263,279,271,291,245,222,246,0,0,0,0,0,0
"Bruce","Rusk County","Wisconsin",744,779,787,844,905,799,815,867,596,548,561,565,0,0,0,0,0,0,0
"Buffalo City","Buffalo County","Wisconsin",976,1023,1040,915,894,671,484,319,293,261,286,255,254,223,248,268,184,0,0
"Burlington","Racine County","Wisconsin",10541,10464,9936,8855,8385,7479,5856,4780,4414,4114,3626,3212,2526,2043,1611,1589,993,0,0
"Butler","Waukesha County","Wisconsin",1831,1841,1881,2079,2059,2261,2274,1047,778,703,564,0,0,0,0,0,0,0,0
"Butternut","Ashland County","Wisconsin",371,375,407,416,438,453,499,522,669,604,618,717,0,0,0,0,0,0,0
"Cadott","Chippewa County","Wisconsin",1431,1437,1345,1328,1247,977,262,250,314,631,723,765,840,889,72,0,0,0,0
"Caledonia","? County","Wisconsin",24708,24705,0,0,0,0,0,0,0,0,0,0,0,0,0,0,0,0,0
"Cambria","Columbia County","Wisconsin",758,767,792,768,680,631,589,633,688,671,679,657,561,524,504,502,0,0,0
"Cambridge","Dane County","Wisconsin",1488,1457,1101,963,844,689,605,552,577,500,490,507,0,452,303,0,0,0,0
"Cameron","Barron County","Wisconsin",1783,1783,1546,1273,1115,893,982,963,807,760,572,562,394,0,0,0,0,0,0
"Camp Douglas","Juneau County","Wisconsin",614,601,592,512,589,547,489,556,445,438,471,473,432,225,0,0,0,0,0
"Campbellsport","Fond du Lac County","Wisconsin",1983,2016,1913,1732,1740,1681,1472,1254,1094,789,730,650,0,0,319,0,0,0,0
"Cascade","Sheboygan County","Wisconsin",701,709,666,620,615,603,449,403,358,286,362,0,0,0,255,0,0,0,0
"Casco","Kewaunee County","Wisconsin",581,583,572,544,484,481,460,389,292,246,0,0,0,0,0,0,0,0,0
"Cashton","Monroe County","Wisconsin",1093,1102,1005,780,827,824,828,836,706,680,753,568,510,0,45,0,0,0,0
"Cassville","Grant County","Wisconsin",922,947,1085,1144,1270,1343,1290,984,956,875,899,890,979,886,610,551,0,0,0
"Catawba","Price County","Wisconsin",106,110,149,178,205,215,230,233,290,282,0,0,0,0,0,0,0,0,0
"Cazenovia","Richland County","Wisconsin",325,318,326,288,259,335,351,403,370,466,488,392,0,0,161,0,0,0,0
"Cecil","Shawano County","Wisconsin",559,570,466,373,445,369,357,395,370,356,379,351,0,0,0,0,0,0,0
"Cedar Grove","Sheboygan County","Wisconsin",2109,2113,1887,1521,1420,1276,1175,1010,907,814,654,498,327,0,0,0,0,0,0
"Cedarburg","Ozaukee County","Wisconsin",11506,11412,10908,9895,9005,7697,5191,2810,2245,2055,1738,1777,1626,1361,945,0,0,0,0
"Centuria","Polk County","Wisconsin",922,948,865,790,711,632,551,521,411,435,358,301,0,0,0,0,0,0,0
"Chaseburg","Vernon County","Wisconsin",299,284,306,365,279,224,242,219,258,218,0,0,0,0,125,0,0,0,0
"Chenequa","Waukesha County","Wisconsin",600,590,583,601,532,642,445,270,288,339,0,0,0,0,0,0,0,0,0
"Chetek","Barron County","Wisconsin",2191,2221,2180,1953,1931,1630,1729,1585,1227,1076,1154,829,531,406,0,0,0,0,0
"Chilton","Calumet County","Wisconsin",3922,3933,3708,3240,2965,3030,2578,2367,2203,1945,1833,1630,1460,1424,1132,363,0,0,0
"Chippewa Falls","Chippewa County","Wisconsin",13965,13661,12925,12727,12270,12351,11708,11088,10368,9539,9130,8893,8094,8670,3982,2507,0,0,0
"Clayton","Polk County","Wisconsin",551,571,507,450,425,306,324,350,367,341,304,220,0,0,0,0,0,0,0
"Clear Lake","Polk County","Wisconsin",1039,1070,1051,932,899,721,724,695,670,733,689,498,527,0,476,0,0,0,0
"Cleveland","Manitowoc County","Wisconsin",1480,1485,1361,1398,1270,761,687,0,0,0,0,0,0,0,0,0,0,0,0
"Clinton","Rock County","Wisconsin",2133,2154,2162,1849,1751,1333,1274,1138,903,902,938,897,871,856,0,0,0,0,0
"Clintonville","Waupaca County","Wisconsin",4481,4559,4736,4351,4567,4600,4778,4657,4134,3572,3275,1747,1653,1466,573,0,0,0,0
"Clyman","Dodge County","Wisconsin",407,422,388,370,317,328,259,250,230,200,0,0,0,0,0,0,0,0,0
"Cobb","Iowa County","Wisconsin",461,458,442,440,409,410,387,284,276,276,230,230,0,0,0,0,0,0,0
"Cochrane","Buffalo County","Wisconsin",428,450,435,475,512,506,455,444,458,418,305,0,0,0,0,0,0,0,0
"Colby","Clark/Marathon County","Wisconsin",1832,1852,1616,1532,1496,1178,1085,989,903,849,798,869,667,0,259,0,0,0,0
"Coleman","Marinette County","Wisconsin",711,724,716,839,852,683,718,668,562,407,305,436,0,0,0,0,0,0,0
"Colfax","Dunn County","Wisconsin",1161,1158,1136,1110,1149,1026,885,1044,992,919,905,701,0,0,66,0,0,0,0
"Coloma","Waushara County","Wisconsin",441,450,461,383,367,336,312,338,308,0,0,0,0,0,74,0,0,0,0
"Columbus","Columbia County","Wisconsin",4998,4991,4479,4093,4049,3789,3467,3250,2760,2514,2460,2523,2349,1977,1876,1888,892,288,0
"Combined Locks","Outagamie County","Wisconsin",3503,3328,2422,2190,2573,2771,1421,720,625,545,0,0,0,0,0,0,0,0,0
"Conrath","Rusk County","Wisconsin",94,95,98,92,86,114,121,114,128,97,145,0,0,0,0,0,0,0,0
"Coon Valley","Vernon County","Wisconsin",779,765,714,817,758,596,536,466,469,462,369,291,0,0,0,0,0,0,0
"Cornell","Chippewa County","Wisconsin",1448,1467,1466,1541,1583,1616,1685,1944,1759,1510,1337,0,0,0,0,0,0,0,0
"Cottage Grove","Dane County","Wisconsin",6664,6192,4059,1131,888,478,413,372,310,261,0,0,0,0,0,0,0,0,0
"Couderay","Sawyer County","Wisconsin",88,88,96,92,114,123,113,133,189,171,0,0,0,0,0,0,0,0,0
"Crandon","Forest County","Wisconsin",1886,1920,1961,1958,1969,1582,1679,1922,2000,1679,1632,1833,0,0,0,0,0,0,0
"Crivitz","Marinette County","Wisconsin",972,984,998,996,1041,0,0,0,0,0,0,0,0,0,0,0,0,0,0
"Cross Plains","Dane County","Wisconsin",3885,3538,3084,2098,2156,1478,1066,464,374,302,0,0,0,0,42,0,0,0,0
"Cuba City","Grant County","Wisconsin",2046,2086,2156,2024,2129,1993,1673,1333,1259,1157,1175,967,636,0,48,0,0,0,0
"Cudahy","Milwaukee County","Wisconsin",18341,18267,18429,18659,19547,22078,17975,12182,10561,10631,6725,3691,1366,0,0,0,0,0,0
"Cumberland","Barron County","Wisconsin",2139,2170,2280,2163,1983,1839,1860,1872,1539,1532,1528,1445,1328,1219,246,0,0,0,0
"Curtiss","Clark County","Wisconsin",215,216,198,173,127,135,147,139,171,164,186,0,0,0,0,0,0,0,0
"Dallas","Barron County","Wisconsin",396,409,356,452,477,359,401,370,436,428,425,342,0,0,0,0,0,0,0
"Dane","Dane County","Wisconsin",1100,995,799,621,518,486,394,305,301,280,316,296,280,0,125,0,0,0,0
"Darien","Walworth County","Wisconsin",1605,1580,1572,1158,1152,839,805,0,0,0,0,0,0,354,427,0,0,0,0
"Darlington","Lafayette County","Wisconsin",2411,2451,2418,2235,2300,2351,2349,2174,2002,1764,1798,1808,1808,1589,1372,0,0,0,0
"De Pere","Brown County","Wisconsin",24555,23800,20559,16569,14892,13309,10045,8146,6373,5521,5165,4477,4038,3625,1954,1372,508,0,0
"De Soto","Crawford/Vernon County","Wisconsin",288,287,366,326,318,295,357,367,400,322,299,331,387,355,301,0,0,0,0
"Deer Park","St. Croix County","Wisconsin",218,216,227,237,232,217,221,226,203,187,233,0,0,0,56,0,0,0,0
"Deerfield","Dane County","Wisconsin",2492,2319,1971,1617,1466,1067,795,614,611,501,594,533,515,338,0,0,0,0,0
"DeForest","Dane County","Wisconsin",9466,8936,7368,4882,3367,1911,1223,805,598,540,493,431,0,0,0,0,0,0,0
"Delafield","Waukesha County","Wisconsin",7166,7085,6472,5347,4083,3182,2334,0,0,0,0,0,0,0,183,0,0,0,0
"Delavan","Walworth County","Wisconsin",8443,8463,7956,6073,5684,5526,4846,4007,3444,3301,3016,2450,2244,2038,1798,1688,1549,0,0
"Denmark","Brown County","Wisconsin",2182,2123,1958,1612,1475,1364,1106,1012,864,779,735,0,0,0,0,0,0,0,0
"Dickeyville","Grant County","Wisconsin",1040,1061,1043,862,1156,1057,671,269,0,0,0,0,0,0,0,0,0,0,0
"Dodgeville","Iowa County","Wisconsin",4686,4693,4220,3882,3458,3255,2911,2532,2269,1937,1896,1791,1865,1722,1547,1407,1222,0,0
"Dorchester","Clark County","Wisconsin",863,876,827,697,613,491,504,457,456,400,519,476,0,350,244,0,0,0,0
"Dousman","Waukesha County","Wisconsin",2331,2302,1584,1277,1153,451,410,328,272,256,235,0,0,0,0,0,0,0,0
"Downing","Dunn County","Wisconsin",267,265,257,250,242,215,241,295,308,302,374,319,0,0,0,0,0,0,0
"Doylestown","Columbia County","Wisconsin",296,297,328,316,294,265,249,261,253,238,270,259,0,0,119,100,0,0,0
"Dresser","Polk County","Wisconsin",863,895,732,614,670,533,498,365,294,285,0,0,0,0,0,0,0,0,0
"Durand","Pepin County","Wisconsin",1869,1931,1968,2003,2047,2103,2039,1961,1858,1590,1517,1503,1458,1154,642,0,0,0,0
"Eagle River","Vilas County","Wisconsin",1358,1398,1443,1374,1326,1326,1367,1469,1491,1386,672,1141,0,1150,0,0,0,0,0
"Eagle","Waukesha County","Wisconsin",1953,1950,1707,1182,1008,745,620,460,391,392,394,339,324,0,292,0,0,0,0
"East Troy","Walworth County","Wisconsin",4306,4281,3564,2664,2385,1711,1455,1052,925,800,773,673,0,463,368,0,0,0,0
"Eastman","Crawford County","Wisconsin",411,428,437,369,371,319,348,359,348,271,286,233,0,0,0,0,0,0,0
"Eau Claire","Eau Claire County","Wisconsin",67684,65883,61704,56856,51509,44619,37987,36058,30745,26287,20906,18310,17517,17415,10119,2293,0,0,0
"Eden","Fond du Lac County","Wisconsin",868,875,687,610,534,376,312,234,223,223,176,0,0,0,83,0,0,0,0
"Edgar","Marathon County","Wisconsin",1470,1479,1386,1318,1194,928,803,705,694,667,723,746,478,0,0,0,0,0,0
"Edgerton","Rock County","Wisconsin",5513,5461,4933,4254,4335,4118,4000,3507,3266,2906,2688,2513,2192,1595,869,0,0,0,0
"Egg Harbor","Door County","Wisconsin",203,201,250,183,238,184,0,0,0,0,0,0,0,0,0,0,0,0,0
"Eland","Shawano County","Wisconsin",203,202,251,247,230,229,213,232,296,319,344,368,0,0,0,0,0,0,0
"Elderon","Marathon County","Wisconsin",181,179,189,175,191,185,177,212,249,181,215,0,0,0,0,0,0,0,0
"Eleva","Trempealeau County","Wisconsin",678,670,635,491,593,574,548,479,406,357,379,319,0,0,0,0,0,0,0
"Elk Mound","Dunn County","Wisconsin",875,878,785,765,737,471,379,390,338,376,357,302,0,0,48,0,0,0,0
"Elkhart Lake","Sheboygan County","Wisconsin",961,967,1021,1019,1054,787,651,587,571,571,527,499,464,0,0,0,0,0,0
"Elkhorn","Walworth County","Wisconsin",9975,10084,7305,5337,4605,3992,3586,2935,2382,2340,1991,1707,1731,1447,1122,1205,1081,42,0
"Ellsworth","Pierce County","Wisconsin",3236,3284,2909,2706,2143,1983,1701,1475,1340,1124,1043,1005,1052,670,432,0,0,0,0
"Elm Grove","Waukesha County","Wisconsin",6176,5934,6249,6261,6735,7201,4994,0,0,0,0,0,0,0,0,0,0,0,0
"Elmwood Park","Racine County","Wisconsin",496,497,474,534,483,456,0,0,0,0,0,0,0,0,0,0,0,0,0
"Elmwood","Pierce County","Wisconsin",811,817,841,775,885,737,776,772,828,737,632,585,0,0,0,0,0,0,0
"Elroy","Juneau County","Wisconsin",1389,1442,1578,1533,1504,1513,1505,1654,1850,1546,1713,1729,1685,1413,663,0,0,0,0
"Embarrass","Waupaca County","Wisconsin",398,404,399,461,496,472,306,303,335,256,296,283,270,0,61,0,0,0,0
"Endeavor","Marquette County","Wisconsin",459,468,440,316,335,328,280,314,0,0,0,0,0,0,0,0,0,0,0
"Ephraim","Door County","Wisconsin",287,288,353,261,319,236,221,244,254,191,196,0,0,0,0,0,0,0,0
"Ettrick","Trempealeau County","Wisconsin",522,524,521,461,462,463,479,415,0,0,0,0,0,0,0,0,0,0,0
"Evansville","Rock County","Wisconsin",5178,5012,4039,3174,2835,2992,2858,2531,2321,2269,2209,2061,1864,1523,1068,0,0,0,0
"Exeland","Sawyer County","Wisconsin",197,196,212,180,219,189,214,211,194,196,211,0,0,0,0,0,0,0,0
"Fairchild","Eau Claire County","Wisconsin",564,550,564,504,577,562,594,592,639,634,660,678,947,645,304,0,0,0,0
"Fairwater","Fond du Lac County","Wisconsin",367,371,350,302,310,373,330,311,293,301,0,0,0,0,0,0,0,0,0
"Fall Creek","Eau Claire County","Wisconsin",1305,1315,1236,1034,1148,825,710,584,572,528,507,523,0,0,0,0,0,0,0
"Fall River","Columbia County","Wisconsin",1690,1712,1097,842,850,633,584,479,425,375,400,360,0,0,0,259,0,126,0
"Fennimore","Grant County","Wisconsin",2477,2497,2387,2378,2212,1861,1747,1696,1592,1341,1383,1159,1035,616,295,0,0,0,0
"Fenwood","Marathon County","Wisconsin",152,152,174,214,165,147,147,139,156,136,178,220,0,0,0,0,0,0,0
"Ferryville","Crawford County","Wisconsin",179,176,174,154,227,183,194,216,306,266,203,0,0,0,0,0,0,0,0
"Fitchburg","Dane County","Wisconsin",27154,25260,20501,15648,0,0,0,0,0,0,0,0,0,0,0,0,0,0,0
"Fond du Lac","Fond du Lac County","Wisconsin",42917,43021,42203,37757,35863,35515,32719,29936,27209,26449,23427,18797,15110,12024,13094,12764,5460,0,0
"Fontana-on-Geneva Lake","Walworth County","Wisconsin",1701,1672,1754,1635,1764,1464,1326,726,461,385,0,0,0,0,0,0,0,0,0
"Footville","Rock County","Wisconsin",806,808,788,764,794,698,675,562,459,358,351,0,0,0,0,0,0,0,0
"Forestville","Door County","Wisconsin",417,430,429,470,455,349,0,0,0,0,0,0,0,0,0,0,0,0,0
"Fort Atkinson","Jefferson County","Wisconsin",12430,12368,11621,10227,9785,9164,7908,6280,6153,5793,4915,3877,3043,2283,1969,2010,0,334,0
"Fountain City","Buffalo County","Wisconsin",830,859,983,938,963,1017,934,934,985,880,880,1031,1031,972,963,867,0,0,0
"Fox Lake","Dodge County","Wisconsin",1484,1519,1454,1269,1373,1242,1181,1153,1016,901,1012,851,890,814,955,1086,1178,0,0
"Fox Point","Milwaukee County","Wisconsin",6740,6701,7012,7238,7649,7939,7315,2585,1180,474,0,0,0,0,0,0,0,0,0
"Francis Creek","Manitowoc County","Wisconsin",658,669,681,562,589,492,0,0,0,0,0,0,0,0,0,0,0,0,0
"Franklin","Milwaukee County","Wisconsin",36278,35451,29494,21855,16871,12247,10006,0,0,0,0,0,0,0,0,0,0,0,0
"Frederic","Polk County","Wisconsin",1106,1137,1262,1124,1039,908,857,893,725,680,602,511,0,0,0,0,0,0,0
"Fredonia","Ozaukee County","Wisconsin",2224,2160,1934,1558,1437,1045,710,471,356,312,0,0,0,0,0,0,0,0,0
"Fremont","Waupaca County","Wisconsin",668,679,666,632,510,598,575,504,437,416,374,305,263,275,303,0,0,0,0
"Friendship","Adams County","Wisconsin",663,725,698,728,744,641,560,566,453,438,442,276,0,156,137,76,0,0,0
"Friesland","Columbia County","Wisconsin",355,356,298,271,267,301,308,311,0,0,0,0,0,0,0,0,0,0,0
"Galesville","Trempealeau County","Wisconsin",1537,1481,1427,1278,1239,1162,1199,1193,1147,1069,952,973,862,537,410,1068,0,0,0
"Gays Mills","Crawford County","Wisconsin",532,491,625,578,627,623,634,662,737,579,652,557,0,0,0,0,0,0,0
"Genoa City","Walworth County","Wisconsin",3045,3042,1949,1277,1202,1085,1005,866,715,683,656,709,0,0,303,0,0,0,0
"Genoa","Vernon County","Wisconsin",268,253,263,266,283,305,325,340,339,0,0,0,0,0,150,0,0,0,0
"Germantown","Washington County","Wisconsin",19901,19749,18260,13658,10729,6974,622,357,292,255,0,0,0,0,0,0,0,0,0
"Gillett","Oconto County","Wisconsin",1351,1386,1256,1303,1356,1288,1374,1410,1145,1076,785,610,0,0,0,0,0,0,0
"Gilman","Taylor County","Wisconsin",400,410,474,412,436,328,379,402,440,414,522,0,0,0,0,0,0,0,0
"Glen Flora","Rusk County","Wisconsin",88,92,93,108,83,69,75,91,140,137,174,0,0,0,0,0,0,0,0
"Glenbeulah","Sheboygan County","Wisconsin",460,463,378,386,423,496,428,384,357,284,298,0,0,0,375,0,0,0,0
"Glendale","Milwaukee County","Wisconsin",12887,12872,13367,14088,13882,13426,9537,0,0,0,0,0,0,0,0,0,0,0,0
"Glenwood City","St. Croix County","Wisconsin",1225,1242,1183,1026,950,822,835,778,811,771,779,954,1789,0,0,0,0,0,0
"Grafton","Ozaukee County","Wisconsin",11531,11459,10312,9340,8381,5998,3748,1489,1150,1065,898,818,478,434,415,0,0,0,0
"Granton","Clark County","Wisconsin",347,355,406,379,399,288,278,299,300,310,334,0,0,0,0,0,0,0,0
"Grantsburg","Burnett County","Wisconsin",1308,1341,1369,1144,1153,930,900,931,874,777,781,721,612,410,101,0,0,0,0
"Gratiot","Lafayette County","Wisconsin",237,236,252,207,280,249,294,323,297,287,338,368,335,0,191,0,0,0,0
"Green Bay","Brown County","Wisconsin",104891,104057,102313,96466,87899,87809,62888,52735,46235,37415,31017,25236,18684,9069,7464,4666,2275,0,0
"Green Lake","Green Lake County","Wisconsin",952,960,1100,1064,1208,1109,953,728,661,569,456,563,450,204,241,0,0,0,0
"Greendale","Milwaukee County","Wisconsin",14332,14046,14405,15128,16928,15089,6843,2752,2527,0,0,0,0,0,0,0,0,0,0
"Greenfield","Milwaukee County","Wisconsin",37157,36720,35476,33403,31353,24424,17636,0,0,0,0,0,0,0,0,0,0,0,0
"Greenwood","Clark County","Wisconsin",1014,1026,1079,969,1124,1036,1041,956,776,651,761,665,708,0,0,0,0,0,0
"Gresham","Shawano County","Wisconsin",578,586,575,515,534,448,458,427,295,310,309,350,0,0,0,0,0,0,0
"Hales Corners","Milwaukee County","Wisconsin",7757,7692,7765,7623,7110,7771,5549,0,0,0,0,0,0,0,0,0,0,0,0
"Hammond","St. Croix County","Wisconsin",1910,1922,1153,1097,991,768,645,554,467,395,368,408,404,388,361,0,0,0,0
"Hancock","Waushara County","Wisconsin",404,417,463,382,419,404,367,449,481,420,443,510,0,0,0,0,0,0,0
"Harrison","? County","Wisconsin",7331,0,0,0,0,0,0,0,0,0,0,0,0,0,0,0,0,0,0
"Hartford","Washington County","Wisconsin",14280,14223,10905,8188,7159,6499,5627,4549,3910,3754,4515,2982,1632,1296,1343,0,0,0,0
"Hartland","Waukesha County","Wisconsin",9205,9110,7905,6906,5559,2763,2088,1190,998,945,800,728,629,486,287,0,0,0,0
"Hatley","Marathon County","Wisconsin",602,574,476,295,300,315,306,299,270,251,290,0,0,0,0,0,0,0,0
"Haugen","Barron County","Wisconsin",284,287,287,305,251,246,265,246,268,249,426,0,0,0,0,0,0,0,0
"Hawkins","Rusk County","Wisconsin",288,305,317,375,407,385,402,414,496,372,0,0,0,0,0,0,0,0,0
"Hayward","Sawyer County","Wisconsin",2317,2318,2129,1897,1698,1457,1540,1577,1571,1207,1302,0,0,1349,0,0,0,0,0
"Hazel Green","Grant County","Wisconsin",1241,1256,1183,1171,1282,982,807,635,582,601,647,621,442,426,598,723,0,0,0
"Hewitt","Wood County","Wisconsin",821,828,670,595,470,0,0,0,0,0,0,0,0,0,0,0,0,0,0
"Highland","Iowa County","Wisconsin",844,842,855,799,860,785,741,785,902,739,1024,1096,913,751,668,482,0,0,0
"Hilbert","Calumet County","Wisconsin",1114,1132,1089,1211,1176,896,736,648,607,519,614,572,497,0,0,0,0,0,0
"Hillsboro","Vernon County","Wisconsin",1420,1417,1302,1288,1263,1231,1366,1341,1146,972,950,804,785,461,195,0,0,0,0
"Hixton","Jackson County","Wisconsin",430,433,446,345,364,300,310,315,301,270,0,0,0,0,0,0,0,0,0
"Hobart","? County","Wisconsin",7861,6182,0,0,0,0,0,0,0,0,0,0,0,0,0,0,0,0,0
"Hollandale","Iowa County","Wisconsin",291,288,283,256,271,256,275,281,290,241,236,265,0,0,0,0,0,0,0
"Holmen","La Crosse County","Wisconsin",9564,9005,6200,3220,2411,1081,635,584,0,0,0,0,0,0,0,0,0,0,0
"Horicon","Dodge County","Wisconsin",3695,3655,3775,3873,3584,3356,2996,2664,2253,2214,2134,1881,1376,1354,1250,0,0,0,0
"Hortonville","Outagamie County","Wisconsin",2714,2711,2357,2029,2016,1524,1366,1081,968,906,960,863,913,440,311,0,0,0,0
"Howard","Brown County","Wisconsin",18987,17399,13546,9874,8240,4911,3485,0,0,0,0,0,0,0,0,0,0,0,0
"Howards Grove","Sheboygan County","Wisconsin",3257,3188,2792,2329,1838,998,0,0,0,0,0,0,0,0,0,0,0,0,0
"Hudson","St. Croix County","Wisconsin",13415,12719,8775,6378,5434,5049,4325,3435,2987,2725,3014,2810,3259,2885,2298,1748,1570,0,0
"Hurley","Iron County","Wisconsin",1524,1547,1818,1782,2015,2418,2763,3034,3375,3264,3188,0,0,0,0,0,0,0,0
"Hustisford","Dodge County","Wisconsin",1100,1123,1135,979,874,789,708,622,564,537,595,615,540,513,488,0,0,0,0
"Hustler","Juneau County","Wisconsin",193,194,113,156,170,190,177,194,167,161,163,0,0,0,0,0,0,0,0
"Independence","Trempealeau County","Wisconsin",1350,1336,1244,1041,1180,1036,954,1088,1036,866,805,664,630,382,365,0,0,0,0
"Ingram","Rusk County","Wisconsin",75,78,76,91,61,109,99,146,174,153,124,360,0,0,0,0,0,0,0
"Iola","Waupaca County","Wisconsin",1278,1301,1298,1125,957,900,831,867,746,763,843,850,558,0,194,0,0,0,0
"Iron Ridge","Dodge County","Wisconsin",905,929,998,887,766,480,419,341,273,260,287,0,0,0,138,0,0,0,0
"Ironton","Sauk County","Wisconsin",255,253,250,200,206,195,167,176,213,184,199,0,0,237,232,0,0,0,0
"Jackson","Washington County","Wisconsin",6802,6753,4938,2486,1817,561,458,361,302,227,230,0,0,0,0,0,0,0,0
"Janesville","Rock County","Wisconsin",64009,63575,59498,52133,51071,46426,35164,24899,22992,21628,18293,13894,13185,10836,9018,8789,7703,0,0
"Jefferson","Jefferson County","Wisconsin",7955,7973,7338,6078,5647,5429,4548,3625,3059,2639,2572,2582,2584,2287,2115,2176,1369,550,0
"Johnson Creek","Jefferson County","Wisconsin",2871,2738,1581,1259,1136,790,686,575,511,457,493,425,0,176,208,0,0,0,0
"Junction City","Portage County","Wisconsin",435,439,440,502,523,396,381,330,308,275,275,0,0,0,39,0,0,0,0
"Juneau","Dodge County","Wisconsin",2700,2814,2485,2157,2045,2043,1718,1444,1301,1154,1159,1003,891,701,454,300,0,0,0
"Kaukauna","Outagamie County","Wisconsin",15799,15462,12983,11982,11310,11308,10096,8337,7382,6581,5951,4717,5115,4667,834,0,0,0,0
"Kekoskee","Dodge County","Wisconsin",159,161,169,188,224,233,247,0,0,0,0,0,0,0,188,0,0,0,0
"Kellnersville","Manitowoc County","Wisconsin",325,332,374,350,369,0,0,0,0,0,0,0,0,0,0,0,0,0,0
"Kendall","Monroe County","Wisconsin",477,472,469,453,486,468,528,558,478,517,506,477,460,304,282,0,0,0,0
"Kennan","Price County","Wisconsin",130,135,171,169,194,167,162,194,256,194,319,184,0,0,0,0,0,0,0
"Kenosha","Kenosha County","Wisconsin",99894,99218,90352,80352,77685,78805,67899,54368,48765,50262,40472,21371,11606,6532,5039,4309,3990,3455,0
"Kewaskum","Washington County","Wisconsin",4069,4004,3274,2515,2394,1926,1572,1183,880,799,707,625,679,557,471,0,0,0,0
"Kewaunee","Kewaunee County","Wisconsin",2896,2952,2806,2750,2801,2901,2772,2583,2533,2409,1865,1839,1773,1216,1050,0,0,0,0
"Kiel","Manitowoc County","Wisconsin",3747,3738,3450,2910,3083,2848,2524,2129,1898,1803,1599,1244,924,497,363,0,0,0,0
"Kimberly","Outagamie County","Wisconsin",6691,6468,6146,5406,5881,6131,5322,3179,2618,2256,1382,600,0,0,0,0,0,0,0
"Kingston","Green Lake County","Wisconsin",327,326,288,346,328,343,343,334,295,270,0,0,0,0,0,0,0,0,0
"Knapp","Dunn County","Wisconsin",459,463,421,419,419,369,374,424,436,424,478,413,0,480,0,0,0,0,0
"Kohler","Sheboygan County","Wisconsin",2109,2120,1926,1817,1651,1738,1524,1716,1789,1748,403,0,0,0,0,0,0,0,0
"Kronenwetter","Marathon County","Wisconsin",7427,7210,0,0,0,0,0,0,0,0,0,0,0,0,0,0,0,0,0
"La Crosse","La Crosse County","Wisconsin",52440,51320,51818,51003,48347,50286,47575,47535,42707,39614,30421,30417,28895,25090,14505,7785,3860,0,0
"La Farge","Vernon County","Wisconsin",769,746,775,766,746,748,833,905,921,756,788,654,488,0,0,0,0,0,0
"La Valle","Sauk County","Wisconsin",366,367,326,446,412,411,417,448,408,415,447,421,386,333,306,0,0,0,0
"Lac La Belle","Waukesha County","Wisconsin",293,290,329,258,289,227,276,174,66,0,0,0,0,0,0,0,0,0,0
"Ladysmith","Rusk County","Wisconsin",3266,3414,3932,3938,3826,3674,3584,3924,3671,3493,3581,2352,0,0,0,0,0,0,0
"Lake Delton","Sauk County","Wisconsin",2953,2914,1982,1470,1158,1059,714,0,0,0,0,0,0,0,0,0,0,0,0
"Lake Geneva","Walworth County","Wisconsin",7746,7651,7148,5979,5612,4890,4929,4300,3238,3073,2632,3079,2585,2297,1969,997,1097,0,0
"Lake Hallie","? County","Wisconsin",6565,6448,0,0,0,0,0,0,0,0,0,0,0,0,0,0,0,0,0
"Lake Mills","Jefferson County","Wisconsin",5785,5708,4843,4143,3670,3556,2951,2516,2219,2007,1754,1672,1387,1053,671,590,0,0,0
"Lake Nebagamon","Douglas County","Wisconsin",1061,1069,1015,900,780,523,346,340,357,367,458,483,0,0,0,0,0,0,0
"Lancaster","Grant County","Wisconsin",3785,3868,4070,4192,4076,3756,3703,3266,2963,2432,2485,2329,2403,1543,1069,0,0,0,0
"Lannon","Waukesha County","Wisconsin",1089,1107,1009,924,987,1056,1084,438,378,434,0,0,0,0,0,0,0,0,0
"Lena","Oconto County","Wisconsin",550,564,510,590,585,569,506,526,469,413,0,0,0,0,0,0,0,0,0
"Lime Ridge","Sauk County","Wisconsin",165,162,169,152,191,203,152,183,197,230,256,0,0,0,0,0,0,0,0
"Linden","Iowa County","Wisconsin",541,549,615,429,395,408,418,463,461,498,490,580,543,462,571,0,0,0,0
"Little Chute","Outagamie County","Wisconsin",10813,10449,10476,9207,7907,5522,5099,4152,3360,2833,2017,1354,944,380,0,0,0,0,0
"Livingston","Grant County","Wisconsin",651,664,597,576,642,503,488,452,520,470,545,0,0,0,28,0,0,0,0
"Lodi","Columbia County","Wisconsin",3049,3050,2882,2093,1959,1831,1620,1416,1116,1065,1077,1044,1068,736,723,725,0,0,0
"Loganville","Sauk County","Wisconsin",308,300,276,228,239,199,220,250,236,228,265,0,0,0,0,0,0,0,0
"Lohrville","Waushara County","Wisconsin",388,402,408,368,336,213,225,206,191,262,245,0,0,0,0,0,0,0,0
"Lomira","Dodge County","Wisconsin",2375,2430,2233,1542,1446,1084,807,746,659,603,554,529,492,0,0,0,0,0,0
"Lone Rock","Richland County","Wisconsin",860,888,929,641,577,506,563,570,502,424,453,497,512,342,380,0,0,0,0
"Lowell","Dodge County","Wisconsin",327,340,366,300,326,322,341,319,282,288,293,318,333,304,400,0,0,0,0
"Loyal","Clark County","Wisconsin",1239,1261,1308,1244,1252,1126,1146,1104,921,862,735,677,645,0,46,0,0,0,0
"Lublin","Taylor County","Wisconsin",117,118,110,129,142,143,160,161,148,159,209,0,0,0,0,0,0,0,0
"Luck","Polk County","Wisconsin",1071,1119,1210,1022,997,848,853,803,617,560,479,383,0,0,0,0,0,0,0
"Luxemburg","Kewaunee County","Wisconsin",2562,2515,1935,1151,1040,853,730,519,468,475,457,402,0,0,0,0,0,0,0
"Lyndon Station","Juneau County","Wisconsin",486,500,458,474,375,533,335,377,354,276,292,275,0,136,164,0,0,0,0
"Lynxville","Crawford County","Wisconsin",128,132,176,153,174,149,183,217,233,230,253,274,322,243,155,0,0,0,0
"Madison","Dane County","Wisconsin",245691,233209,208054,191262,170616,171809,126706,96056,67447,57899,38378,25531,19164,13426,10324,9176,6611,1525,0
"Maiden Rock","Pierce County","Wisconsin",120,119,121,146,172,172,189,269,291,311,293,337,304,343,319,0,0,0,0
"Manawa","Waupaca County","Wisconsin",1325,1371,1330,1169,1205,1105,1037,990,791,711,727,820,744,350,364,0,0,0,0
"Manitowoc","Manitowoc County","Wisconsin",33102,33736,34053,32520,32547,33430,32275,27598,24404,22963,17563,13027,11786,7710,6367,5168,3059,0,0
"Maple Bluff","Dane County","Wisconsin",1343,1313,1358,1352,1351,1974,1565,1361,862,0,0,0,0,0,0,0,0,0,0
"Marathon City","Marathon County","Wisconsin",1527,1524,1640,1606,1552,1214,1022,853,823,808,670,656,528,258,0,0,0,0,0
"Maribel","Manitowoc County","Wisconsin",346,351,264,372,363,316,0,0,0,0,0,0,0,0,0,0,0,0,0
"Marinette","Marinette County","Wisconsin",10897,10968,11749,11843,11965,12696,13329,14178,14183,13734,13610,14610,16195,11523,2750,0,0,0,0
"Marion","Waupaca County","Wisconsin",1233,1260,1297,1242,1348,1218,1200,1118,1034,992,875,798,602,470,161,0,0,0,0
"Markesan","Green Lake County","Wisconsin",1427,1476,1396,1496,1446,1285,1060,1010,912,872,959,802,706,475,361,0,0,0,0
"Marquette","Green Lake County","Wisconsin",148,150,169,182,204,161,162,0,0,0,0,0,0,0,0,0,0,0,0
"Marshall","Dane County","Wisconsin",3928,3862,3432,2329,2363,1043,736,541,447,441,497,459,0,282,332,0,0,0,0
"Marshfield","Wood County","Wisconsin",18691,19118,18800,19291,18290,15619,14153,12394,10359,8778,7394,5783,5240,3450,669,0,0,0,0
"Mason","Bayfield County","Wisconsin",92,93,72,102,102,119,100,140,152,153,0,0,0,0,0,0,0,0,0
"Mattoon","Shawano County","Wisconsin",426,438,466,431,382,377,435,510,524,508,666,868,0,0,0,0,0,0,0
"Mauston","Juneau County","Wisconsin",4392,4423,3740,3439,3284,3466,3531,3171,2621,2107,1966,1701,1718,1343,1013,952,0,0,0
"Mayville","Dodge County","Wisconsin",5009,5154,4902,4374,4333,4139,3607,3010,2754,2521,3011,2282,1815,1165,1051,0,0,0,0
"Mazomanie","Dane County","Wisconsin",1701,1652,1485,1377,1248,1217,1069,962,851,747,756,917,902,1034,0,1143,604,0,0
"McFarland","Dane County","Wisconsin",8182,7808,6416,5232,3783,2386,1272,593,463,313,0,0,0,166,168,0,0,0,0
"Medford","Taylor County","Wisconsin",4344,4326,4350,4283,4035,3454,3260,2799,2361,1918,1881,1846,1758,1193,504,0,0,0,0
"Mellen","Ashland County","Wisconsin",717,731,845,935,1046,1168,1182,1306,1598,1629,1981,1833,0,0,0,0,0,0,0
"Melrose","Jackson County","Wisconsin",499,503,529,551,507,505,516,497,462,480,445,0,0,0,144,0,0,0,0
"Melvina","Monroe County","Wisconsin",104,104,93,115,117,116,111,121,135,143,0,0,0,0,0,0,0,0,0
"Menasha","Winnebago County","Wisconsin",17604,17353,16331,14711,14728,14836,14647,12385,10481,9062,7214,6081,5589,4581,3144,2484,1436,0,0
"Menomonee Falls","Waukesha County","Wisconsin",35974,35626,32647,26840,27845,31697,18276,2469,1469,1291,1019,919,687,422,366,0,0,0,0
"Menomonie","Dunn County","Wisconsin",16237,16264,14937,13547,12769,11112,8624,8245,6582,5595,5104,5036,5655,5491,2589,0,0,0,0
"Mequon","Ozaukee County","Wisconsin",23509,23132,21823,18885,16193,12150,8543,0,0,0,0,0,0,0,0,0,0,0,0
"Merrill","Lincoln County","Wisconsin",9364,9661,10146,9860,9578,9502,9451,8951,8711,8458,8068,8689,8537,6809,882,0,0,0,0
"Merrillan","Jackson County","Wisconsin",538,542,585,553,587,612,591,579,591,554,628,625,739,639,1003,0,0,0,0
"Merrimac","Sauk County","Wisconsin",439,420,416,392,365,376,297,317,234,250,270,312,350,0,147,0,0,0,0
"Merton","Waukesha County","Wisconsin",3529,3346,1926,1199,1045,646,407,343,254,232,0,0,0,0,210,0,0,0,0
"Middleton","Dane County","Wisconsin",18671,17442,15770,13289,11851,8246,4410,2110,1358,983,791,679,0,0,295,285,0,0,0
"Milladore","Wood County","Wisconsin",276,276,268,314,250,229,239,247,226,0,0,0,0,0,0,0,0,0,0
"Milltown","Polk County","Wisconsin",886,917,888,786,732,634,608,580,469,450,440,250,0,0,0,0,0,0,0
"Milton","Rock County","Wisconsin",5585,5546,5132,4434,4092,3699,1671,1549,1266,1128,834,833,0,685,508,0,0,0,0
"Milwaukee","Milwaukee County","Wisconsin",599642,594833,596974,628088,636297,717372,741324,637392,587472,578249,457147,373857,285315,204468,115587,71440,45246,20061,1712
"Mineral Point","Iowa County","Wisconsin",2489,2487,2617,2428,2259,2305,2385,2284,2275,2274,2569,2925,2991,2694,2915,3275,2389,0,0
"Minong","Washburn County","Wisconsin",512,527,531,521,557,420,348,357,308,292,230,0,0,0,0,0,0,0,0
"Mishicot","Manitowoc County","Wisconsin",1412,1442,1422,1296,1503,938,762,0,0,0,0,0,0,0,159,0,0,0,0
"Mondovi","Buffalo County","Wisconsin",2672,2777,2634,2491,2545,2338,2320,2285,2077,1623,1554,1325,1208,503,295,0,0,0,0
"Monona","Dane County","Wisconsin",7859,7533,8018,8637,8809,10420,8178,2544,1323,0,0,0,0,0,0,0,0,0,0
"Monroe","Green County","Wisconsin",10781,10827,10843,10241,10027,8654,8050,7037,6182,5015,4788,4410,3927,3768,3293,3408,939,0,0
"Montello","Marquette County","Wisconsin",1460,1495,1397,1329,1273,1082,1021,1069,1138,1245,1112,1104,0,760,394,0,0,0,0
"Montfort","Grant County","Wisconsin",701,718,663,676,616,518,538,576,615,554,598,558,627,407,64,0,0,0,0
"Monticello","Green County","Wisconsin",1220,1217,1146,1140,1021,870,789,792,716,644,677,671,559,407,156,0,0,0,0
"Montreal","Iron County","Wisconsin",804,807,838,838,887,877,1361,1439,1700,1819,1890,0,0,0,0,0,0,0,0
"Mosinee","Marathon County","Wisconsin",4046,3988,4063,3820,3015,2395,2067,1453,1361,1229,1161,482,657,427,201,0,0,0,0
"Mount Calvary","Fond du Lac County","Wisconsin",749,762,956,558,585,942,0,0,0,0,0,0,0,0,0,0,0,0,0
"Mount Hope","Grant County","Wisconsin",221,225,186,173,197,176,218,232,256,256,215,0,0,0,75,0,0,0,0
"Mount Horeb","Dane County","Wisconsin",7388,7009,5860,4182,3251,2402,1991,1716,1610,1425,1350,1048,864,0,42,0,0,0,0
"Mount Pleasant","Racine County","Wisconsin",26293,26197,0,0,0,0,0,0,0,0,0,0,0,0,0,0,0,0,0
"Mount Sterling","Crawford County","Wisconsin",207,211,215,217,223,181,161,205,264,0,0,0,0,0,95,0,0,0,0
"Mukwonago","Waukesha County","Wisconsin",7595,7355,6162,4457,4014,2367,1877,1207,855,846,697,615,0,356,239,0,0,0,0
"Muscoda","Grant County","Wisconsin",1270,1299,1453,1287,1331,1099,927,1046,902,900,903,798,743,605,740,0,0,0,0
"Muskego","Waukesha County","Wisconsin",24621,24135,21397,16813,15277,11573,8888,0,0,0,0,0,0,0,0,0,0,0,0
"Nashotah","Waukesha County","Wisconsin",1397,1395,1266,567,513,410,321,0,0,0,0,0,0,0,0,0,0,0,0
"Necedah","Juneau County","Wisconsin",915,916,888,743,773,740,691,862,838,761,852,1054,1209,1708,1475,944,0,0,0
"Neenah","Winnebago County","Wisconsin",25855,25501,24507,23219,22432,22902,18057,12437,10645,9151,7171,5734,5954,5083,4202,2655,1296,0,0
"Neillsville","Clark County","Wisconsin",2418,2463,2731,2680,2780,2750,2728,2663,2562,2118,2160,1957,2104,1936,1050,0,0,0,0
"Nekoosa","Wood County","Wisconsin",2498,2580,2590,2557,2519,2409,2515,2352,2212,2005,1639,1570,745,0,0,0,0,0,0
"Nelson","Buffalo County","Wisconsin",355,374,395,388,389,0,0,0,0,0,0,0,0,0,0,0,0,0,0
"Nelsonville","Portage County","Wisconsin",154,155,191,171,199,152,170,188,180,198,187,0,0,0,0,0,0,0,0
"Neosho","Dodge County","Wisconsin",557,574,593,658,575,400,345,287,255,262,296,304,0,0,197,0,0,0,0
"Neshkoro","Marquette County","Wisconsin",424,434,453,384,386,385,368,361,301,342,396,379,0,0,0,0,0,0,0
"New Auburn","Chippewa County","Wisconsin",559,548,562,485,466,368,383,371,398,376,386,364,0,0,0,0,0,0,0
"New Berlin","Waukesha County","Wisconsin",39842,39584,38220,33592,30529,26910,15788,0,0,0,0,0,0,0,0,0,0,0,0
"New Glarus","Green County","Wisconsin",2166,2172,2111,1899,1763,1454,1468,1224,1068,1010,981,708,0,356,0,0,0,0,0
"New Holstein","Calumet County","Wisconsin",3181,3236,3301,3342,3412,3012,2401,1831,1502,1274,1373,839,0,426,0,0,0,0,0
"New Lisbon","Juneau County","Wisconsin",2500,2554,1436,1491,1390,1361,1337,1482,1215,1076,994,1074,1014,990,1024,1221,0,0,0
"New London","Outagamie/Waupaca County","Wisconsin",7216,7295,7085,6658,6210,5801,5288,4922,4825,4661,4667,3383,2742,2050,1808,1015,468,0,0
"New Richmond","St. Croix County","Wisconsin",8679,8375,6310,5106,4306,3707,3316,2886,2388,2112,2248,1988,1631,1408,729,0,0,0,0
"Newburg","Ozaukee/Washington County","Wisconsin",1237,1254,1119,875,783,0,0,0,0,0,0,0,0,0,0,0,0,0,0
"Niagara","Marinette County","Wisconsin",1601,1624,1880,1999,2079,2347,2098,2022,2266,2033,1946,0,0,0,0,0,0,0,0
"Nichols","Outagamie County","Wisconsin",269,273,307,254,267,207,0,0,0,0,0,0,0,0,0,0,0,0,0
"North Bay","Racine County","Wisconsin",241,241,260,246,219,263,264,0,0,0,0,0,0,0,0,0,0,0,0
"North Fond du Lac","Fond du Lac County","Wisconsin",5027,5014,4557,4292,3844,3286,2549,2291,2083,2244,2150,1960,0,0,0,0,0,0,0
"North Freedom","Sauk County","Wisconsin",707,701,649,591,616,596,579,611,547,554,621,647,485,316,0,0,0,0,0
"North Hudson","St. Croix County","Wisconsin",3815,3768,3463,3101,2218,1547,1019,787,595,625,586,0,0,0,100,0,0,0,0
"North Prairie","Waukesha County","Wisconsin",2145,2141,1571,1322,938,669,489,424,375,292,263,0,0,0,0,0,0,0,0
"Norwalk","Monroe County","Wisconsin",640,638,653,564,517,432,484,519,551,565,531,502,357,0,281,0,0,0,0
"Oak Creek","Milwaukee County","Wisconsin",35053,34451,28456,19513,16932,13928,9372,0,0,0,0,0,0,0,0,0,0,0,0
"Oakdale","Monroe County","Wisconsin",290,297,297,162,0,0,0,0,0,0,0,0,0,0,0,0,0,0,0
"Oakfield","Fond du Lac County","Wisconsin",1073,1075,1012,1003,990,918,772,697,655,577,556,522,0,0,315,0,0,0,0
"Oconomowoc","Waukesha County","Wisconsin",16319,15759,12382,10993,9909,8741,6682,5345,4562,4190,3301,3054,2880,2729,2174,1408,699,0,0
"Oconomowoc Lake","Waukesha County","Wisconsin",607,595,564,493,524,599,414,0,0,0,0,0,0,0,0,0,0,0,0
"Oconto","Oconto County","Wisconsin",4483,4513,4708,4474,4505,4667,4805,5055,5362,5030,4920,5629,5646,5219,4171,2655,885,0,0
"Oconto Falls","Oconto County","Wisconsin",2846,2891,2843,2584,2500,2517,2331,2050,1888,1921,1914,1427,0,0,0,0,0,0,0
"Ogdensburg","Waupaca County","Wisconsin",184,185,224,220,214,206,181,221,207,176,237,0,0,0,0,0,0,0,0
"Oliver","Douglas County","Wisconsin",399,399,358,265,253,210,222,210,201,167,153,0,0,0,0,0,0,0,0
"Omro","Winnebago County","Wisconsin",3542,3517,3177,2836,2763,2341,1991,1470,1401,1255,1042,1285,1358,1232,1476,1838,0,0,0
"Onalaska","La Crosse County","Wisconsin",18385,17736,14839,11284,9249,4909,3161,2561,1742,1408,1066,1146,1368,1587,826,0,0,0,0
"Ontario","Vernon County","Wisconsin",554,554,476,407,398,392,448,527,533,330,311,304,389,0,179,0,0,0,0
"Oostburg","Sheboygan County","Wisconsin",2942,2887,2660,1931,1647,1309,1065,895,742,671,497,380,0,0,0,0,0,0,0
"Oregon","Dane County","Wisconsin",9871,9231,7514,4519,3876,2553,1701,1341,1005,857,871,712,697,595,527,0,0,0,0
"Orfordville","Rock County","Wisconsin",1487,1442,1272,1219,1143,888,665,543,510,502,496,449,0,0,153,0,0,0,0
"Osceola","Polk County","Wisconsin",2511,2568,2421,2075,1581,1152,942,700,642,607,674,634,466,384,311,0,0,0,0
"Oshkosh","Winnebago County","Wisconsin",66621,66083,62916,55006,49620,53082,45110,41084,39089,40108,33162,33062,28284,22836,15748,12663,6086,0,0
"Osseo","Trempealeau County","Wisconsin",1705,1701,1669,1551,1474,1356,1144,1126,1105,933,802,548,472,0,149,0,0,0,0
"Owen","Clark County","Wisconsin",930,940,936,895,998,1031,1098,1034,1083,1102,1083,745,0,0,0,0,0,0,0
"Oxford","Marquette County","Wisconsin",591,607,536,499,432,453,548,509,404,397,416,0,0,0,0,0,0,0,0
"Paddock Lake","Kenosha County","Wisconsin",3013,2992,3012,2662,2207,1470,0,0,0,0,0,0,0,0,0,0,0,0,0
"Palmyra","Jefferson County","Wisconsin",1780,1781,1766,1539,1515,1341,1000,862,711,642,685,649,716,567,598,703,0,0,0
"Pardeeville","Columbia County","Wisconsin",2096,2115,1982,1630,1594,1507,1331,1112,1001,873,878,987,788,0,0,205,0,81,0
"Park Falls","Price County","Wisconsin",2359,2462,2793,3104,3192,2953,2919,2924,3252,3036,2676,1972,0,0,0,0,0,0,0
"Park Ridge","Portage County","Wisconsin",506,491,488,546,643,817,504,314,210,0,0,0,0,0,0,0,0,0,0
"Patch Grove","Grant County","Wisconsin",195,198,166,202,259,187,208,203,195,243,0,0,0,0,0,177,0,0,0
"Pepin","Pepin County","Wisconsin",805,837,878,873,890,747,825,840,754,603,555,397,407,369,0,0,0,0,0
"Peshtigo","Marinette County","Wisconsin",3449,3502,3357,3154,2807,2836,2504,2279,1947,1579,1440,1975,0,1719,0,0,0,0,0
"Pewaukee","Waukesha County","Wisconsin",13942,13195,11783,0,0,0,0,0,0,0,0,0,0,0,0,0,0,0,0
"Pewaukee","Waukesha County","Wisconsin",8236,8166,8170,4941,4637,3271,2484,1792,1352,1067,800,749,714,680,566,0,0,0,0
"Phillips","Price County","Wisconsin",1401,1478,1675,1592,1522,1511,1524,1775,1915,1901,1973,1948,1820,0,0,0,0,0,0
"Pigeon Falls","Trempealeau County","Wisconsin",418,411,388,289,338,198,207,0,0,0,0,0,0,0,0,0,0,0,0
"Pittsville","Wood County","Wisconsin",855,874,866,838,810,708,661,636,556,508,504,450,634,653,163,0,0,0,0
"Plain","Sauk County","Wisconsin",779,773,792,691,676,688,677,512,405,331,324,0,0,0,0,0,0,0,0
"Plainfield","Waushara County","Wisconsin",840,862,899,839,813,642,660,680,571,537,580,723,728,459,348,0,0,0,0
"Platteville","Grant County","Wisconsin",12281,11224,9989,9708,9580,9599,6957,5751,4762,4047,4353,4452,3340,2740,2687,2537,0,0,0
"Pleasant Prairie","Kenosha County","Wisconsin",20400,19719,16136,11961,0,0,0,0,0,0,0,0,0,0,0,0,0,0,0
"Plover","Portage County","Wisconsin",12326,12123,10520,8176,5310,0,0,0,0,0,0,0,0,319,412,0,0,0,0
"Plum City","Pierce County","Wisconsin",585,599,574,534,505,451,384,355,368,320,327,305,0,0,0,0,0,0,0
"Plymouth","Sheboygan County","Wisconsin",8433,8445,7781,6769,6027,5810,5128,4543,4170,3882,3415,3094,2257,1503,1052,0,0,0,0
"Poplar","Douglas County","Wisconsin",601,603,552,516,569,455,475,489,462,449,357,0,0,0,0,0,0,0,0
"Port Edwards","Wood County","Wisconsin",1751,1818,1944,1848,2077,2126,1849,1336,1192,988,755,758,0,0,136,0,0,0,0
"Port Washington","Ozaukee County","Wisconsin",11586,11250,10467,9338,8612,8752,5984,4755,4046,3693,3340,3792,3010,1649,1386,0,0,0,0
"Portage","Columbia County","Wisconsin",10178,10324,9728,8640,7896,7821,7822,7334,7016,6308,5582,5440,5459,5143,4346,3945,2879,603,0
"Potosi","Grant County","Wisconsin",677,688,711,654,736,713,589,556,506,447,501,464,434,0,466,0,0,0,0
"Potter","Calumet County","Wisconsin",252,253,223,252,0,0,0,0,0,0,0,0,0,0,0,0,0,0,0
"Pound","Marinette County","Wisconsin",375,377,355,434,407,284,273,354,310,246,228,0,0,0,0,0,0,0,0
"Poynette","Columbia County","Wisconsin",2505,2528,2266,1662,1447,1118,1090,969,870,672,724,656,533,517,366,300,0,0,0
"Prairie du Chien","Crawford County","Wisconsin",5757,5911,6018,5659,5859,5540,5649,5392,4622,3943,3537,3149,3232,3131,2777,2700,0,0,0
"Prairie du Sac","Sauk County","Wisconsin",4225,3972,3231,2380,2145,1902,1676,1402,1001,949,866,699,656,562,433,0,0,0,0
"Prairie Farm","Barron County","Wisconsin",455,473,508,494,387,426,350,343,335,301,299,368,0,0,80,0,0,0,0
"Prentice","Price County","Wisconsin",630,660,626,571,605,519,427,477,452,437,588,606,939,365,0,0,0,0,0
"Prescott","Pierce County","Wisconsin",4227,4258,3764,3243,2654,2331,1536,1005,857,755,892,936,1002,911,975,1138,1031,0,0
"Princeton","Green Lake County","Wisconsin",1187,1214,1504,1458,1479,1446,1509,1371,1247,1183,1275,1269,1202,986,961,705,0,0,0
"Pulaski","Brown County","Wisconsin",3548,3539,3060,2200,1875,1717,1540,1210,979,839,718,436,0,0,0,0,0,0,0
"Racine","Racine County","Wisconsin",78065,78860,81855,84298,85725,95162,89144,71193,67195,67542,58593,38002,29102,21014,16031,9880,7822,5107,0
"Radisson","Sawyer County","Wisconsin",244,241,222,237,280,206,179,0,0,0,0,0,0,0,0,0,0,0,0
"Randolph","Columbia/Dodge County","Wisconsin",1777,1811,1869,1729,1691,1582,1507,1350,1146,1161,1183,937,738,405,421,61,0,0,0
"Random Lake","Sheboygan County","Wisconsin",1589,1594,1551,1439,1287,1068,858,679,613,576,479,408,0,0,158,0,0,0,0
"Readstown","Vernon County","Wisconsin",417,415,395,420,396,395,469,541,584,544,546,515,403,0,0,0,0,0,0
"Redgranite","Waushara County","Wisconsin",2130,2149,1040,1009,976,645,588,648,857,977,1012,1521,0,0,0,0,0,0,0
"Reedsburg","Sauk County","Wisconsin",9533,9200,7827,5834,5038,4585,4371,4072,3608,2967,2997,2615,2225,1737,1331,547,461,0,0
"Reedsville","Manitowoc County","Wisconsin",1183,1206,1187,1182,1134,994,830,691,729,617,571,550,428,0,140,0,0,0,0
"Reeseville","Dodge County","Wisconsin",690,708,703,673,649,566,491,470,407,422,423,352,393,329,248,0,0,0,0
"Rewey","Iowa County","Wisconsin",297,292,311,220,233,232,219,252,267,249,324,329,0,0,0,0,0,0,0
"Rhinelander","Oneida County","Wisconsin",7497,7798,7735,7427,7873,8218,8790,8774,8501,8019,6654,5637,4998,2658,0,0,0,0,0
"Rib Lake","Taylor County","Wisconsin",900,910,878,887,945,782,794,853,1042,1180,1020,1018,0,0,0,0,0,0,0
"Rice Lake","Barron County","Wisconsin",8286,8438,8320,7998,7691,7278,7303,6898,5719,5177,4457,3968,3002,2130,362,0,0,0,0
"Richfield","? County","Wisconsin",11460,11300,0,0,0,0,0,0,0,0,0,0,0,0,0,0,0,0,0
"Richland Center","Richland County","Wisconsin",5066,5184,5114,5018,4997,5086,4746,4608,4364,3632,3409,2652,2321,1819,1227,0,0,0,0
"Ridgeland","Dunn County","Wisconsin",277,273,265,246,300,266,288,273,242,197,0,0,0,0,0,0,0,0,0
"Ridgeway","Iowa County","Wisconsin",645,653,689,577,503,463,455,410,431,365,428,437,0,0,0,0,0,0,0
"Rio","Columbia County","Wisconsin",1049,1059,938,768,785,792,788,741,696,641,620,704,479,339,230,300,0,0,0
"Ripon","Fond du Lac County","Wisconsin",7778,7733,6828,7241,7111,7053,6163,5619,4566,3984,3929,3739,3818,3358,3117,2976,2025,0,0
"River Falls","Pierce County","Wisconsin",15175,15000,12560,10610,9019,7238,4857,3877,2806,2363,2273,1991,2008,1783,1499,741,272,0,0
"River Hills","Milwaukee County","Wisconsin",1607,1597,1631,1612,1642,1561,1257,567,541,0,0,0,0,0,0,0,0,0,0
"Roberts","St. Croix County","Wisconsin",1637,1651,969,1043,833,484,308,290,0,0,0,0,0,0,86,0,0,0,0
"Rochester","Racine County","Wisconsin",3732,3682,1149,978,746,436,413,333,288,246,220,0,0,0,284,392,306,0,0
"Rock Springs","Sauk County","Wisconsin",369,362,425,432,426,432,463,442,395,470,542,444,430,332,163,0,0,0,0
"Rockdale","Dane County","Wisconsin",220,214,214,235,200,172,191,161,136,135,139,0,0,0,0,0,0,0,0
"Rockland","La Crosse County","Wisconsin",624,594,628,509,383,278,257,216,171,190,164,0,0,0,0,0,0,0,0
"Rosendale","Fond du Lac County","Wisconsin",1046,1063,923,777,725,464,415,388,317,305,305,0,0,0,0,0,0,0,0
"Rosholt","Portage County","Wisconsin",497,506,518,512,520,466,497,508,523,515,448,383,0,0,0,0,0,0,0
"Rothschild","Marathon County","Wisconsin",5305,5269,4970,3310,3338,3141,2550,1425,812,499,413,0,0,0,0,0,0,0,0
"Rudolph","Wood County","Wisconsin",433,439,423,451,392,349,0,0,0,0,0,0,0,0,0,0,0,0,0
"Sauk City","Sauk County","Wisconsin",3479,3410,3109,3019,2703,2385,2095,1755,1325,1137,1162,867,810,876,917,0,0,0,0
"Saukville","Ozaukee County","Wisconsin",4482,4451,4068,3695,3494,1389,1038,699,431,399,330,0,0,0,0,0,0,0,0
"Scandinavia","Waupaca County","Wisconsin",362,363,349,298,292,268,266,286,295,350,373,355,320,0,94,0,0,0,0
"Schofield","Marathon County","Wisconsin",2149,2169,2117,2415,2226,2577,3038,1948,1536,1287,1049,889,0,0,0,0,0,0,0
"Seymour","Outagamie County","Wisconsin",3442,3451,3335,2782,2530,2194,2045,1760,1365,1201,1280,1109,1026,733,850,0,0,0,0
"Sharon","Walworth County","Wisconsin",1596,1605,1549,1250,1280,1216,1167,1013,812,733,908,879,945,878,657,0,0,0,0
"Shawano","Shawano County","Wisconsin",9169,9305,8298,7598,7013,6488,6013,5894,5565,4188,3544,2923,1863,1505,890,0,0,0,0
"Sheboygan","Sheboygan County","Wisconsin",48775,49288,50792,49676,48085,48484,45747,42365,40638,39251,30955,26398,22962,16359,7314,5310,4262,0,0
"Sheboygan Falls","Sheboygan County","Wisconsin",7816,7775,6772,5823,5253,4771,4061,3599,3395,2934,2002,1630,1301,1118,1148,1174,0,0,0
"Sheldon","Rusk County","Wisconsin",228,237,256,268,292,218,240,271,199,161,123,0,0,0,0,0,0,0,0
"Shell Lake","Washburn County","Wisconsin",1327,1347,1309,1161,1135,928,1016,954,872,826,920,902,0,0,0,0,0,0,0
"Sherwood","Calumet County","Wisconsin",2821,2713,1550,837,372,350,0,0,0,0,0,0,0,0,0,0,0,0,0
"Shiocton","Outagamie County","Wisconsin",924,921,954,913,805,830,685,673,592,506,501,536,0,0,0,0,0,0,0
"Shorewood Hills","Dane County","Wisconsin",2039,1565,1732,1680,1837,2206,2320,1594,1064,347,0,0,0,0,0,0,0,0,0
"Shorewood","Milwaukee County","Wisconsin",13331,13162,13763,14116,14327,15576,15990,16199,15184,13479,2650,707,0,0,0,0,0,0,0
"Shullsburg","Lafayette County","Wisconsin",1215,1226,1246,1236,1484,1376,1324,1306,1197,1041,1158,1068,1250,1393,1168,0,0,0,0
"Silver Lake","Kenosha County","Wisconsin",2419,2411,2341,1801,1598,1210,1077,603,365,356,0,0,0,0,0,0,0,0,0
"Siren","Burnett County","Wisconsin",789,806,988,863,896,639,679,613,0,0,0,0,0,0,0,0,0,0,0
"Sister Bay","Door County","Wisconsin",919,876,886,675,564,483,520,429,309,238,190,0,0,0,0,0,0,0,0
"Slinger","Washington County","Wisconsin",5172,5068,3901,2340,1612,1216,1141,919,775,769,730,538,549,432,358,0,0,0,0
"Soldiers Grove","Crawford County","Wisconsin",561,592,653,564,622,514,663,781,77,710,653,667,680,0,196,0,0,0,0
"Solon Springs","Douglas County","Wisconsin",604,600,576,575,590,598,530,480,392,282,0,0,0,0,0,0,0,0,0
"Somerset","St. Croix County","Wisconsin",2674,2635,1556,1065,860,778,729,531,476,480,406,0,0,0,77,0,0,0,0
"South Milwaukee","Milwaukee County","Wisconsin",21236,21156,21256,20958,21069,23297,20307,12855,11134,10706,7598,6092,3392,0,0,0,0,0,0
"South Wayne","Lafayette County","Wisconsin",482,489,484,478,495,436,354,328,331,316,290,0,0,285,0,0,0,0,0
"Sparta","Monroe County","Wisconsin",9667,9522,8648,7788,6934,6258,6080,5893,5820,4949,4466,3973,3555,2795,2387,2314,1284,0,0
"Spencer","Marathon County","Wisconsin",1935,1925,1932,1757,1754,1181,897,757,506,456,482,362,0,526,0,0,0,0,0
"Spooner","Washburn County","Wisconsin",2616,2682,2653,2464,2365,2444,2398,2597,2639,2426,2293,1453,0,0,0,0,0,0,0
"Spring Green","Sauk County","Wisconsin",1648,1628,1444,1283,1265,1199,1146,1064,868,779,690,730,621,625,450,422,0,0,0
"Spring Valley","Pierce County","Wisconsin",1356,1352,1189,1051,982,995,977,975,973,896,939,972,1021,0,0,0,0,0,0
"St. Cloud","Fond du Lac County","Wisconsin",463,477,497,494,560,550,530,408,353,365,367,309,0,0,183,0,0,0,0
"St. Croix Falls","Polk County","Wisconsin",2076,2133,2033,1640,1497,1425,1249,1065,1007,952,825,569,622,745,216,288,0,0,0
"St. Francis","Milwaukee County","Wisconsin",9547,9365,8662,9245,10095,10489,10065,0,0,0,0,0,0,0,0,0,0,0,0
"St. Nazianz","Manitowoc County","Wisconsin",764,783,749,693,738,718,669,0,0,0,0,0,0,0,0,0,0,0,0
"Stanley","Chippewa County","Wisconsin",3617,3608,1898,2011,2095,2049,2014,2014,2021,1988,2577,2675,2387,0,0,0,0,0,0
"Star Prairie","St. Croix County","Wisconsin",568,561,574,507,420,362,331,288,250,250,265,253,0,0,0,0,0,0,0
"Stetsonville","Taylor County","Wisconsin",530,541,563,511,487,305,319,334,0,0,0,0,0,0,0,0,0,0,0
"Steuben","Crawford County","Wisconsin",129,131,177,161,175,179,193,264,321,262,305,237,0,0,0,0,0,0,0
"Stevens Point","Portage County","Wisconsin",26658,26717,24551,23006,22970,23479,17837,16564,15777,13623,11371,8692,9524,7896,4449,1810,148,0,0
"Stockbridge","Calumet County","Wisconsin",630,636,649,579,567,582,476,409,386,377,387,328,0,0,0,0,0,0,0
"Stockholm","Pepin County","Wisconsin",66,66,97,89,104,99,106,124,179,205,207,204,0,0,0,0,0,0,0
"Stoddard","Vernon County","Wisconsin",805,774,815,775,762,750,552,459,368,316,305,343,0,0,0,0,0,0,0
"Stoughton","Dane County","Wisconsin",13039,12611,12354,8786,7589,6096,5555,4833,4743,4497,5101,4761,3431,2470,1353,985,0,70,0
"Stratford","Marathon County","Wisconsin",1576,1578,1523,1515,1385,1239,1106,962,879,960,1014,763,0,0,0,0,0,0,0
"Strum","Trempealeau County","Wisconsin",1130,1114,1001,949,944,738,663,542,0,0,0,0,0,0,0,0,0,0,0
"Sturgeon Bay","Door County","Wisconsin",9044,9144,9437,9176,8847,6776,7353,7054,5439,4983,4553,4262,3372,2195,1199,0,0,0,0
"Sturtevant","Racine County","Wisconsin",6981,6970,5287,3803,4130,3376,1488,1176,803,746,564,525,0,0,0,0,0,0,0
"Suamico","? County","Wisconsin",11878,11346,0,0,0,0,0,0,0,0,0,0,0,0,0,0,0,0,0
"Sullivan","Jefferson County","Wisconsin",668,669,688,432,434,467,418,349,286,323,320,0,0,0,0,0,0,0,0
"Summit","? County","Wisconsin",4814,0,0,0,0,0,0,0,0,0,0,0,0,0,0,0,0,0,0
"Sun Prairie","Dane County","Wisconsin",31752,29364,20369,15333,12931,9935,4008,2263,1625,1337,1236,1119,938,704,597,626,0,0,0
"Superior","Douglas County","Wisconsin",26705,27244,27368,27134,29571,32237,33563,35525,35136,36113,39671,40384,31091,11983,0,0,0,0,0
"Superior","Douglas County","Wisconsin",665,664,500,481,580,476,374,339,0,0,0,0,0,0,0,0,0,0,0
"Suring","Oconto County","Wisconsin",530,544,605,626,581,499,513,546,437,421,294,0,0,0,0,0,0,0,0
"Sussex","Waukesha County","Wisconsin",10740,10518,8828,5039,3482,2758,1087,679,548,496,0,0,0,0,131,0,0,0,0
"Taylor","Jackson County","Wisconsin",477,476,513,419,411,322,334,350,314,339,313,0,0,0,54,0,0,0,0
"Tennyson","Grant County","Wisconsin",349,355,370,378,476,402,314,211,0,0,0,0,0,0,0,0,0,0,0
"Theresa","Dodge County","Wisconsin",1220,1262,1252,771,766,611,576,461,418,427,381,345,355,0,277,0,0,0,0
"Thiensville","Ozaukee County","Wisconsin",3186,3235,3254,3301,3341,3182,2507,897,500,500,334,0,0,0,0,0,0,0,0
"Thorp","Clark County","Wisconsin",1620,1621,1536,1657,1635,1469,1496,1383,1052,892,796,741,838,723,0,0,0,0,0
"Tigerton","Shawano County","Wisconsin",728,741,764,815,865,742,781,827,794,831,748,728,723,0,0,0,0,0,0
"Tomah","Monroe County","Wisconsin",9328,9093,8419,7570,7204,5647,5321,4760,3817,3354,3257,3419,2840,2199,1245,837,0,0,0
"Tomahawk","Lincoln County","Wisconsin",3277,3397,3770,3328,3527,3419,3348,3534,3365,2919,2898,2907,2291,1816,0,0,0,0,0
"Tony","Rusk County","Wisconsin",109,113,105,114,146,144,162,182,186,160,216,0,0,0,0,0,0,0,0
"Trempealeau","Trempealeau County","Wisconsin",1613,1529,1319,1039,956,743,704,645,527,541,536,535,609,0,615,0,0,0,0
"Turtle Lake","Barron County","Wisconsin",1035,1050,1065,817,762,637,691,696,616,598,679,442,326,0,0,0,0,0,0
"Twin Lakes","Kenosha County","Wisconsin",6102,5989,5124,3989,3474,2276,1497,637,409,0,0,0,0,0,0,0,0,0,0
"Two Rivers","Manitowoc County","Wisconsin",11437,11712,12639,13030,13354,13732,12393,10243,10302,10083,7305,4850,3784,2870,2052,1365,1337,0,0
"Union Center","Juneau County","Wisconsin",197,200,214,197,216,205,252,261,190,157,170,0,0,0,0,0,0,0,0
"Union Grove","Racine County","Wisconsin",4898,4915,4322,3669,3517,2703,1970,1358,971,755,729,616,520,432,412,0,0,0,0
"Unity","Clark/Marathon County","Wisconsin",342,343,368,452,418,363,386,355,286,319,405,363,0,0,0,0,0,0,0
"Valders","Manitowoc County","Wisconsin",945,962,948,905,984,821,622,560,580,504,0,0,0,0,0,0,0,0,0
"Verona","Dane County","Wisconsin",12003,10619,7052,5374,3336,2334,1471,748,535,455,0,0,0,0,0,0,0,0,0
"Vesper","Wood County","Wisconsin",565,584,541,598,554,355,351,342,0,0,0,0,0,0,0,0,0,0,0
"Viola","Richland/Vernon County","Wisconsin",684,699,667,644,696,659,721,785,825,699,858,671,432,0,0,0,0,0,0
"Viroqua","Vernon County","Wisconsin",4369,4362,4335,3922,3716,3739,3926,3795,3549,2792,2574,2059,1950,1270,762,0,0,0,0
"Waldo","Sheboygan County","Wisconsin",495,503,450,442,416,408,403,367,324,315,0,0,0,0,110,0,0,0,0
"Wales","Waukesha County","Wisconsin",2570,2549,2523,2471,1992,691,356,237,170,132,0,0,0,0,0,0,0,0,0
"Walworth","Walworth County","Wisconsin",2830,2816,2304,1614,1607,1637,1494,1137,875,920,757,755,0,0,0,0,0,0,0
"Warrens","Monroe County","Wisconsin",352,363,286,343,300,0,0,0,0,0,0,0,0,0,0,0,0,0,0
"Washburn","Bayfield County","Wisconsin",2068,2117,2280,2285,2080,1957,1896,2070,2363,2238,3707,3830,0,3039,0,0,0,0,0
"Waterford","Racine County","Wisconsin",5349,5368,4048,2431,2051,1922,1500,1100,786,739,668,581,0,448,0,545,418,0,0
"Waterloo","Jefferson County","Wisconsin",3345,3333,3259,2712,2393,2253,1947,1667,1474,1272,1262,1220,1137,862,719,727,0,0,0
"Watertown","Dodge/Jefferson County","Wisconsin",23891,23861,21598,19142,18113,15683,13943,12417,11301,10613,9299,8829,8437,8755,7883,7550,5302,1451,0
"Waukesha","Waukesha County","Wisconsin",71489,70718,64825,56958,50365,39695,30004,21233,19242,17176,12558,8740,7419,6321,2969,2633,1456,0,0
"Waunakee","Dane County","Wisconsin",13067,12097,8995,5897,3866,2181,1611,1042,773,640,560,550,443,312,279,0,0,0,0
"Waupaca","Waupaca County","Wisconsin",6018,6069,5676,4957,4472,4342,3984,3921,3458,3131,2839,2789,2912,2127,1392,0,0,0,0
"Waupun","Dodge/Fond du Lac County","Wisconsin",11377,11340,10718,8207,8132,7946,7935,6725,6798,5768,4440,3362,3185,2757,2353,1935,1736,0,0
"Wausau","Marathon County","Wisconsin",39302,39106,38426,37060,32426,32806,31943,30414,27268,23758,18951,16560,12354,9253,4277,1349,543,0,0
"Wausaukee","Marinette County","Wisconsin",574,575,572,656,648,557,608,612,655,663,0,0,0,0,0,0,0,0,0
"Wautoma","Waushara County","Wisconsin",2153,2218,1998,1784,1629,1624,1466,1376,1180,1044,1046,964,0,0,295,0,0,0,0
"Wauwatosa","Milwaukee County","Wisconsin",47102,46396,47271,49366,51308,58676,56923,33324,27769,21194,5818,3346,2842,0,0,0,0,0,0
"Wauzeka","Crawford County","Wisconsin",721,711,768,595,580,437,494,564,513,519,479,476,471,0,0,0,0,0,0
"Webster","Burnett County","Wisconsin",636,653,653,623,610,502,514,552,524,501,399,0,0,0,0,0,0,0,0
"West Allis","Milwaukee County","Wisconsin",60624,60411,61254,63221,63982,71649,68157,42959,36364,34671,13745,6645,0,0,0,0,0,0,0
"West Baraboo","Sauk County","Wisconsin",1436,1414,1248,1021,846,563,613,0,0,0,0,0,0,0,0,0,0,0,0
"West Bend","Washington County","Wisconsin",31692,31078,28152,23916,21484,16555,9969,6849,5452,4760,3378,2462,2119,1296,1273,1058,0,0,0
"West Milwaukee","Milwaukee County","Wisconsin",4217,4206,4201,3973,3535,4405,5043,5429,5010,4168,2101,1458,0,0,0,0,0,0,0
"West Salem","La Crosse County","Wisconsin",5008,4799,4540,3611,3276,2180,1707,1376,1254,1011,1027,840,725,542,432,0,0,0,0
"Westby","Vernon County","Wisconsin",2259,2200,2045,1866,1797,1568,1544,1491,1438,1366,1228,902,524,0,0,0,0,0,0
"Westfield","Marquette County","Wisconsin",1225,1254,1217,1125,1033,884,919,935,851,769,858,729,0,500,283,0,0,0,0
"Weston","Marathon County","Wisconsin",14988,14868,12079,9714,8775,3375,0,0,0,0,0,0,0,0,0,0,0,0,0
"Weyauwega","Waupaca County","Wisconsin",1875,1900,1806,1665,1549,1377,1239,1207,1173,1067,938,967,911,706,722,0,0,0,0
"Weyerhaeuser","Rusk County","Wisconsin",229,238,353,283,313,285,339,331,298,321,368,371,0,0,0,0,0,0,0
"Wheeler","Dunn County","Wisconsin",336,348,317,348,231,212,227,235,272,229,0,0,0,0,0,0,0,0,0
"White Lake","Langlade County","Wisconsin",342,363,329,304,309,309,325,408,548,530,0,0,0,0,0,0,0,0,0
"Whitefish Bay","Milwaukee County","Wisconsin",14122,14110,14163,14272,14930,17402,18390,14665,9651,5362,882,542,512,0,0,0,0,0,0
"Whitehall","Trempealeau County","Wisconsin",1573,1558,1651,1494,1530,1486,1446,1379,1035,915,851,703,600,304,267,0,0,0,0
"Whitelaw","Manitowoc County","Wisconsin",751,757,730,700,649,557,420,0,0,0,0,0,0,0,0,0,0,0,0
"Whitewater","Walworth County","Wisconsin",15040,14390,13437,12636,11520,12038,6380,5101,3689,3465,3215,3224,3405,4359,3617,0,2731,0,0
"Whiting","Portage County","Wisconsin",1733,1724,1760,1838,2050,1782,1193,854,0,0,0,0,0,0,0,0,0,0,0
"Wild Rose","Waushara County","Wisconsin",704,725,765,676,741,585,594,582,559,512,576,551,0,0,25,0,0,0,0
"Williams Bay","Walworth County","Wisconsin",2605,2564,2415,2108,1763,1554,1347,1118,717,630,436,0,0,0,0,0,0,0,0
"Wilson","St. Croix County","Wisconsin",185,184,176,163,155,130,140,174,188,200,222,0,0,393,442,0,0,0,0
"Wilton","Monroe County","Wisconsin",507,504,519,478,465,516,578,533,486,449,519,510,400,0,140,0,0,0,0
"Wind Point","Racine County","Wisconsin",1713,1723,1853,1941,1695,1251,463,0,0,0,0,0,0,0,0,0,0,0,0
"Winneconne","Winnebago County","Wisconsin",2441,2383,2401,2059,1935,1611,1273,1078,931,821,745,940,1042,1086,978,1159,0,0,0
"Winter","Sawyer County","Wisconsin",302,313,344,383,376,0,0,0,0,0,0,0,0,0,0,0,0,0,0
"Wisconsin Dells","Columbia/Sauk County","Wisconsin",2712,2678,2418,2393,2521,2401,2105,1957,1762,1489,1206,1170,1134,961,945,1114,0,0,0
"Wisconsin Rapids","Wood County","Wisconsin",17966,18367,18435,18245,17995,18587,15042,13496,11416,8726,7243,6521,4493,1702,1350,1115,0,0,0
"Withee","Clark County","Wisconsin",477,487,508,503,509,480,442,421,329,380,380,443,0,0,0,0,0,0,0
"Wittenberg","Shawano County","Wisconsin",1036,1081,1177,1145,997,895,892,874,900,863,854,1090,798,726,0,0,0,0,0
"Wonewoc","Juneau County","Wisconsin",796,816,834,793,842,835,878,961,793,717,798,789,811,619,635,0,0,0,0
"Woodman","Grant County","Wisconsin",130,132,96,120,116,102,112,149,108,101,138,0,0,0,111,0,0,0,0
"Woodville","St. Croix County","Wisconsin",1358,1344,1104,942,725,522,430,410,408,403,298,0,0,0,0,0,0,0,0
"Wrightstown","Brown County","Wisconsin",3308,2827,1934,1262,1169,1020,840,761,718,612,571,525,420,476,450,0,0,0,0
"Wyeville","Monroe County","Wisconsin",147,147,146,154,163,203,220,195,219,140,0,0,0,0,0,0,0,0,0
"Wyocena","Columbia County","Wisconsin",750,768,668,620,548,809,747,714,706,490,425,425,0,0,219,270,0,101,0
"Yuba","Richland County","Wisconsin",72,74,92,77,72,79,91,119,116,0,0,0,0,0,0,0,0,0,0
